"trimestre","componente","taxa","valor_pct"
"199601","PIB a preços de mercado","Taxa trimestral (em relação ao mesmo período do ano anterior)",-0.6
"199602","PIB a preços de mercado","Taxa trimestral (em relação ao mesmo período do ano anterior)",1.3
"199603","PIB a preços de mercado","Taxa trimestral (em relação ao mesmo período do ano anterior)",5.6
"199604","PIB a preços de mercado","Taxa trimestral (em relação ao mesmo período do ano anterior)",2.3
"199701","PIB a preços de mercado","Taxa trimestral (em relação ao mesmo período do ano anterior)",3.4
"199702","PIB a preços de mercado","Taxa trimestral (em relação ao mesmo período do ano anterior)",4.8
"199703","PIB a preços de mercado","Taxa trimestral (em relação ao mesmo período do ano anterior)",1.8
"199704","PIB a preços de mercado","Taxa trimestral (em relação ao mesmo período do ano anterior)",3.7
"199801","PIB a preços de mercado","Taxa trimestral (em relação ao mesmo período do ano anterior)",1
"199802","PIB a preços de mercado","Taxa trimestral (em relação ao mesmo período do ano anterior)",1.5
"199803","PIB a preços de mercado","Taxa trimestral (em relação ao mesmo período do ano anterior)",0.4
"199804","PIB a preços de mercado","Taxa trimestral (em relação ao mesmo período do ano anterior)",-1.4
"199901","PIB a preços de mercado","Taxa trimestral (em relação ao mesmo período do ano anterior)",0.8
"199902","PIB a preços de mercado","Taxa trimestral (em relação ao mesmo período do ano anterior)",-0.4
"199903","PIB a preços de mercado","Taxa trimestral (em relação ao mesmo período do ano anterior)",-0.6
"199904","PIB a preços de mercado","Taxa trimestral (em relação ao mesmo período do ano anterior)",2.2
"200001","PIB a preços de mercado","Taxa trimestral (em relação ao mesmo período do ano anterior)",4.4
"200002","PIB a preços de mercado","Taxa trimestral (em relação ao mesmo período do ano anterior)",4
"200003","PIB a preços de mercado","Taxa trimestral (em relação ao mesmo período do ano anterior)",4.6
"200004","PIB a preços de mercado","Taxa trimestral (em relação ao mesmo período do ano anterior)",4.6
"200101","PIB a preços de mercado","Taxa trimestral (em relação ao mesmo período do ano anterior)",3.5
"200102","PIB a preços de mercado","Taxa trimestral (em relação ao mesmo período do ano anterior)",2.3
"200103","PIB a preços de mercado","Taxa trimestral (em relação ao mesmo período do ano anterior)",0.5
"200104","PIB a preços de mercado","Taxa trimestral (em relação ao mesmo período do ano anterior)",-0.5
"200201","PIB a preços de mercado","Taxa trimestral (em relação ao mesmo período do ano anterior)",0.5
"200202","PIB a preços de mercado","Taxa trimestral (em relação ao mesmo período do ano anterior)",2.3
"200203","PIB a preços de mercado","Taxa trimestral (em relação ao mesmo período do ano anterior)",4.2
"200204","PIB a preços de mercado","Taxa trimestral (em relação ao mesmo período do ano anterior)",5.2
"200301","PIB a preços de mercado","Taxa trimestral (em relação ao mesmo período do ano anterior)",2.7
"200302","PIB a preços de mercado","Taxa trimestral (em relação ao mesmo período do ano anterior)",0.8
"200303","PIB a preços de mercado","Taxa trimestral (em relação ao mesmo período do ano anterior)",0.6
"200304","PIB a preços de mercado","Taxa trimestral (em relação ao mesmo período do ano anterior)",0.6
"200401","PIB a preços de mercado","Taxa trimestral (em relação ao mesmo período do ano anterior)",3.9
"200402","PIB a preços de mercado","Taxa trimestral (em relação ao mesmo período do ano anterior)",6.3
"200403","PIB a preços de mercado","Taxa trimestral (em relação ao mesmo período do ano anterior)",6.6
"200404","PIB a preços de mercado","Taxa trimestral (em relação ao mesmo período do ano anterior)",6.2
"200501","PIB a preços de mercado","Taxa trimestral (em relação ao mesmo período do ano anterior)",4.2
"200502","PIB a preços de mercado","Taxa trimestral (em relação ao mesmo período do ano anterior)",4.5
"200503","PIB a preços de mercado","Taxa trimestral (em relação ao mesmo período do ano anterior)",2.1
"200504","PIB a preços de mercado","Taxa trimestral (em relação ao mesmo período do ano anterior)",2.2
"200601","PIB a preços de mercado","Taxa trimestral (em relação ao mesmo período do ano anterior)",4.3
"200602","PIB a preços de mercado","Taxa trimestral (em relação ao mesmo período do ano anterior)",2.3
"200603","PIB a preços de mercado","Taxa trimestral (em relação ao mesmo período do ano anterior)",4.5
"200604","PIB a preços de mercado","Taxa trimestral (em relação ao mesmo período do ano anterior)",4.8
"200701","PIB a preços de mercado","Taxa trimestral (em relação ao mesmo período do ano anterior)",5.2
"200702","PIB a preços de mercado","Taxa trimestral (em relação ao mesmo período do ano anterior)",6.5
"200703","PIB a preços de mercado","Taxa trimestral (em relação ao mesmo período do ano anterior)",5.9
"200704","PIB a preços de mercado","Taxa trimestral (em relação ao mesmo período do ano anterior)",6.6
"200801","PIB a preços de mercado","Taxa trimestral (em relação ao mesmo período do ano anterior)",6.2
"200802","PIB a preços de mercado","Taxa trimestral (em relação ao mesmo período do ano anterior)",6.3
"200803","PIB a preços de mercado","Taxa trimestral (em relação ao mesmo período do ano anterior)",7
"200804","PIB a preços de mercado","Taxa trimestral (em relação ao mesmo período do ano anterior)",1
"200901","PIB a preços de mercado","Taxa trimestral (em relação ao mesmo período do ano anterior)",-2.4
"200902","PIB a preços de mercado","Taxa trimestral (em relação ao mesmo período do ano anterior)",-2.2
"200903","PIB a preços de mercado","Taxa trimestral (em relação ao mesmo período do ano anterior)",-1.2
"200904","PIB a preços de mercado","Taxa trimestral (em relação ao mesmo período do ano anterior)",5.3
"201001","PIB a preços de mercado","Taxa trimestral (em relação ao mesmo período do ano anterior)",9.2
"201002","PIB a preços de mercado","Taxa trimestral (em relação ao mesmo período do ano anterior)",8.5
"201003","PIB a preços de mercado","Taxa trimestral (em relação ao mesmo período do ano anterior)",6.9
"201004","PIB a preços de mercado","Taxa trimestral (em relação ao mesmo período do ano anterior)",5.7
"201101","PIB a preços de mercado","Taxa trimestral (em relação ao mesmo período do ano anterior)",5.2
"201102","PIB a preços de mercado","Taxa trimestral (em relação ao mesmo período do ano anterior)",4.7
"201103","PIB a preços de mercado","Taxa trimestral (em relação ao mesmo período do ano anterior)",3.5
"201104","PIB a preços de mercado","Taxa trimestral (em relação ao mesmo período do ano anterior)",2.6
"201201","PIB a preços de mercado","Taxa trimestral (em relação ao mesmo período do ano anterior)",1.7
"201202","PIB a preços de mercado","Taxa trimestral (em relação ao mesmo período do ano anterior)",1
"201203","PIB a preços de mercado","Taxa trimestral (em relação ao mesmo período do ano anterior)",2.5
"201204","PIB a preços de mercado","Taxa trimestral (em relação ao mesmo período do ano anterior)",2.5
"201301","PIB a preços de mercado","Taxa trimestral (em relação ao mesmo período do ano anterior)",2.7
"201302","PIB a preços de mercado","Taxa trimestral (em relação ao mesmo período do ano anterior)",4
"201303","PIB a preços de mercado","Taxa trimestral (em relação ao mesmo período do ano anterior)",2.8
"201304","PIB a preços de mercado","Taxa trimestral (em relação ao mesmo período do ano anterior)",2.5
"201401","PIB a preços de mercado","Taxa trimestral (em relação ao mesmo período do ano anterior)",3.5
"201402","PIB a preços de mercado","Taxa trimestral (em relação ao mesmo período do ano anterior)",-0.4
"201403","PIB a preços de mercado","Taxa trimestral (em relação ao mesmo período do ano anterior)",-0.6
"201404","PIB a preços de mercado","Taxa trimestral (em relação ao mesmo período do ano anterior)",-0.2
"201501","PIB a preços de mercado","Taxa trimestral (em relação ao mesmo período do ano anterior)",-1.6
"201502","PIB a preços de mercado","Taxa trimestral (em relação ao mesmo período do ano anterior)",-2.7
"201503","PIB a preços de mercado","Taxa trimestral (em relação ao mesmo período do ano anterior)",-4.3
"201504","PIB a preços de mercado","Taxa trimestral (em relação ao mesmo período do ano anterior)",-5.5
"201601","PIB a preços de mercado","Taxa trimestral (em relação ao mesmo período do ano anterior)",-5.1
"201602","PIB a preços de mercado","Taxa trimestral (em relação ao mesmo período do ano anterior)",-3.2
"201603","PIB a preços de mercado","Taxa trimestral (em relação ao mesmo período do ano anterior)",-2.5
"201604","PIB a preços de mercado","Taxa trimestral (em relação ao mesmo período do ano anterior)",-2.3
"201701","PIB a preços de mercado","Taxa trimestral (em relação ao mesmo período do ano anterior)",0.3
"201702","PIB a preços de mercado","Taxa trimestral (em relação ao mesmo período do ano anterior)",0.8
"201703","PIB a preços de mercado","Taxa trimestral (em relação ao mesmo período do ano anterior)",1.6
"201704","PIB a preços de mercado","Taxa trimestral (em relação ao mesmo período do ano anterior)",2.6
"201801","PIB a preços de mercado","Taxa trimestral (em relação ao mesmo período do ano anterior)",1.9
"201802","PIB a preços de mercado","Taxa trimestral (em relação ao mesmo período do ano anterior)",1.6
"201803","PIB a preços de mercado","Taxa trimestral (em relação ao mesmo período do ano anterior)",2.1
"201804","PIB a preços de mercado","Taxa trimestral (em relação ao mesmo período do ano anterior)",1.6
"201901","PIB a preços de mercado","Taxa trimestral (em relação ao mesmo período do ano anterior)",0.9
"201902","PIB a preços de mercado","Taxa trimestral (em relação ao mesmo período do ano anterior)",1.2
"201903","PIB a preços de mercado","Taxa trimestral (em relação ao mesmo período do ano anterior)",1.1
"201904","PIB a preços de mercado","Taxa trimestral (em relação ao mesmo período do ano anterior)",1.7
"202001","PIB a preços de mercado","Taxa trimestral (em relação ao mesmo período do ano anterior)",0.4
"202002","PIB a preços de mercado","Taxa trimestral (em relação ao mesmo período do ano anterior)",-10.1
"202003","PIB a preços de mercado","Taxa trimestral (em relação ao mesmo período do ano anterior)",-3
"202004","PIB a preços de mercado","Taxa trimestral (em relação ao mesmo período do ano anterior)",-0.3
"202101","PIB a preços de mercado","Taxa trimestral (em relação ao mesmo período do ano anterior)",1.7
"202102","PIB a preços de mercado","Taxa trimestral (em relação ao mesmo período do ano anterior)",12.4
"202103","PIB a preços de mercado","Taxa trimestral (em relação ao mesmo período do ano anterior)",4.2
"202104","PIB a preços de mercado","Taxa trimestral (em relação ao mesmo período do ano anterior)",1.5
"202201","PIB a preços de mercado","Taxa trimestral (em relação ao mesmo período do ano anterior)",1.5
"202202","PIB a preços de mercado","Taxa trimestral (em relação ao mesmo período do ano anterior)",3.5
"202203","PIB a preços de mercado","Taxa trimestral (em relação ao mesmo período do ano anterior)",4.3
"202204","PIB a preços de mercado","Taxa trimestral (em relação ao mesmo período do ano anterior)",2.7
"202301","PIB a preços de mercado","Taxa trimestral (em relação ao mesmo período do ano anterior)",4.4
"202302","PIB a preços de mercado","Taxa trimestral (em relação ao mesmo período do ano anterior)",3.9
"202303","PIB a preços de mercado","Taxa trimestral (em relação ao mesmo período do ano anterior)",2.4
"202304","PIB a preços de mercado","Taxa trimestral (em relação ao mesmo período do ano anterior)",2.4
"202401","PIB a preços de mercado","Taxa trimestral (em relação ao mesmo período do ano anterior)",2.5
"202402","PIB a preços de mercado","Taxa trimestral (em relação ao mesmo período do ano anterior)",3.5
"202403","PIB a preços de mercado","Taxa trimestral (em relação ao mesmo período do ano anterior)",4.1
"202404","PIB a preços de mercado","Taxa trimestral (em relação ao mesmo período do ano anterior)",3.6
"202501","PIB a preços de mercado","Taxa trimestral (em relação ao mesmo período do ano anterior)",3.1
"202502","PIB a preços de mercado","Taxa trimestral (em relação ao mesmo período do ano anterior)",2.4
"202503","PIB a preços de mercado","Taxa trimestral (em relação ao mesmo período do ano anterior)",1.8
"202504","PIB a preços de mercado","Taxa trimestral (em relação ao mesmo período do ano anterior)",1.8
"202601","PIB a preços de mercado","Taxa trimestral (em relação ao mesmo período do ano anterior)",1.8
"202602","PIB a preços de mercado","Taxa trimestral (em relação ao mesmo período do ano anterior)",2
"199601","Agropecuária - total","Taxa trimestral (em relação ao mesmo período do ano anterior)",2.6
"199602","Agropecuária - total","Taxa trimestral (em relação ao mesmo período do ano anterior)",2.2
"199603","Agropecuária - total","Taxa trimestral (em relação ao mesmo período do ano anterior)",-0.6
"199604","Agropecuária - total","Taxa trimestral (em relação ao mesmo período do ano anterior)",8.9
"199701","Agropecuária - total","Taxa trimestral (em relação ao mesmo período do ano anterior)",7
"199702","Agropecuária - total","Taxa trimestral (em relação ao mesmo período do ano anterior)",4.4
"199703","Agropecuária - total","Taxa trimestral (em relação ao mesmo período do ano anterior)",1.5
"199704","Agropecuária - total","Taxa trimestral (em relação ao mesmo período do ano anterior)",-11
"199801","Agropecuária - total","Taxa trimestral (em relação ao mesmo período do ano anterior)",-1.4
"199802","Agropecuária - total","Taxa trimestral (em relação ao mesmo período do ano anterior)",13.1
"199803","Agropecuária - total","Taxa trimestral (em relação ao mesmo período do ano anterior)",5.2
"199804","Agropecuária - total","Taxa trimestral (em relação ao mesmo período do ano anterior)",-5.3
"199901","Agropecuária - total","Taxa trimestral (em relação ao mesmo período do ano anterior)",12.6
"199902","Agropecuária - total","Taxa trimestral (em relação ao mesmo período do ano anterior)",1.6
"199903","Agropecuária - total","Taxa trimestral (em relação ao mesmo período do ano anterior)",3.5
"199904","Agropecuária - total","Taxa trimestral (em relação ao mesmo período do ano anterior)",10.3
"200001","Agropecuária - total","Taxa trimestral (em relação ao mesmo período do ano anterior)",6.2
"200002","Agropecuária - total","Taxa trimestral (em relação ao mesmo período do ano anterior)",3.4
"200003","Agropecuária - total","Taxa trimestral (em relação ao mesmo período do ano anterior)",1.5
"200004","Agropecuária - total","Taxa trimestral (em relação ao mesmo período do ano anterior)",-1.6
"200101","Agropecuária - total","Taxa trimestral (em relação ao mesmo período do ano anterior)",2.9
"200102","Agropecuária - total","Taxa trimestral (em relação ao mesmo período do ano anterior)",3
"200103","Agropecuária - total","Taxa trimestral (em relação ao mesmo período do ano anterior)",6
"200104","Agropecuária - total","Taxa trimestral (em relação ao mesmo período do ano anterior)",11.1
"200201","Agropecuária - total","Taxa trimestral (em relação ao mesmo período do ano anterior)",4.7
"200202","Agropecuária - total","Taxa trimestral (em relação ao mesmo período do ano anterior)",7.3
"200203","Agropecuária - total","Taxa trimestral (em relação ao mesmo período do ano anterior)",11.7
"200204","Agropecuária - total","Taxa trimestral (em relação ao mesmo período do ano anterior)",8.8
"200301","Agropecuária - total","Taxa trimestral (em relação ao mesmo período do ano anterior)",15.4
"200302","Agropecuária - total","Taxa trimestral (em relação ao mesmo período do ano anterior)",13.4
"200303","Agropecuária - total","Taxa trimestral (em relação ao mesmo período do ano anterior)",1.5
"200304","Agropecuária - total","Taxa trimestral (em relação ao mesmo período do ano anterior)",0.8
"200401","Agropecuária - total","Taxa trimestral (em relação ao mesmo período do ano anterior)",0
"200402","Agropecuária - total","Taxa trimestral (em relação ao mesmo período do ano anterior)",2
"200403","Agropecuária - total","Taxa trimestral (em relação ao mesmo período do ano anterior)",4.6
"200404","Agropecuária - total","Taxa trimestral (em relação ao mesmo período do ano anterior)",1.5
"200501","Agropecuária - total","Taxa trimestral (em relação ao mesmo período do ano anterior)",3.2
"200502","Agropecuária - total","Taxa trimestral (em relação ao mesmo período do ano anterior)",2.4
"200503","Agropecuária - total","Taxa trimestral (em relação ao mesmo período do ano anterior)",-2
"200504","Agropecuária - total","Taxa trimestral (em relação ao mesmo período do ano anterior)",0.4
"200601","Agropecuária - total","Taxa trimestral (em relação ao mesmo período do ano anterior)",0.5
"200602","Agropecuária - total","Taxa trimestral (em relação ao mesmo período do ano anterior)",-0.3
"200603","Agropecuária - total","Taxa trimestral (em relação ao mesmo período do ano anterior)",11.1
"200604","Agropecuária - total","Taxa trimestral (em relação ao mesmo período do ano anterior)",10.3
"200701","Agropecuária - total","Taxa trimestral (em relação ao mesmo período do ano anterior)",3.9
"200702","Agropecuária - total","Taxa trimestral (em relação ao mesmo período do ano anterior)",0.6
"200703","Agropecuária - total","Taxa trimestral (em relação ao mesmo período do ano anterior)",4.7
"200704","Agropecuária - total","Taxa trimestral (em relação ao mesmo período do ano anterior)",4.2
"200801","Agropecuária - total","Taxa trimestral (em relação ao mesmo período do ano anterior)",4.8
"200802","Agropecuária - total","Taxa trimestral (em relação ao mesmo período do ano anterior)",11.1
"200803","Agropecuária - total","Taxa trimestral (em relação ao mesmo período do ano anterior)",5
"200804","Agropecuária - total","Taxa trimestral (em relação ao mesmo período do ano anterior)",0.8
"200901","Agropecuária - total","Taxa trimestral (em relação ao mesmo período do ano anterior)",-1.4
"200902","Agropecuária - total","Taxa trimestral (em relação ao mesmo período do ano anterior)",-5.5
"200903","Agropecuária - total","Taxa trimestral (em relação ao mesmo período do ano anterior)",-7.5
"200904","Agropecuária - total","Taxa trimestral (em relação ao mesmo período do ano anterior)",1.1
"201001","Agropecuária - total","Taxa trimestral (em relação ao mesmo período do ano anterior)",6.9
"201002","Agropecuária - total","Taxa trimestral (em relação ao mesmo período do ano anterior)",10.1
"201003","Agropecuária - total","Taxa trimestral (em relação ao mesmo período do ano anterior)",5.5
"201004","Agropecuária - total","Taxa trimestral (em relação ao mesmo período do ano anterior)",3.1
"201101","Agropecuária - total","Taxa trimestral (em relação ao mesmo período do ano anterior)",5.4
"201102","Agropecuária - total","Taxa trimestral (em relação ao mesmo período do ano anterior)",0.7
"201103","Agropecuária - total","Taxa trimestral (em relação ao mesmo período do ano anterior)",7.7
"201104","Agropecuária - total","Taxa trimestral (em relação ao mesmo período do ano anterior)",10.9
"201201","Agropecuária - total","Taxa trimestral (em relação ao mesmo período do ano anterior)",-11.2
"201202","Agropecuária - total","Taxa trimestral (em relação ao mesmo período do ano anterior)",-0.2
"201203","Agropecuária - total","Taxa trimestral (em relação ao mesmo período do ano anterior)",4.7
"201204","Agropecuária - total","Taxa trimestral (em relação ao mesmo período do ano anterior)",-5.9
"201301","Agropecuária - total","Taxa trimestral (em relação ao mesmo período do ano anterior)",21.5
"201302","Agropecuária - total","Taxa trimestral (em relação ao mesmo período do ano anterior)",10.2
"201303","Agropecuária - total","Taxa trimestral (em relação ao mesmo período do ano anterior)",-2.7
"201304","Agropecuária - total","Taxa trimestral (em relação ao mesmo período do ano anterior)",4.2
"201401","Agropecuária - total","Taxa trimestral (em relação ao mesmo período do ano anterior)",6.9
"201402","Agropecuária - total","Taxa trimestral (em relação ao mesmo período do ano anterior)",0.2
"201403","Agropecuária - total","Taxa trimestral (em relação ao mesmo período do ano anterior)",1.1
"201404","Agropecuária - total","Taxa trimestral (em relação ao mesmo período do ano anterior)",2.8
"201501","Agropecuária - total","Taxa trimestral (em relação ao mesmo período do ano anterior)",7.1
"201502","Agropecuária - total","Taxa trimestral (em relação ao mesmo período do ano anterior)",4.5
"201503","Agropecuária - total","Taxa trimestral (em relação ao mesmo período do ano anterior)",-0.2
"201504","Agropecuária - total","Taxa trimestral (em relação ao mesmo período do ano anterior)",0
"201601","Agropecuária - total","Taxa trimestral (em relação ao mesmo período do ano anterior)",-7.6
"201602","Agropecuária - total","Taxa trimestral (em relação ao mesmo período do ano anterior)",-5.3
"201603","Agropecuária - total","Taxa trimestral (em relação ao mesmo período do ano anterior)",-4.4
"201604","Agropecuária - total","Taxa trimestral (em relação ao mesmo período do ano anterior)",-1.9
"201701","Agropecuária - total","Taxa trimestral (em relação ao mesmo período do ano anterior)",20.4
"201702","Agropecuária - total","Taxa trimestral (em relação ao mesmo período do ano anterior)",16.1
"201703","Agropecuária - total","Taxa trimestral (em relação ao mesmo período do ano anterior)",10.4
"201704","Agropecuária - total","Taxa trimestral (em relação ao mesmo período do ano anterior)",5.6
"201801","Agropecuária - total","Taxa trimestral (em relação ao mesmo período do ano anterior)",-2.6
"201802","Agropecuária - total","Taxa trimestral (em relação ao mesmo período do ano anterior)",0.8
"201803","Agropecuária - total","Taxa trimestral (em relação ao mesmo período do ano anterior)",4.8
"201804","Agropecuária - total","Taxa trimestral (em relação ao mesmo período do ano anterior)",4.9
"201901","Agropecuária - total","Taxa trimestral (em relação ao mesmo período do ano anterior)",0.5
"201902","Agropecuária - total","Taxa trimestral (em relação ao mesmo período do ano anterior)",0.8
"201903","Agropecuária - total","Taxa trimestral (em relação ao mesmo período do ano anterior)",0.9
"201904","Agropecuária - total","Taxa trimestral (em relação ao mesmo período do ano anterior)",-1.1
"202001","Agropecuária - total","Taxa trimestral (em relação ao mesmo período do ano anterior)",7.1
"202002","Agropecuária - total","Taxa trimestral (em relação ao mesmo período do ano anterior)",5.5
"202003","Agropecuária - total","Taxa trimestral (em relação ao mesmo período do ano anterior)",1.7
"202004","Agropecuária - total","Taxa trimestral (em relação ao mesmo período do ano anterior)",0.2
"202101","Agropecuária - total","Taxa trimestral (em relação ao mesmo período do ano anterior)",4
"202102","Agropecuária - total","Taxa trimestral (em relação ao mesmo período do ano anterior)",-1.9
"202103","Agropecuária - total","Taxa trimestral (em relação ao mesmo período do ano anterior)",-6.8
"202104","Agropecuária - total","Taxa trimestral (em relação ao mesmo período do ano anterior)",5.6
"202201","Agropecuária - total","Taxa trimestral (em relação ao mesmo período do ano anterior)",-6.6
"202202","Agropecuária - total","Taxa trimestral (em relação ao mesmo período do ano anterior)",-0.9
"202203","Agropecuária - total","Taxa trimestral (em relação ao mesmo período do ano anterior)",8.8
"202204","Agropecuária - total","Taxa trimestral (em relação ao mesmo período do ano anterior)",-3.7
"202301","Agropecuária - total","Taxa trimestral (em relação ao mesmo período do ano anterior)",24.3
"202302","Agropecuária - total","Taxa trimestral (em relação ao mesmo período do ano anterior)",22.6
"202303","Agropecuária - total","Taxa trimestral (em relação ao mesmo período do ano anterior)",9.6
"202304","Agropecuária - total","Taxa trimestral (em relação ao mesmo período do ano anterior)",0.5
"202401","Agropecuária - total","Taxa trimestral (em relação ao mesmo período do ano anterior)",-6.9
"202402","Agropecuária - total","Taxa trimestral (em relação ao mesmo período do ano anterior)",-3.6
"202403","Agropecuária - total","Taxa trimestral (em relação ao mesmo período do ano anterior)",-0.5
"202404","Agropecuária - total","Taxa trimestral (em relação ao mesmo período do ano anterior)",-1.8
"202501","Agropecuária - total","Taxa trimestral (em relação ao mesmo período do ano anterior)",12.9
"202502","Agropecuária - total","Taxa trimestral (em relação ao mesmo período do ano anterior)",11.5
"202503","Agropecuária - total","Taxa trimestral (em relação ao mesmo período do ano anterior)",10.1
"202504","Agropecuária - total","Taxa trimestral (em relação ao mesmo período do ano anterior)",12.1
"202601","Agropecuária - total","Taxa trimestral (em relação ao mesmo período do ano anterior)",0.7
"202602","Agropecuária - total","Taxa trimestral (em relação ao mesmo período do ano anterior)",6.8
"199601","Indústria - total","Taxa trimestral (em relação ao mesmo período do ano anterior)",-6
"199602","Indústria - total","Taxa trimestral (em relação ao mesmo período do ano anterior)",-3
"199603","Indústria - total","Taxa trimestral (em relação ao mesmo período do ano anterior)",11.3
"199604","Indústria - total","Taxa trimestral (em relação ao mesmo período do ano anterior)",1.5
"199701","Indústria - total","Taxa trimestral (em relação ao mesmo período do ano anterior)",3.3
"199702","Indústria - total","Taxa trimestral (em relação ao mesmo período do ano anterior)",8
"199703","Indústria - total","Taxa trimestral (em relação ao mesmo período do ano anterior)",0.2
"199704","Indústria - total","Taxa trimestral (em relação ao mesmo período do ano anterior)",6.4
"199801","Indústria - total","Taxa trimestral (em relação ao mesmo período do ano anterior)",0.1
"199802","Indústria - total","Taxa trimestral (em relação ao mesmo período do ano anterior)",-0.3
"199803","Indústria - total","Taxa trimestral (em relação ao mesmo período do ano anterior)",-2.7
"199804","Indústria - total","Taxa trimestral (em relação ao mesmo período do ano anterior)",-5.2
"199901","Indústria - total","Taxa trimestral (em relação ao mesmo período do ano anterior)",-4.2
"199902","Indústria - total","Taxa trimestral (em relação ao mesmo período do ano anterior)",-4.4
"199903","Indústria - total","Taxa trimestral (em relação ao mesmo período do ano anterior)",-3.5
"199904","Indústria - total","Taxa trimestral (em relação ao mesmo período do ano anterior)",1.8
"200001","Indústria - total","Taxa trimestral (em relação ao mesmo período do ano anterior)",4.6
"200002","Indústria - total","Taxa trimestral (em relação ao mesmo período do ano anterior)",3.9
"200003","Indústria - total","Taxa trimestral (em relação ao mesmo período do ano anterior)",4.4
"200004","Indústria - total","Taxa trimestral (em relação ao mesmo período do ano anterior)",4.7
"200101","Indústria - total","Taxa trimestral (em relação ao mesmo período do ano anterior)",4.1
"200102","Indústria - total","Taxa trimestral (em relação ao mesmo período do ano anterior)",0.4
"200103","Indústria - total","Taxa trimestral (em relação ao mesmo período do ano anterior)",-2.6
"200104","Indústria - total","Taxa trimestral (em relação ao mesmo período do ano anterior)",-3.9
"200201","Indústria - total","Taxa trimestral (em relação ao mesmo período do ano anterior)",-2.3
"200202","Indústria - total","Taxa trimestral (em relação ao mesmo período do ano anterior)",2.3
"200203","Indústria - total","Taxa trimestral (em relação ao mesmo período do ano anterior)",5.7
"200204","Indústria - total","Taxa trimestral (em relação ao mesmo período do ano anterior)",9.2
"200301","Indústria - total","Taxa trimestral (em relação ao mesmo período do ano anterior)",0.1
"200302","Indústria - total","Taxa trimestral (em relação ao mesmo período do ano anterior)",-2
"200303","Indústria - total","Taxa trimestral (em relação ao mesmo período do ano anterior)",1.9
"200304","Indústria - total","Taxa trimestral (em relação ao mesmo período do ano anterior)",0.3
"200401","Indústria - total","Taxa trimestral (em relação ao mesmo período do ano anterior)",7.4
"200402","Indústria - total","Taxa trimestral (em relação ao mesmo período do ano anterior)",8.9
"200403","Indústria - total","Taxa trimestral (em relação ao mesmo período do ano anterior)",8.8
"200404","Indústria - total","Taxa trimestral (em relação ao mesmo período do ano anterior)",7.7
"200501","Indústria - total","Taxa trimestral (em relação ao mesmo período do ano anterior)",4.2
"200502","Indústria - total","Taxa trimestral (em relação ao mesmo período do ano anterior)",5.2
"200503","Indústria - total","Taxa trimestral (em relação ao mesmo período do ano anterior)",-1.1
"200504","Indústria - total","Taxa trimestral (em relação ao mesmo período do ano anterior)",0.2
"200601","Indústria - total","Taxa trimestral (em relação ao mesmo período do ano anterior)",3.3
"200602","Indústria - total","Taxa trimestral (em relação ao mesmo período do ano anterior)",-1.9
"200603","Indústria - total","Taxa trimestral (em relação ao mesmo período do ano anterior)",2.5
"200604","Indústria - total","Taxa trimestral (em relação ao mesmo período do ano anterior)",4.1
"200701","Indústria - total","Taxa trimestral (em relação ao mesmo período do ano anterior)",4.1
"200702","Indústria - total","Taxa trimestral (em relação ao mesmo período do ano anterior)",8.7
"200703","Indústria - total","Taxa trimestral (em relação ao mesmo período do ano anterior)",7
"200704","Indústria - total","Taxa trimestral (em relação ao mesmo período do ano anterior)",5
"200801","Indústria - total","Taxa trimestral (em relação ao mesmo período do ano anterior)",7.1
"200802","Indústria - total","Taxa trimestral (em relação ao mesmo período do ano anterior)",5.2
"200803","Indústria - total","Taxa trimestral (em relação ao mesmo período do ano anterior)",6.8
"200804","Indústria - total","Taxa trimestral (em relação ao mesmo período do ano anterior)",-2.3
"200901","Indústria - total","Taxa trimestral (em relação ao mesmo período do ano anterior)",-10.8
"200902","Indústria - total","Taxa trimestral (em relação ao mesmo período do ano anterior)",-8
"200903","Indústria - total","Taxa trimestral (em relação ao mesmo período do ano anterior)",-5.8
"200904","Indústria - total","Taxa trimestral (em relação ao mesmo período do ano anterior)",5.7
"201001","Indústria - total","Taxa trimestral (em relação ao mesmo período do ano anterior)",15.3
"201002","Indústria - total","Taxa trimestral (em relação ao mesmo período do ano anterior)",13
"201003","Indústria - total","Taxa trimestral (em relação ao mesmo período do ano anterior)",8.3
"201004","Indústria - total","Taxa trimestral (em relação ao mesmo período do ano anterior)",5.4
"201101","Indústria - total","Taxa trimestral (em relação ao mesmo período do ano anterior)",5.7
"201102","Indústria - total","Taxa trimestral (em relação ao mesmo período do ano anterior)",5.1
"201103","Indústria - total","Taxa trimestral (em relação ao mesmo período do ano anterior)",4
"201104","Indústria - total","Taxa trimestral (em relação ao mesmo período do ano anterior)",1.9
"201201","Indústria - total","Taxa trimestral (em relação ao mesmo período do ano anterior)",2.4
"201202","Indústria - total","Taxa trimestral (em relação ao mesmo período do ano anterior)",-3.2
"201203","Indústria - total","Taxa trimestral (em relação ao mesmo período do ano anterior)",-0.5
"201204","Indústria - total","Taxa trimestral (em relação ao mesmo período do ano anterior)",-1.4
"201301","Indústria - total","Taxa trimestral (em relação ao mesmo período do ano anterior)",-1.4
"201302","Indústria - total","Taxa trimestral (em relação ao mesmo período do ano anterior)",4.4
"201303","Indústria - total","Taxa trimestral (em relação ao mesmo período do ano anterior)",2.9
"201304","Indústria - total","Taxa trimestral (em relação ao mesmo período do ano anterior)",2.6
"201401","Indústria - total","Taxa trimestral (em relação ao mesmo período do ano anterior)",3.9
"201402","Indústria - total","Taxa trimestral (em relação ao mesmo período do ano anterior)",-3.5
"201403","Indústria - total","Taxa trimestral (em relação ao mesmo período do ano anterior)",-3.6
"201404","Indústria - total","Taxa trimestral (em relação ao mesmo período do ano anterior)",-2.3
"201501","Indústria - total","Taxa trimestral (em relação ao mesmo período do ano anterior)",-4.1
"201502","Indústria - total","Taxa trimestral (em relação ao mesmo período do ano anterior)",-4.8
"201503","Indústria - total","Taxa trimestral (em relação ao mesmo período do ano anterior)",-5.8
"201504","Indústria - total","Taxa trimestral (em relação ao mesmo período do ano anterior)",-8.3
"201601","Indústria - total","Taxa trimestral (em relação ao mesmo período do ano anterior)",-7.4
"201602","Indústria - total","Taxa trimestral (em relação ao mesmo período do ano anterior)",-3.9
"201603","Indústria - total","Taxa trimestral (em relação ao mesmo período do ano anterior)",-3.4
"201604","Indústria - total","Taxa trimestral (em relação ao mesmo período do ano anterior)",-3.5
"201701","Indústria - total","Taxa trimestral (em relação ao mesmo período do ano anterior)",-1.9
"201702","Indústria - total","Taxa trimestral (em relação ao mesmo período do ano anterior)",-2.3
"201703","Indústria - total","Taxa trimestral (em relação ao mesmo período do ano anterior)",-0.4
"201704","Indústria - total","Taxa trimestral (em relação ao mesmo período do ano anterior)",2.6
"201801","Indústria - total","Taxa trimestral (em relação ao mesmo período do ano anterior)",1.3
"201802","Indústria - total","Taxa trimestral (em relação ao mesmo período do ano anterior)",1.2
"201803","Indústria - total","Taxa trimestral (em relação ao mesmo período do ano anterior)",1
"201804","Indústria - total","Taxa trimestral (em relação ao mesmo período do ano anterior)",-0.6
"201901","Indústria - total","Taxa trimestral (em relação ao mesmo período do ano anterior)",-1.5
"201902","Indústria - total","Taxa trimestral (em relação ao mesmo período do ano anterior)",-0.4
"201903","Indústria - total","Taxa trimestral (em relação ao mesmo período do ano anterior)",-0.7
"201904","Indústria - total","Taxa trimestral (em relação ao mesmo período do ano anterior)",-0.1
"202001","Indústria - total","Taxa trimestral (em relação ao mesmo período do ano anterior)",-1.2
"202002","Indústria - total","Taxa trimestral (em relação ao mesmo período do ano anterior)",-13.2
"202003","Indústria - total","Taxa trimestral (em relação ao mesmo período do ano anterior)",0
"202004","Indústria - total","Taxa trimestral (em relação ao mesmo período do ano anterior)",2.2
"202101","Indústria - total","Taxa trimestral (em relação ao mesmo período do ano anterior)",6.2
"202102","Indústria - total","Taxa trimestral (em relação ao mesmo período do ano anterior)",18.7
"202103","Indústria - total","Taxa trimestral (em relação ao mesmo período do ano anterior)",1.4
"202104","Indústria - total","Taxa trimestral (em relação ao mesmo período do ano anterior)",-3.8
"202201","Indústria - total","Taxa trimestral (em relação ao mesmo período do ano anterior)",-2.3
"202202","Indústria - total","Taxa trimestral (em relação ao mesmo período do ano anterior)",1.1
"202203","Indústria - total","Taxa trimestral (em relação ao mesmo período do ano anterior)",2.6
"202204","Indústria - total","Taxa trimestral (em relação ao mesmo período do ano anterior)",4.6
"202301","Indústria - total","Taxa trimestral (em relação ao mesmo período do ano anterior)",1.6
"202302","Indústria - total","Taxa trimestral (em relação ao mesmo período do ano anterior)",0.9
"202303","Indústria - total","Taxa trimestral (em relação ao mesmo período do ano anterior)",1.2
"202304","Indústria - total","Taxa trimestral (em relação ao mesmo período do ano anterior)",3
"202401","Indústria - total","Taxa trimestral (em relação ao mesmo período do ano anterior)",3
"202402","Indústria - total","Taxa trimestral (em relação ao mesmo período do ano anterior)",4
"202403","Indústria - total","Taxa trimestral (em relação ao mesmo período do ano anterior)",3.3
"202404","Indústria - total","Taxa trimestral (em relação ao mesmo período do ano anterior)",2.2
"202501","Indústria - total","Taxa trimestral (em relação ao mesmo período do ano anterior)",2.4
"202502","Indústria - total","Taxa trimestral (em relação ao mesmo período do ano anterior)",1.1
"202503","Indústria - total","Taxa trimestral (em relação ao mesmo período do ano anterior)",1.7
"202504","Indústria - total","Taxa trimestral (em relação ao mesmo período do ano anterior)",0.6
"202601","Indústria - total","Taxa trimestral (em relação ao mesmo período do ano anterior)",1.6
"202602","Indústria - total","Taxa trimestral (em relação ao mesmo período do ano anterior)",1.5
"199601","Serviços - total","Taxa trimestral (em relação ao mesmo período do ano anterior)",2.7
"199602","Serviços - total","Taxa trimestral (em relação ao mesmo período do ano anterior)",3.7
"199603","Serviços - total","Taxa trimestral (em relação ao mesmo período do ano anterior)",3.2
"199604","Serviços - total","Taxa trimestral (em relação ao mesmo período do ano anterior)",-0.3
"199701","Serviços - total","Taxa trimestral (em relação ao mesmo período do ano anterior)",1.9
"199702","Serviços - total","Taxa trimestral (em relação ao mesmo período do ano anterior)",2.2
"199703","Serviços - total","Taxa trimestral (em relação ao mesmo período do ano anterior)",1.3
"199704","Serviços - total","Taxa trimestral (em relação ao mesmo período do ano anterior)",4.7
"199801","Serviços - total","Taxa trimestral (em relação ao mesmo período do ano anterior)",1.4
"199802","Serviços - total","Taxa trimestral (em relação ao mesmo período do ano anterior)",1.9
"199803","Serviços - total","Taxa trimestral (em relação ao mesmo período do ano anterior)",1.8
"199804","Serviços - total","Taxa trimestral (em relação ao mesmo período do ano anterior)",0.7
"199901","Serviços - total","Taxa trimestral (em relação ao mesmo período do ano anterior)",2.8
"199902","Serviços - total","Taxa trimestral (em relação ao mesmo período do ano anterior)",1.7
"199903","Serviços - total","Taxa trimestral (em relação ao mesmo período do ano anterior)",0.9
"199904","Serviços - total","Taxa trimestral (em relação ao mesmo período do ano anterior)",2
"200001","Serviços - total","Taxa trimestral (em relação ao mesmo período do ano anterior)",3.1
"200002","Serviços - total","Taxa trimestral (em relação ao mesmo período do ano anterior)",3.3
"200003","Serviços - total","Taxa trimestral (em relação ao mesmo período do ano anterior)",4.3
"200004","Serviços - total","Taxa trimestral (em relação ao mesmo período do ano anterior)",4.5
"200101","Serviços - total","Taxa trimestral (em relação ao mesmo período do ano anterior)",2.4
"200102","Serviços - total","Taxa trimestral (em relação ao mesmo período do ano anterior)",3.2
"200103","Serviços - total","Taxa trimestral (em relação ao mesmo período do ano anterior)",1.7
"200104","Serviços - total","Taxa trimestral (em relação ao mesmo período do ano anterior)",1
"200201","Serviços - total","Taxa trimestral (em relação ao mesmo período do ano anterior)",2.9
"200202","Serviços - total","Taxa trimestral (em relação ao mesmo período do ano anterior)",2.5
"200203","Serviços - total","Taxa trimestral (em relação ao mesmo período do ano anterior)",3.4
"200204","Serviços - total","Taxa trimestral (em relação ao mesmo período do ano anterior)",3.6
"200301","Serviços - total","Taxa trimestral (em relação ao mesmo período do ano anterior)",1.8
"200302","Serviços - total","Taxa trimestral (em relação ao mesmo período do ano anterior)",0.9
"200303","Serviços - total","Taxa trimestral (em relação ao mesmo período do ano anterior)",0.5
"200304","Serviços - total","Taxa trimestral (em relação ao mesmo período do ano anterior)",0.8
"200401","Serviços - total","Taxa trimestral (em relação ao mesmo período do ano anterior)",3.3
"200402","Serviços - total","Taxa trimestral (em relação ao mesmo período do ano anterior)",5.6
"200403","Serviços - total","Taxa trimestral (em relação ao mesmo período do ano anterior)",5.2
"200404","Serviços - total","Taxa trimestral (em relação ao mesmo período do ano anterior)",5.8
"200501","Serviços - total","Taxa trimestral (em relação ao mesmo período do ano anterior)",4.5
"200502","Serviços - total","Taxa trimestral (em relação ao mesmo período do ano anterior)",4.2
"200503","Serviços - total","Taxa trimestral (em relação ao mesmo período do ano anterior)",3.5
"200504","Serviços - total","Taxa trimestral (em relação ao mesmo período do ano anterior)",2.5
"200601","Serviços - total","Taxa trimestral (em relação ao mesmo período do ano anterior)",4.6
"200602","Serviços - total","Taxa trimestral (em relação ao mesmo período do ano anterior)",3.9
"200603","Serviços - total","Taxa trimestral (em relação ao mesmo período do ano anterior)",4.4
"200604","Serviços - total","Taxa trimestral (em relação ao mesmo período do ano anterior)",4.5
"200701","Serviços - total","Taxa trimestral (em relação ao mesmo período do ano anterior)",5.7
"200702","Serviços - total","Taxa trimestral (em relação ao mesmo período do ano anterior)",6
"200703","Serviços - total","Taxa trimestral (em relação ao mesmo período do ano anterior)",5.4
"200704","Serviços - total","Taxa trimestral (em relação ao mesmo período do ano anterior)",6.3
"200801","Serviços - total","Taxa trimestral (em relação ao mesmo período do ano anterior)",5.3
"200802","Serviços - total","Taxa trimestral (em relação ao mesmo período do ano anterior)",5.8
"200803","Serviços - total","Taxa trimestral (em relação ao mesmo período do ano anterior)",6.2
"200804","Serviços - total","Taxa trimestral (em relação ao mesmo período do ano anterior)",2.1
"200901","Serviços - total","Taxa trimestral (em relação ao mesmo período do ano anterior)",1
"200902","Serviços - total","Taxa trimestral (em relação ao mesmo período do ano anterior)",0.7
"200903","Serviços - total","Taxa trimestral (em relação ao mesmo período do ano anterior)",1.4
"200904","Serviços - total","Taxa trimestral (em relação ao mesmo período do ano anterior)",5.1
"201001","Serviços - total","Taxa trimestral (em relação ao mesmo período do ano anterior)",6.2
"201002","Serviços - total","Taxa trimestral (em relação ao mesmo período do ano anterior)",6
"201003","Serviços - total","Taxa trimestral (em relação ao mesmo período do ano anterior)",5.7
"201004","Serviços - total","Taxa trimestral (em relação ao mesmo período do ano anterior)",5.3
"201101","Serviços - total","Taxa trimestral (em relação ao mesmo período do ano anterior)",4.7
"201102","Serviços - total","Taxa trimestral (em relação ao mesmo período do ano anterior)",4.3
"201103","Serviços - total","Taxa trimestral (em relação ao mesmo período do ano anterior)",2.8
"201104","Serviços - total","Taxa trimestral (em relação ao mesmo período do ano anterior)",2.1
"201201","Serviços - total","Taxa trimestral (em relação ao mesmo período do ano anterior)",2.2
"201202","Serviços - total","Taxa trimestral (em relação ao mesmo período do ano anterior)",2.4
"201203","Serviços - total","Taxa trimestral (em relação ao mesmo período do ano anterior)",3.3
"201204","Serviços - total","Taxa trimestral (em relação ao mesmo período do ano anterior)",3.7
"201301","Serviços - total","Taxa trimestral (em relação ao mesmo período do ano anterior)",2.8
"201302","Serviços - total","Taxa trimestral (em relação ao mesmo período do ano anterior)",3.1
"201303","Serviços - total","Taxa trimestral (em relação ao mesmo período do ano anterior)",2.7
"201304","Serviços - total","Taxa trimestral (em relação ao mesmo período do ano anterior)",2.4
"201401","Serviços - total","Taxa trimestral (em relação ao mesmo período do ano anterior)",2.8
"201402","Serviços - total","Taxa trimestral (em relação ao mesmo período do ano anterior)",0.7
"201403","Serviços - total","Taxa trimestral (em relação ao mesmo período do ano anterior)",0.4
"201404","Serviços - total","Taxa trimestral (em relação ao mesmo período do ano anterior)",0.2
"201501","Serviços - total","Taxa trimestral (em relação ao mesmo período do ano anterior)",-1.2
"201502","Serviços - total","Taxa trimestral (em relação ao mesmo período do ano anterior)",-2.2
"201503","Serviços - total","Taxa trimestral (em relação ao mesmo período do ano anterior)",-3.4
"201504","Serviços - total","Taxa trimestral (em relação ao mesmo período do ano anterior)",-4
"201601","Serviços - total","Taxa trimestral (em relação ao mesmo período do ano anterior)",-3.2
"201602","Serviços - total","Taxa trimestral (em relação ao mesmo período do ano anterior)",-2.1
"201603","Serviços - total","Taxa trimestral (em relação ao mesmo período do ano anterior)",-1.6
"201604","Serviços - total","Taxa trimestral (em relação ao mesmo período do ano anterior)",-1.9
"201701","Serviços - total","Taxa trimestral (em relação ao mesmo período do ano anterior)",-1.2
"201702","Serviços - total","Taxa trimestral (em relação ao mesmo período do ano anterior)",0.3
"201703","Serviços - total","Taxa trimestral (em relação ao mesmo período do ano anterior)",1.5
"201704","Serviços - total","Taxa trimestral (em relação ao mesmo período do ano anterior)",2.5
"201801","Serviços - total","Taxa trimestral (em relação ao mesmo período do ano anterior)",2.7
"201802","Serviços - total","Taxa trimestral (em relação ao mesmo período do ano anterior)",2
"201803","Serviços - total","Taxa trimestral (em relação ao mesmo período do ano anterior)",2.1
"201804","Serviços - total","Taxa trimestral (em relação ao mesmo período do ano anterior)",1.6
"201901","Serviços - total","Taxa trimestral (em relação ao mesmo período do ano anterior)",1.6
"201902","Serviços - total","Taxa trimestral (em relação ao mesmo período do ano anterior)",1.3
"201903","Serviços - total","Taxa trimestral (em relação ao mesmo período do ano anterior)",1.2
"201904","Serviços - total","Taxa trimestral (em relação ao mesmo período do ano anterior)",1.9
"202001","Serviços - total","Taxa trimestral (em relação ao mesmo período do ano anterior)",0.3
"202002","Serviços - total","Taxa trimestral (em relação ao mesmo período do ano anterior)",-9.8
"202003","Serviços - total","Taxa trimestral (em relação ao mesmo período do ano anterior)",-4.1
"202004","Serviços - total","Taxa trimestral (em relação ao mesmo período do ano anterior)",-1.4
"202101","Serviços - total","Taxa trimestral (em relação ao mesmo período do ano anterior)",-0.5
"202102","Serviços - total","Taxa trimestral (em relação ao mesmo período do ano anterior)",10.8
"202103","Serviços - total","Taxa trimestral (em relação ao mesmo período do ano anterior)",5.8
"202104","Serviços - total","Taxa trimestral (em relação ao mesmo período do ano anterior)",3.7
"202201","Serviços - total","Taxa trimestral (em relação ao mesmo período do ano anterior)",3.7
"202202","Serviços - total","Taxa trimestral (em relação ao mesmo período do ano anterior)",4.7
"202203","Serviços - total","Taxa trimestral (em relação ao mesmo período do ano anterior)",5
"202204","Serviços - total","Taxa trimestral (em relação ao mesmo período do ano anterior)",3.6
"202301","Serviços - total","Taxa trimestral (em relação ao mesmo período do ano anterior)",3.5
"202302","Serviços - total","Taxa trimestral (em relação ao mesmo período do ano anterior)",3.2
"202303","Serviços - total","Taxa trimestral (em relação ao mesmo período do ano anterior)",2.3
"202304","Serviços - total","Taxa trimestral (em relação ao mesmo período do ano anterior)",2.2
"202401","Serviços - total","Taxa trimestral (em relação ao mesmo período do ano anterior)",3.5
"202402","Serviços - total","Taxa trimestral (em relação ao mesmo período do ano anterior)",3.8
"202403","Serviços - total","Taxa trimestral (em relação ao mesmo período do ano anterior)",4.3
"202404","Serviços - total","Taxa trimestral (em relação ao mesmo período do ano anterior)",3.5
"202501","Serviços - total","Taxa trimestral (em relação ao mesmo período do ano anterior)",2.1
"202502","Serviços - total","Taxa trimestral (em relação ao mesmo período do ano anterior)",1.9
"202503","Serviços - total","Taxa trimestral (em relação ao mesmo período do ano anterior)",1.3
"202504","Serviços - total","Taxa trimestral (em relação ao mesmo período do ano anterior)",2
"202601","Serviços - total","Taxa trimestral (em relação ao mesmo período do ano anterior)",2.1
"202602","Serviços - total","Taxa trimestral (em relação ao mesmo período do ano anterior)",1.5
"199601","Despesa de consumo das famílias","Taxa trimestral (em relação ao mesmo período do ano anterior)",-1.2
"199602","Despesa de consumo das famílias","Taxa trimestral (em relação ao mesmo período do ano anterior)",1.8
"199603","Despesa de consumo das famílias","Taxa trimestral (em relação ao mesmo período do ano anterior)",5.4
"199604","Despesa de consumo das famílias","Taxa trimestral (em relação ao mesmo período do ano anterior)",6.7
"199701","Despesa de consumo das famílias","Taxa trimestral (em relação ao mesmo período do ano anterior)",7.9
"199702","Despesa de consumo das famílias","Taxa trimestral (em relação ao mesmo período do ano anterior)",6
"199703","Despesa de consumo das famílias","Taxa trimestral (em relação ao mesmo período do ano anterior)",2.1
"199704","Despesa de consumo das famílias","Taxa trimestral (em relação ao mesmo período do ano anterior)",-2.8
"199801","Despesa de consumo das famílias","Taxa trimestral (em relação ao mesmo período do ano anterior)",-0.5
"199802","Despesa de consumo das famílias","Taxa trimestral (em relação ao mesmo período do ano anterior)",-1.1
"199803","Despesa de consumo das famílias","Taxa trimestral (em relação ao mesmo período do ano anterior)",0
"199804","Despesa de consumo das famílias","Taxa trimestral (em relação ao mesmo período do ano anterior)",-1.3
"199901","Despesa de consumo das famílias","Taxa trimestral (em relação ao mesmo período do ano anterior)",-0.9
"199902","Despesa de consumo das famílias","Taxa trimestral (em relação ao mesmo período do ano anterior)",-0.6
"199903","Despesa de consumo das famílias","Taxa trimestral (em relação ao mesmo período do ano anterior)",-0.1
"199904","Despesa de consumo das famílias","Taxa trimestral (em relação ao mesmo período do ano anterior)",3.1
"200001","Despesa de consumo das famílias","Taxa trimestral (em relação ao mesmo período do ano anterior)",3
"200002","Despesa de consumo das famílias","Taxa trimestral (em relação ao mesmo período do ano anterior)",4.2
"200003","Despesa de consumo das famílias","Taxa trimestral (em relação ao mesmo período do ano anterior)",4.7
"200004","Despesa de consumo das famílias","Taxa trimestral (em relação ao mesmo período do ano anterior)",4.1
"200101","Despesa de consumo das famílias","Taxa trimestral (em relação ao mesmo período do ano anterior)",4
"200102","Despesa de consumo das famílias","Taxa trimestral (em relação ao mesmo período do ano anterior)",3.1
"200103","Despesa de consumo das famílias","Taxa trimestral (em relação ao mesmo período do ano anterior)",-1.8
"200104","Despesa de consumo das famílias","Taxa trimestral (em relação ao mesmo período do ano anterior)",-1.9
"200201","Despesa de consumo das famílias","Taxa trimestral (em relação ao mesmo período do ano anterior)",0.2
"200202","Despesa de consumo das famílias","Taxa trimestral (em relação ao mesmo período do ano anterior)",0.7
"200203","Despesa de consumo das famílias","Taxa trimestral (em relação ao mesmo período do ano anterior)",2.7
"200204","Despesa de consumo das famílias","Taxa trimestral (em relação ao mesmo período do ano anterior)",1.6
"200301","Despesa de consumo das famílias","Taxa trimestral (em relação ao mesmo período do ano anterior)",0
"200302","Despesa de consumo das famílias","Taxa trimestral (em relação ao mesmo período do ano anterior)",-2
"200303","Despesa de consumo das famílias","Taxa trimestral (em relação ao mesmo período do ano anterior)",-0.7
"200304","Despesa de consumo das famílias","Taxa trimestral (em relação ao mesmo período do ano anterior)",0.6
"200401","Despesa de consumo das famílias","Taxa trimestral (em relação ao mesmo período do ano anterior)",0.9
"200402","Despesa de consumo das famílias","Taxa trimestral (em relação ao mesmo período do ano anterior)",3.1
"200403","Despesa de consumo das famílias","Taxa trimestral (em relação ao mesmo período do ano anterior)",4.9
"200404","Despesa de consumo das famílias","Taxa trimestral (em relação ao mesmo período do ano anterior)",6.6
"200501","Despesa de consumo das famílias","Taxa trimestral (em relação ao mesmo período do ano anterior)",5.3
"200502","Despesa de consumo das famílias","Taxa trimestral (em relação ao mesmo período do ano anterior)",4.8
"200503","Despesa de consumo das famílias","Taxa trimestral (em relação ao mesmo período do ano anterior)",4.4
"200504","Despesa de consumo das famílias","Taxa trimestral (em relação ao mesmo período do ano anterior)",3.3
"200601","Despesa de consumo das famílias","Taxa trimestral (em relação ao mesmo período do ano anterior)",4.9
"200602","Despesa de consumo das famílias","Taxa trimestral (em relação ao mesmo período do ano anterior)",5.8
"200603","Despesa de consumo das famílias","Taxa trimestral (em relação ao mesmo período do ano anterior)",5.3
"200604","Despesa de consumo das famílias","Taxa trimestral (em relação ao mesmo período do ano anterior)",5.1
"200701","Despesa de consumo das famílias","Taxa trimestral (em relação ao mesmo período do ano anterior)",6.4
"200702","Despesa de consumo das famílias","Taxa trimestral (em relação ao mesmo período do ano anterior)",6.2
"200703","Despesa de consumo das famílias","Taxa trimestral (em relação ao mesmo período do ano anterior)",5.8
"200704","Despesa de consumo das famílias","Taxa trimestral (em relação ao mesmo período do ano anterior)",7.1
"200801","Despesa de consumo das famílias","Taxa trimestral (em relação ao mesmo período do ano anterior)",7.2
"200802","Despesa de consumo das famílias","Taxa trimestral (em relação ao mesmo período do ano anterior)",7
"200803","Despesa de consumo das famílias","Taxa trimestral (em relação ao mesmo período do ano anterior)",8.4
"200804","Despesa de consumo das famílias","Taxa trimestral (em relação ao mesmo período do ano anterior)",3.5
"200901","Despesa de consumo das famílias","Taxa trimestral (em relação ao mesmo período do ano anterior)",2.3
"200902","Despesa de consumo das famílias","Taxa trimestral (em relação ao mesmo período do ano anterior)",4
"200903","Despesa de consumo das famílias","Taxa trimestral (em relação ao mesmo período do ano anterior)",4.5
"200904","Despesa de consumo das famílias","Taxa trimestral (em relação ao mesmo período do ano anterior)",7
"201001","Despesa de consumo das famílias","Taxa trimestral (em relação ao mesmo período do ano anterior)",7.5
"201002","Despesa de consumo das famílias","Taxa trimestral (em relação ao mesmo período do ano anterior)",5.4
"201003","Despesa de consumo das famílias","Taxa trimestral (em relação ao mesmo período do ano anterior)",5.3
"201004","Despesa de consumo das famílias","Taxa trimestral (em relação ao mesmo período do ano anterior)",6.8
"201101","Despesa de consumo das famílias","Taxa trimestral (em relação ao mesmo período do ano anterior)",6.4
"201102","Despesa de consumo das famílias","Taxa trimestral (em relação ao mesmo período do ano anterior)",6.6
"201103","Despesa de consumo das famílias","Taxa trimestral (em relação ao mesmo período do ano anterior)",4
"201104","Despesa de consumo das famílias","Taxa trimestral (em relação ao mesmo período do ano anterior)",2.5
"201201","Despesa de consumo das famílias","Taxa trimestral (em relação ao mesmo período do ano anterior)",3
"201202","Despesa de consumo das famílias","Taxa trimestral (em relação ao mesmo período do ano anterior)",2.2
"201203","Despesa de consumo das famílias","Taxa trimestral (em relação ao mesmo período do ano anterior)",3.9
"201204","Despesa de consumo das famílias","Taxa trimestral (em relação ao mesmo período do ano anterior)",4.8
"201301","Despesa de consumo das famílias","Taxa trimestral (em relação ao mesmo período do ano anterior)",3.8
"201302","Despesa de consumo das famílias","Taxa trimestral (em relação ao mesmo período do ano anterior)",4.1
"201303","Despesa de consumo das famílias","Taxa trimestral (em relação ao mesmo período do ano anterior)",3.5
"201304","Despesa de consumo das famílias","Taxa trimestral (em relação ao mesmo período do ano anterior)",2.5
"201401","Despesa de consumo das famílias","Taxa trimestral (em relação ao mesmo período do ano anterior)",3.6
"201402","Despesa de consumo das famílias","Taxa trimestral (em relação ao mesmo período do ano anterior)",1.5
"201403","Despesa de consumo das famílias","Taxa trimestral (em relação ao mesmo período do ano anterior)",1.1
"201404","Despesa de consumo das famílias","Taxa trimestral (em relação ao mesmo período do ano anterior)",2.8
"201501","Despesa de consumo das famílias","Taxa trimestral (em relação ao mesmo período do ano anterior)",-0.6
"201502","Despesa de consumo das famílias","Taxa trimestral (em relação ao mesmo período do ano anterior)",-2.2
"201503","Despesa de consumo das famílias","Taxa trimestral (em relação ao mesmo período do ano anterior)",-3.9
"201504","Despesa de consumo das famílias","Taxa trimestral (em relação ao mesmo período do ano anterior)",-5.9
"201601","Despesa de consumo das famílias","Taxa trimestral (em relação ao mesmo período do ano anterior)",-5.6
"201602","Despesa de consumo das famílias","Taxa trimestral (em relação ao mesmo período do ano anterior)",-4.5
"201603","Despesa de consumo das famílias","Taxa trimestral (em relação ao mesmo período do ano anterior)",-2.9
"201604","Despesa de consumo das famílias","Taxa trimestral (em relação ao mesmo período do ano anterior)",-2.4
"201701","Despesa de consumo das famílias","Taxa trimestral (em relação ao mesmo período do ano anterior)",-0.5
"201702","Despesa de consumo das famílias","Taxa trimestral (em relação ao mesmo período do ano anterior)",1.5
"201703","Despesa de consumo das famílias","Taxa trimestral (em relação ao mesmo período do ano anterior)",3.1
"201704","Despesa de consumo das famílias","Taxa trimestral (em relação ao mesmo período do ano anterior)",3.7
"201801","Despesa de consumo das famílias","Taxa trimestral (em relação ao mesmo período do ano anterior)",3.7
"201802","Despesa de consumo das famílias","Taxa trimestral (em relação ao mesmo período do ano anterior)",2.2
"201803","Despesa de consumo das famílias","Taxa trimestral (em relação ao mesmo período do ano anterior)",1.9
"201804","Despesa de consumo das famílias","Taxa trimestral (em relação ao mesmo período do ano anterior)",1.8
"201901","Despesa de consumo das famílias","Taxa trimestral (em relação ao mesmo período do ano anterior)",2.3
"201902","Despesa de consumo das famílias","Taxa trimestral (em relação ao mesmo período do ano anterior)",2.4
"201903","Despesa de consumo das famílias","Taxa trimestral (em relação ao mesmo período do ano anterior)",2.6
"201904","Despesa de consumo das famílias","Taxa trimestral (em relação ao mesmo período do ano anterior)",3
"202001","Despesa de consumo das famílias","Taxa trimestral (em relação ao mesmo período do ano anterior)",0.4
"202002","Despesa de consumo das famílias","Taxa trimestral (em relação ao mesmo período do ano anterior)",-11.2
"202003","Despesa de consumo das famílias","Taxa trimestral (em relação ao mesmo período do ano anterior)",-5.1
"202004","Despesa de consumo das famílias","Taxa trimestral (em relação ao mesmo período do ano anterior)",-2.4
"202101","Despesa de consumo das famílias","Taxa trimestral (em relação ao mesmo período do ano anterior)",-1.5
"202102","Despesa de consumo das famílias","Taxa trimestral (em relação ao mesmo período do ano anterior)",9.7
"202103","Despesa de consumo das famílias","Taxa trimestral (em relação ao mesmo período do ano anterior)",3.8
"202104","Despesa de consumo das famílias","Taxa trimestral (em relação ao mesmo período do ano anterior)",0.7
"202201","Despesa de consumo das famílias","Taxa trimestral (em relação ao mesmo período do ano anterior)",1.7
"202202","Despesa de consumo das famílias","Taxa trimestral (em relação ao mesmo período do ano anterior)",5.5
"202203","Despesa de consumo das famílias","Taxa trimestral (em relação ao mesmo período do ano anterior)",4.8
"202204","Despesa de consumo das famílias","Taxa trimestral (em relação ao mesmo período do ano anterior)",4.6
"202301","Despesa de consumo das famílias","Taxa trimestral (em relação ao mesmo período do ano anterior)",4
"202302","Despesa de consumo das famílias","Taxa trimestral (em relação ao mesmo período do ano anterior)",3.1
"202303","Despesa de consumo das famílias","Taxa trimestral (em relação ao mesmo período do ano anterior)",3.3
"202304","Despesa de consumo das famílias","Taxa trimestral (em relação ao mesmo período do ano anterior)",2.6
"202401","Despesa de consumo das famílias","Taxa trimestral (em relação ao mesmo período do ano anterior)",5.2
"202402","Despesa de consumo das famílias","Taxa trimestral (em relação ao mesmo período do ano anterior)",5.4
"202403","Despesa de consumo das famílias","Taxa trimestral (em relação ao mesmo período do ano anterior)",5.8
"202404","Despesa de consumo das famílias","Taxa trimestral (em relação ao mesmo período do ano anterior)",4
"202501","Despesa de consumo das famílias","Taxa trimestral (em relação ao mesmo período do ano anterior)",2.2
"202502","Despesa de consumo das famílias","Taxa trimestral (em relação ao mesmo período do ano anterior)",1.8
"202503","Despesa de consumo das famílias","Taxa trimestral (em relação ao mesmo período do ano anterior)",0.4
"202504","Despesa de consumo das famílias","Taxa trimestral (em relação ao mesmo período do ano anterior)",1
"202601","Despesa de consumo das famílias","Taxa trimestral (em relação ao mesmo período do ano anterior)",1.7
"202602","Despesa de consumo das famílias","Taxa trimestral (em relação ao mesmo período do ano anterior)",0.5
"199601","Despesa de consumo da administração pública","Taxa trimestral (em relação ao mesmo período do ano anterior)",-3.3
"199602","Despesa de consumo da administração pública","Taxa trimestral (em relação ao mesmo período do ano anterior)",-0.2
"199603","Despesa de consumo da administração pública","Taxa trimestral (em relação ao mesmo período do ano anterior)",2.8
"199604","Despesa de consumo da administração pública","Taxa trimestral (em relação ao mesmo período do ano anterior)",-6.8
"199701","Despesa de consumo da administração pública","Taxa trimestral (em relação ao mesmo período do ano anterior)",1.2
"199702","Despesa de consumo da administração pública","Taxa trimestral (em relação ao mesmo período do ano anterior)",-0.8
"199703","Despesa de consumo da administração pública","Taxa trimestral (em relação ao mesmo período do ano anterior)",-5.7
"199704","Despesa de consumo da administração pública","Taxa trimestral (em relação ao mesmo período do ano anterior)",11.5
"199801","Despesa de consumo da administração pública","Taxa trimestral (em relação ao mesmo período do ano anterior)",1.2
"199802","Despesa de consumo da administração pública","Taxa trimestral (em relação ao mesmo período do ano anterior)",2.3
"199803","Despesa de consumo da administração pública","Taxa trimestral (em relação ao mesmo período do ano anterior)",5.4
"199804","Despesa de consumo da administração pública","Taxa trimestral (em relação ao mesmo período do ano anterior)",4
"199901","Despesa de consumo da administração pública","Taxa trimestral (em relação ao mesmo período do ano anterior)",0.7
"199902","Despesa de consumo da administração pública","Taxa trimestral (em relação ao mesmo período do ano anterior)",1
"199903","Despesa de consumo da administração pública","Taxa trimestral (em relação ao mesmo período do ano anterior)",1.1
"199904","Despesa de consumo da administração pública","Taxa trimestral (em relação ao mesmo período do ano anterior)",3.9
"200001","Despesa de consumo da administração pública","Taxa trimestral (em relação ao mesmo período do ano anterior)",3.6
"200002","Despesa de consumo da administração pública","Taxa trimestral (em relação ao mesmo período do ano anterior)",1.3
"200003","Despesa de consumo da administração pública","Taxa trimestral (em relação ao mesmo período do ano anterior)",-2.3
"200004","Despesa de consumo da administração pública","Taxa trimestral (em relação ao mesmo período do ano anterior)",-2.8
"200101","Despesa de consumo da administração pública","Taxa trimestral (em relação ao mesmo período do ano anterior)",1.1
"200102","Despesa de consumo da administração pública","Taxa trimestral (em relação ao mesmo período do ano anterior)",2.2
"200103","Despesa de consumo da administração pública","Taxa trimestral (em relação ao mesmo período do ano anterior)",3.5
"200104","Despesa de consumo da administração pública","Taxa trimestral (em relação ao mesmo período do ano anterior)",3.6
"200201","Despesa de consumo da administração pública","Taxa trimestral (em relação ao mesmo período do ano anterior)",4.3
"200202","Despesa de consumo da administração pública","Taxa trimestral (em relação ao mesmo período do ano anterior)",4.1
"200203","Despesa de consumo da administração pública","Taxa trimestral (em relação ao mesmo período do ano anterior)",4.2
"200204","Despesa de consumo da administração pública","Taxa trimestral (em relação ao mesmo período do ano anterior)",2.8
"200301","Despesa de consumo da administração pública","Taxa trimestral (em relação ao mesmo período do ano anterior)",-0.8
"200302","Despesa de consumo da administração pública","Taxa trimestral (em relação ao mesmo período do ano anterior)",0.3
"200303","Despesa de consumo da administração pública","Taxa trimestral (em relação ao mesmo período do ano anterior)",2
"200304","Despesa de consumo da administração pública","Taxa trimestral (em relação ao mesmo período do ano anterior)",4.7
"200401","Despesa de consumo da administração pública","Taxa trimestral (em relação ao mesmo período do ano anterior)",3.6
"200402","Despesa de consumo da administração pública","Taxa trimestral (em relação ao mesmo período do ano anterior)",6.5
"200403","Despesa de consumo da administração pública","Taxa trimestral (em relação ao mesmo período do ano anterior)",4.3
"200404","Despesa de consumo da administração pública","Taxa trimestral (em relação ao mesmo período do ano anterior)",1.3
"200501","Despesa de consumo da administração pública","Taxa trimestral (em relação ao mesmo período do ano anterior)",3.7
"200502","Despesa de consumo da administração pública","Taxa trimestral (em relação ao mesmo período do ano anterior)",0.6
"200503","Despesa de consumo da administração pública","Taxa trimestral (em relação ao mesmo período do ano anterior)",1.7
"200504","Despesa de consumo da administração pública","Taxa trimestral (em relação ao mesmo período do ano anterior)",2.1
"200601","Despesa de consumo da administração pública","Taxa trimestral (em relação ao mesmo período do ano anterior)",3
"200602","Despesa de consumo da administração pública","Taxa trimestral (em relação ao mesmo período do ano anterior)",2.4
"200603","Despesa de consumo da administração pública","Taxa trimestral (em relação ao mesmo período do ano anterior)",2.6
"200604","Despesa de consumo da administração pública","Taxa trimestral (em relação ao mesmo período do ano anterior)",6.2
"200701","Despesa de consumo da administração pública","Taxa trimestral (em relação ao mesmo período do ano anterior)",4.3
"200702","Despesa de consumo da administração pública","Taxa trimestral (em relação ao mesmo período do ano anterior)",6.6
"200703","Despesa de consumo da administração pública","Taxa trimestral (em relação ao mesmo período do ano anterior)",4.9
"200704","Despesa de consumo da administração pública","Taxa trimestral (em relação ao mesmo período do ano anterior)",0.7
"200801","Despesa de consumo da administração pública","Taxa trimestral (em relação ao mesmo período do ano anterior)",3
"200802","Despesa de consumo da administração pública","Taxa trimestral (em relação ao mesmo período do ano anterior)",0.5
"200803","Despesa de consumo da administração pública","Taxa trimestral (em relação ao mesmo período do ano anterior)",3.9
"200804","Despesa de consumo da administração pública","Taxa trimestral (em relação ao mesmo período do ano anterior)",0.9
"200901","Despesa de consumo da administração pública","Taxa trimestral (em relação ao mesmo período do ano anterior)",3.2
"200902","Despesa de consumo da administração pública","Taxa trimestral (em relação ao mesmo período do ano anterior)",2.2
"200903","Despesa de consumo da administração pública","Taxa trimestral (em relação ao mesmo período do ano anterior)",0.3
"200904","Despesa de consumo da administração pública","Taxa trimestral (em relação ao mesmo período do ano anterior)",6.1
"201001","Despesa de consumo da administração pública","Taxa trimestral (em relação ao mesmo período do ano anterior)",3
"201002","Despesa de consumo da administração pública","Taxa trimestral (em relação ao mesmo período do ano anterior)",5.1
"201003","Despesa de consumo da administração pública","Taxa trimestral (em relação ao mesmo período do ano anterior)",4.8
"201004","Despesa de consumo da administração pública","Taxa trimestral (em relação ao mesmo período do ano anterior)",2.8
"201101","Despesa de consumo da administração pública","Taxa trimestral (em relação ao mesmo período do ano anterior)",2.6
"201102","Despesa de consumo da administração pública","Taxa trimestral (em relação ao mesmo período do ano anterior)",3.3
"201103","Despesa de consumo da administração pública","Taxa trimestral (em relação ao mesmo período do ano anterior)",1.8
"201104","Despesa de consumo da administração pública","Taxa trimestral (em relação ao mesmo período do ano anterior)",1.2
"201201","Despesa de consumo da administração pública","Taxa trimestral (em relação ao mesmo período do ano anterior)",2.1
"201202","Despesa de consumo da administração pública","Taxa trimestral (em relação ao mesmo período do ano anterior)",2.1
"201203","Despesa de consumo da administração pública","Taxa trimestral (em relação ao mesmo período do ano anterior)",1.9
"201204","Despesa de consumo da administração pública","Taxa trimestral (em relação ao mesmo período do ano anterior)",2.9
"201301","Despesa de consumo da administração pública","Taxa trimestral (em relação ao mesmo período do ano anterior)",-0.1
"201302","Despesa de consumo da administração pública","Taxa trimestral (em relação ao mesmo período do ano anterior)",1.2
"201303","Despesa de consumo da administração pública","Taxa trimestral (em relação ao mesmo período do ano anterior)",2.5
"201304","Despesa de consumo da administração pública","Taxa trimestral (em relação ao mesmo período do ano anterior)",2.4
"201401","Despesa de consumo da administração pública","Taxa trimestral (em relação ao mesmo período do ano anterior)",2
"201402","Despesa de consumo da administração pública","Taxa trimestral (em relação ao mesmo período do ano anterior)",1.2
"201403","Despesa de consumo da administração pública","Taxa trimestral (em relação ao mesmo período do ano anterior)",1
"201404","Despesa de consumo da administração pública","Taxa trimestral (em relação ao mesmo período do ano anterior)",-0.9
"201501","Despesa de consumo da administração pública","Taxa trimestral (em relação ao mesmo período do ano anterior)",-0.4
"201502","Despesa de consumo da administração pública","Taxa trimestral (em relação ao mesmo período do ano anterior)",-1.6
"201503","Despesa de consumo da administração pública","Taxa trimestral (em relação ao mesmo período do ano anterior)",-1.8
"201504","Despesa de consumo da administração pública","Taxa trimestral (em relação ao mesmo período do ano anterior)",-1.9
"201601","Despesa de consumo da administração pública","Taxa trimestral (em relação ao mesmo período do ano anterior)",-0.1
"201602","Despesa de consumo da administração pública","Taxa trimestral (em relação ao mesmo período do ano anterior)",0.5
"201603","Despesa de consumo da administração pública","Taxa trimestral (em relação ao mesmo período do ano anterior)",0
"201604","Despesa de consumo da administração pública","Taxa trimestral (em relação ao mesmo período do ano anterior)",0.5
"201701","Despesa de consumo da administração pública","Taxa trimestral (em relação ao mesmo período do ano anterior)",-1.6
"201702","Despesa de consumo da administração pública","Taxa trimestral (em relação ao mesmo período do ano anterior)",-0.9
"201703","Despesa de consumo da administração pública","Taxa trimestral (em relação ao mesmo período do ano anterior)",-0.8
"201704","Despesa de consumo da administração pública","Taxa trimestral (em relação ao mesmo período do ano anterior)",0.5
"201801","Despesa de consumo da administração pública","Taxa trimestral (em relação ao mesmo período do ano anterior)",1
"201802","Despesa de consumo da administração pública","Taxa trimestral (em relação ao mesmo período do ano anterior)",1.2
"201803","Despesa de consumo da administração pública","Taxa trimestral (em relação ao mesmo período do ano anterior)",1.6
"201804","Despesa de consumo da administração pública","Taxa trimestral (em relação ao mesmo período do ano anterior)",-0.6
"201901","Despesa de consumo da administração pública","Taxa trimestral (em relação ao mesmo período do ano anterior)",-0.4
"201902","Despesa de consumo da administração pública","Taxa trimestral (em relação ao mesmo período do ano anterior)",-0.5
"201903","Despesa de consumo da administração pública","Taxa trimestral (em relação ao mesmo período do ano anterior)",-1.2
"201904","Despesa de consumo da administração pública","Taxa trimestral (em relação ao mesmo período do ano anterior)",0.1
"202001","Despesa de consumo da administração pública","Taxa trimestral (em relação ao mesmo período do ano anterior)",-0.1
"202002","Despesa de consumo da administração pública","Taxa trimestral (em relação ao mesmo período do ano anterior)",-7.9
"202003","Despesa de consumo da administração pública","Taxa trimestral (em relação ao mesmo período do ano anterior)",-4.4
"202004","Despesa de consumo da administração pública","Taxa trimestral (em relação ao mesmo período do ano anterior)",-2.2
"202101","Despesa de consumo da administração pública","Taxa trimestral (em relação ao mesmo período do ano anterior)",-2.1
"202102","Despesa de consumo da administração pública","Taxa trimestral (em relação ao mesmo período do ano anterior)",8.1
"202103","Despesa de consumo da administração pública","Taxa trimestral (em relação ao mesmo período do ano anterior)",6.1
"202104","Despesa de consumo da administração pública","Taxa trimestral (em relação ao mesmo período do ano anterior)",4.7
"202201","Despesa de consumo da administração pública","Taxa trimestral (em relação ao mesmo período do ano anterior)",4
"202202","Despesa de consumo da administração pública","Taxa trimestral (em relação ao mesmo período do ano anterior)",1.8
"202203","Despesa de consumo da administração pública","Taxa trimestral (em relação ao mesmo período do ano anterior)",2.6
"202204","Despesa de consumo da administração pública","Taxa trimestral (em relação ao mesmo período do ano anterior)",0.3
"202301","Despesa de consumo da administração pública","Taxa trimestral (em relação ao mesmo período do ano anterior)",1.5
"202302","Despesa de consumo da administração pública","Taxa trimestral (em relação ao mesmo período do ano anterior)",4.8
"202303","Despesa de consumo da administração pública","Taxa trimestral (em relação ao mesmo período do ano anterior)",3.5
"202304","Despesa de consumo da administração pública","Taxa trimestral (em relação ao mesmo período do ano anterior)",5.1
"202401","Despesa de consumo da administração pública","Taxa trimestral (em relação ao mesmo período do ano anterior)",3.6
"202402","Despesa de consumo da administração pública","Taxa trimestral (em relação ao mesmo período do ano anterior)",2.1
"202403","Despesa de consumo da administração pública","Taxa trimestral (em relação ao mesmo período do ano anterior)",2.4
"202404","Despesa de consumo da administração pública","Taxa trimestral (em relação ao mesmo período do ano anterior)",0.1
"202501","Despesa de consumo da administração pública","Taxa trimestral (em relação ao mesmo período do ano anterior)",2
"202502","Despesa de consumo da administração pública","Taxa trimestral (em relação ao mesmo período do ano anterior)",0.9
"202503","Despesa de consumo da administração pública","Taxa trimestral (em relação ao mesmo período do ano anterior)",1.8
"202504","Despesa de consumo da administração pública","Taxa trimestral (em relação ao mesmo período do ano anterior)",3.6
"202601","Despesa de consumo da administração pública","Taxa trimestral (em relação ao mesmo período do ano anterior)",2.8
"202602","Despesa de consumo da administração pública","Taxa trimestral (em relação ao mesmo período do ano anterior)",3.1
"199601","Formação bruta de capital fixo","Taxa trimestral (em relação ao mesmo período do ano anterior)",-12.7
"199602","Formação bruta de capital fixo","Taxa trimestral (em relação ao mesmo período do ano anterior)",-4.1
"199603","Formação bruta de capital fixo","Taxa trimestral (em relação ao mesmo período do ano anterior)",10.1
"199604","Formação bruta de capital fixo","Taxa trimestral (em relação ao mesmo período do ano anterior)",13.9
"199701","Formação bruta de capital fixo","Taxa trimestral (em relação ao mesmo período do ano anterior)",11.3
"199702","Formação bruta de capital fixo","Taxa trimestral (em relação ao mesmo período do ano anterior)",10.7
"199703","Formação bruta de capital fixo","Taxa trimestral (em relação ao mesmo período do ano anterior)",8.5
"199704","Formação bruta de capital fixo","Taxa trimestral (em relação ao mesmo período do ano anterior)",3.6
"199801","Formação bruta de capital fixo","Taxa trimestral (em relação ao mesmo período do ano anterior)",3.5
"199802","Formação bruta de capital fixo","Taxa trimestral (em relação ao mesmo período do ano anterior)",2.1
"199803","Formação bruta de capital fixo","Taxa trimestral (em relação ao mesmo período do ano anterior)",-1.2
"199804","Formação bruta de capital fixo","Taxa trimestral (em relação ao mesmo período do ano anterior)",-4.9
"199901","Formação bruta de capital fixo","Taxa trimestral (em relação ao mesmo período do ano anterior)",-8.4
"199902","Formação bruta de capital fixo","Taxa trimestral (em relação ao mesmo período do ano anterior)",-10.4
"199903","Formação bruta de capital fixo","Taxa trimestral (em relação ao mesmo período do ano anterior)",-11.3
"199904","Formação bruta de capital fixo","Taxa trimestral (em relação ao mesmo período do ano anterior)",-5
"200001","Formação bruta de capital fixo","Taxa trimestral (em relação ao mesmo período do ano anterior)",-0.3
"200002","Formação bruta de capital fixo","Taxa trimestral (em relação ao mesmo período do ano anterior)",3.9
"200003","Formação bruta de capital fixo","Taxa trimestral (em relação ao mesmo período do ano anterior)",6.8
"200004","Formação bruta de capital fixo","Taxa trimestral (em relação ao mesmo período do ano anterior)",8.8
"200101","Formação bruta de capital fixo","Taxa trimestral (em relação ao mesmo período do ano anterior)",10.2
"200102","Formação bruta de capital fixo","Taxa trimestral (em relação ao mesmo período do ano anterior)",2
"200103","Formação bruta de capital fixo","Taxa trimestral (em relação ao mesmo período do ano anterior)",1.2
"200104","Formação bruta de capital fixo","Taxa trimestral (em relação ao mesmo período do ano anterior)",-7.4
"200201","Formação bruta de capital fixo","Taxa trimestral (em relação ao mesmo período do ano anterior)",-7.9
"200202","Formação bruta de capital fixo","Taxa trimestral (em relação ao mesmo período do ano anterior)",-4.3
"200203","Formação bruta de capital fixo","Taxa trimestral (em relação ao mesmo período do ano anterior)",-0.5
"200204","Formação bruta de capital fixo","Taxa trimestral (em relação ao mesmo período do ano anterior)",7.6
"200301","Formação bruta de capital fixo","Taxa trimestral (em relação ao mesmo período do ano anterior)",3.1
"200302","Formação bruta de capital fixo","Taxa trimestral (em relação ao mesmo período do ano anterior)",-6.8
"200303","Formação bruta de capital fixo","Taxa trimestral (em relação ao mesmo período do ano anterior)",-6.9
"200304","Formação bruta de capital fixo","Taxa trimestral (em relação ao mesmo período do ano anterior)",-4.9
"200401","Formação bruta de capital fixo","Taxa trimestral (em relação ao mesmo período do ano anterior)",0.9
"200402","Formação bruta de capital fixo","Taxa trimestral (em relação ao mesmo período do ano anterior)",11.9
"200403","Formação bruta de capital fixo","Taxa trimestral (em relação ao mesmo período do ano anterior)",14.2
"200404","Formação bruta de capital fixo","Taxa trimestral (em relação ao mesmo período do ano anterior)",7.2
"200501","Formação bruta de capital fixo","Taxa trimestral (em relação ao mesmo período do ano anterior)",1.4
"200502","Formação bruta de capital fixo","Taxa trimestral (em relação ao mesmo período do ano anterior)",3
"200503","Formação bruta de capital fixo","Taxa trimestral (em relação ao mesmo período do ano anterior)",0.9
"200504","Formação bruta de capital fixo","Taxa trimestral (em relação ao mesmo período do ano anterior)",2.6
"200601","Formação bruta de capital fixo","Taxa trimestral (em relação ao mesmo período do ano anterior)",8.8
"200602","Formação bruta de capital fixo","Taxa trimestral (em relação ao mesmo período do ano anterior)",3.6
"200603","Formação bruta de capital fixo","Taxa trimestral (em relação ao mesmo período do ano anterior)",5.8
"200604","Formação bruta de capital fixo","Taxa trimestral (em relação ao mesmo período do ano anterior)",8.7
"200701","Formação bruta de capital fixo","Taxa trimestral (em relação ao mesmo período do ano anterior)",7.2
"200702","Formação bruta de capital fixo","Taxa trimestral (em relação ao mesmo período do ano anterior)",12.4
"200703","Formação bruta de capital fixo","Taxa trimestral (em relação ao mesmo período do ano anterior)",14.2
"200704","Formação bruta de capital fixo","Taxa trimestral (em relação ao mesmo período do ano anterior)",13.7
"200801","Formação bruta de capital fixo","Taxa trimestral (em relação ao mesmo período do ano anterior)",12
"200802","Formação bruta de capital fixo","Taxa trimestral (em relação ao mesmo período do ano anterior)",13.6
"200803","Formação bruta de capital fixo","Taxa trimestral (em relação ao mesmo período do ano anterior)",18
"200804","Formação bruta de capital fixo","Taxa trimestral (em relação ao mesmo período do ano anterior)",5.5
"200901","Formação bruta de capital fixo","Taxa trimestral (em relação ao mesmo período do ano anterior)",-9.5
"200902","Formação bruta de capital fixo","Taxa trimestral (em relação ao mesmo período do ano anterior)",-8.3
"200903","Formação bruta de capital fixo","Taxa trimestral (em relação ao mesmo período do ano anterior)",-3.9
"200904","Formação bruta de capital fixo","Taxa trimestral (em relação ao mesmo período do ano anterior)",12.9
"201001","Formação bruta de capital fixo","Taxa trimestral (em relação ao mesmo período do ano anterior)",29
"201002","Formação bruta de capital fixo","Taxa trimestral (em relação ao mesmo período do ano anterior)",22.9
"201003","Formação bruta de capital fixo","Taxa trimestral (em relação ao mesmo período do ano anterior)",15.3
"201004","Formação bruta de capital fixo","Taxa trimestral (em relação ao mesmo período do ano anterior)",7.8
"201101","Formação bruta de capital fixo","Taxa trimestral (em relação ao mesmo período do ano anterior)",8.2
"201102","Formação bruta de capital fixo","Taxa trimestral (em relação ao mesmo período do ano anterior)",8.1
"201103","Formação bruta de capital fixo","Taxa trimestral (em relação ao mesmo período do ano anterior)",5.8
"201104","Formação bruta de capital fixo","Taxa trimestral (em relação ao mesmo período do ano anterior)",5.5
"201201","Formação bruta de capital fixo","Taxa trimestral (em relação ao mesmo período do ano anterior)",3.1
"201202","Formação bruta de capital fixo","Taxa trimestral (em relação ao mesmo período do ano anterior)",1.1
"201203","Formação bruta de capital fixo","Taxa trimestral (em relação ao mesmo período do ano anterior)",-1.5
"201204","Formação bruta de capital fixo","Taxa trimestral (em relação ao mesmo período do ano anterior)",0.6
"201301","Formação bruta de capital fixo","Taxa trimestral (em relação ao mesmo período do ano anterior)",3
"201302","Formação bruta de capital fixo","Taxa trimestral (em relação ao mesmo período do ano anterior)",8.5
"201303","Formação bruta de capital fixo","Taxa trimestral (em relação ao mesmo período do ano anterior)",7.3
"201304","Formação bruta de capital fixo","Taxa trimestral (em relação ao mesmo período do ano anterior)",4.4
"201401","Formação bruta de capital fixo","Taxa trimestral (em relação ao mesmo período do ano anterior)",4.2
"201402","Formação bruta de capital fixo","Taxa trimestral (em relação ao mesmo período do ano anterior)",-6.4
"201403","Formação bruta de capital fixo","Taxa trimestral (em relação ao mesmo período do ano anterior)",-7.4
"201404","Formação bruta de capital fixo","Taxa trimestral (em relação ao mesmo período do ano anterior)",-6.5
"201501","Formação bruta de capital fixo","Taxa trimestral (em relação ao mesmo período do ano anterior)",-9.4
"201502","Formação bruta de capital fixo","Taxa trimestral (em relação ao mesmo período do ano anterior)",-12.3
"201503","Formação bruta de capital fixo","Taxa trimestral (em relação ao mesmo período do ano anterior)",-14.9
"201504","Formação bruta de capital fixo","Taxa trimestral (em relação ao mesmo período do ano anterior)",-19.3
"201601","Formação bruta de capital fixo","Taxa trimestral (em relação ao mesmo período do ano anterior)",-18.7
"201602","Formação bruta de capital fixo","Taxa trimestral (em relação ao mesmo período do ano anterior)",-10.7
"201603","Formação bruta de capital fixo","Taxa trimestral (em relação ao mesmo período do ano anterior)",-10.6
"201604","Formação bruta de capital fixo","Taxa trimestral (em relação ao mesmo período do ano anterior)",-7.6
"201701","Formação bruta de capital fixo","Taxa trimestral (em relação ao mesmo período do ano anterior)",-5.3
"201702","Formação bruta de capital fixo","Taxa trimestral (em relação ao mesmo período do ano anterior)",-7.6
"201703","Formação bruta de capital fixo","Taxa trimestral (em relação ao mesmo período do ano anterior)",-0.9
"201704","Formação bruta de capital fixo","Taxa trimestral (em relação ao mesmo período do ano anterior)",4
"201801","Formação bruta de capital fixo","Taxa trimestral (em relação ao mesmo período do ano anterior)",3.4
"201802","Formação bruta de capital fixo","Taxa trimestral (em relação ao mesmo período do ano anterior)",3.9
"201803","Formação bruta de capital fixo","Taxa trimestral (em relação ao mesmo período do ano anterior)",9.2
"201804","Formação bruta de capital fixo","Taxa trimestral (em relação ao mesmo período do ano anterior)",4.2
"201901","Formação bruta de capital fixo","Taxa trimestral (em relação ao mesmo período do ano anterior)",3
"201902","Formação bruta de capital fixo","Taxa trimestral (em relação ao mesmo período do ano anterior)",7.4
"201903","Formação bruta de capital fixo","Taxa trimestral (em relação ao mesmo período do ano anterior)",4.9
"201904","Formação bruta de capital fixo","Taxa trimestral (em relação ao mesmo período do ano anterior)",1
"202001","Formação bruta de capital fixo","Taxa trimestral (em relação ao mesmo período do ano anterior)",7
"202002","Formação bruta de capital fixo","Taxa trimestral (em relação ao mesmo período do ano anterior)",-14.5
"202003","Formação bruta de capital fixo","Taxa trimestral (em relação ao mesmo período do ano anterior)",-8.8
"202004","Formação bruta de capital fixo","Taxa trimestral (em relação ao mesmo período do ano anterior)",10.4
"202101","Formação bruta de capital fixo","Taxa trimestral (em relação ao mesmo período do ano anterior)",11.7
"202102","Formação bruta de capital fixo","Taxa trimestral (em relação ao mesmo período do ano anterior)",26.7
"202103","Formação bruta de capital fixo","Taxa trimestral (em relação ao mesmo período do ano anterior)",14.8
"202104","Formação bruta de capital fixo","Taxa trimestral (em relação ao mesmo período do ano anterior)",1.7
"202201","Formação bruta de capital fixo","Taxa trimestral (em relação ao mesmo período do ano anterior)",-5.9
"202202","Formação bruta de capital fixo","Taxa trimestral (em relação ao mesmo período do ano anterior)",2
"202203","Formação bruta de capital fixo","Taxa trimestral (em relação ao mesmo período do ano anterior)",5.1
"202204","Formação bruta de capital fixo","Taxa trimestral (em relação ao mesmo período do ano anterior)",3.2
"202301","Formação bruta de capital fixo","Taxa trimestral (em relação ao mesmo período do ano anterior)",1.5
"202302","Formação bruta de capital fixo","Taxa trimestral (em relação ao mesmo período do ano anterior)",-1.5
"202303","Formação bruta de capital fixo","Taxa trimestral (em relação ao mesmo período do ano anterior)",-6.8
"202304","Formação bruta de capital fixo","Taxa trimestral (em relação ao mesmo período do ano anterior)",-4.4
"202401","Formação bruta de capital fixo","Taxa trimestral (em relação ao mesmo período do ano anterior)",2.6
"202402","Formação bruta de capital fixo","Taxa trimestral (em relação ao mesmo período do ano anterior)",5.2
"202403","Formação bruta de capital fixo","Taxa trimestral (em relação ao mesmo período do ano anterior)",10.3
"202404","Formação bruta de capital fixo","Taxa trimestral (em relação ao mesmo período do ano anterior)",9.2
"202501","Formação bruta de capital fixo","Taxa trimestral (em relação ao mesmo período do ano anterior)",9
"202502","Formação bruta de capital fixo","Taxa trimestral (em relação ao mesmo período do ano anterior)",4.1
"202503","Formação bruta de capital fixo","Taxa trimestral (em relação ao mesmo período do ano anterior)",2.3
"202504","Formação bruta de capital fixo","Taxa trimestral (em relação ao mesmo período do ano anterior)",-3.1
"202601","Formação bruta de capital fixo","Taxa trimestral (em relação ao mesmo período do ano anterior)",-1.4
"202602","Formação bruta de capital fixo","Taxa trimestral (em relação ao mesmo período do ano anterior)",1.4
"199601","Exportação de bens e serviços","Taxa trimestral (em relação ao mesmo período do ano anterior)",4.7
"199602","Exportação de bens e serviços","Taxa trimestral (em relação ao mesmo período do ano anterior)",4.5
"199603","Exportação de bens e serviços","Taxa trimestral (em relação ao mesmo período do ano anterior)",-3.6
"199604","Exportação de bens e serviços","Taxa trimestral (em relação ao mesmo período do ano anterior)",-6.6
"199701","Exportação de bens e serviços","Taxa trimestral (em relação ao mesmo período do ano anterior)",-0.5
"199702","Exportação de bens e serviços","Taxa trimestral (em relação ao mesmo período do ano anterior)",14.3
"199703","Exportação de bens e serviços","Taxa trimestral (em relação ao mesmo período do ano anterior)",17.5
"199704","Exportação de bens e serviços","Taxa trimestral (em relação ao mesmo período do ano anterior)",11.6
"199801","Exportação de bens e serviços","Taxa trimestral (em relação ao mesmo período do ano anterior)",10.4
"199802","Exportação de bens e serviços","Taxa trimestral (em relação ao mesmo período do ano anterior)",4.8
"199803","Exportação de bens e serviços","Taxa trimestral (em relação ao mesmo período do ano anterior)",-0.1
"199804","Exportação de bens e serviços","Taxa trimestral (em relação ao mesmo período do ano anterior)",6.1
"199901","Exportação de bens e serviços","Taxa trimestral (em relação ao mesmo período do ano anterior)",-0.1
"199902","Exportação de bens e serviços","Taxa trimestral (em relação ao mesmo período do ano anterior)",-1
"199903","Exportação de bens e serviços","Taxa trimestral (em relação ao mesmo período do ano anterior)",3.3
"199904","Exportação de bens e serviços","Taxa trimestral (em relação ao mesmo período do ano anterior)",21.8
"200001","Exportação de bens e serviços","Taxa trimestral (em relação ao mesmo período do ano anterior)",20.7
"200002","Exportação de bens e serviços","Taxa trimestral (em relação ao mesmo período do ano anterior)",11.2
"200003","Exportação de bens e serviços","Taxa trimestral (em relação ao mesmo período do ano anterior)",18.6
"200004","Exportação de bens e serviços","Taxa trimestral (em relação ao mesmo período do ano anterior)",2.7
"200101","Exportação de bens e serviços","Taxa trimestral (em relação ao mesmo período do ano anterior)",11.2
"200102","Exportação de bens e serviços","Taxa trimestral (em relação ao mesmo período do ano anterior)",13.8
"200103","Exportação de bens e serviços","Taxa trimestral (em relação ao mesmo período do ano anterior)",3
"200104","Exportação de bens e serviços","Taxa trimestral (em relação ao mesmo período do ano anterior)",9.8
"200201","Exportação de bens e serviços","Taxa trimestral (em relação ao mesmo período do ano anterior)",-4.6
"200202","Exportação de bens e serviços","Taxa trimestral (em relação ao mesmo período do ano anterior)",-11.1
"200203","Exportação de bens e serviços","Taxa trimestral (em relação ao mesmo período do ano anterior)",20.1
"200204","Exportação de bens e serviços","Taxa trimestral (em relação ao mesmo período do ano anterior)",20.9
"200301","Exportação de bens e serviços","Taxa trimestral (em relação ao mesmo período do ano anterior)",14.7
"200302","Exportação de bens e serviços","Taxa trimestral (em relação ao mesmo período do ano anterior)",27.4
"200303","Exportação de bens e serviços","Taxa trimestral (em relação ao mesmo período do ano anterior)",1.6
"200304","Exportação de bens e serviços","Taxa trimestral (em relação ao mesmo período do ano anterior)",5.6
"200401","Exportação de bens e serviços","Taxa trimestral (em relação ao mesmo período do ano anterior)",18.2
"200402","Exportação de bens e serviços","Taxa trimestral (em relação ao mesmo período do ano anterior)",13
"200403","Exportação de bens e serviços","Taxa trimestral (em relação ao mesmo período do ano anterior)",13.7
"200404","Exportação de bens e serviços","Taxa trimestral (em relação ao mesmo período do ano anterior)",13.6
"200501","Exportação de bens e serviços","Taxa trimestral (em relação ao mesmo período do ano anterior)",9.9
"200502","Exportação de bens e serviços","Taxa trimestral (em relação ao mesmo período do ano anterior)",11.1
"200503","Exportação de bens e serviços","Taxa trimestral (em relação ao mesmo período do ano anterior)",10.9
"200504","Exportação de bens e serviços","Taxa trimestral (em relação ao mesmo período do ano anterior)",6.8
"200601","Exportação de bens e serviços","Taxa trimestral (em relação ao mesmo período do ano anterior)",8.5
"200602","Exportação de bens e serviços","Taxa trimestral (em relação ao mesmo período do ano anterior)",-1.7
"200603","Exportação de bens e serviços","Taxa trimestral (em relação ao mesmo período do ano anterior)",7.7
"200604","Exportação de bens e serviços","Taxa trimestral (em relação ao mesmo período do ano anterior)",5.1
"200701","Exportação de bens e serviços","Taxa trimestral (em relação ao mesmo período do ano anterior)",5.5
"200702","Exportação de bens e serviços","Taxa trimestral (em relação ao mesmo período do ano anterior)",12.8
"200703","Exportação de bens e serviços","Taxa trimestral (em relação ao mesmo período do ano anterior)",1.2
"200704","Exportação de bens e serviços","Taxa trimestral (em relação ao mesmo período do ano anterior)",6.1
"200801","Exportação de bens e serviços","Taxa trimestral (em relação ao mesmo período do ano anterior)",-1.8
"200802","Exportação de bens e serviços","Taxa trimestral (em relação ao mesmo período do ano anterior)",5.9
"200803","Exportação de bens e serviços","Taxa trimestral (em relação ao mesmo período do ano anterior)",3.3
"200804","Exportação de bens e serviços","Taxa trimestral (em relação ao mesmo período do ano anterior)",-6
"200901","Exportação de bens e serviços","Taxa trimestral (em relação ao mesmo período do ano anterior)",-14.1
"200902","Exportação de bens e serviços","Taxa trimestral (em relação ao mesmo período do ano anterior)",-9.9
"200903","Exportação de bens e serviços","Taxa trimestral (em relação ao mesmo período do ano anterior)",-9.4
"200904","Exportação de bens e serviços","Taxa trimestral (em relação ao mesmo período do ano anterior)",-3.8
"201001","Exportação de bens e serviços","Taxa trimestral (em relação ao mesmo período do ano anterior)",15.5
"201002","Exportação de bens e serviços","Taxa trimestral (em relação ao mesmo período do ano anterior)",7.1
"201003","Exportação de bens e serviços","Taxa trimestral (em relação ao mesmo período do ano anterior)",11.5
"201004","Exportação de bens e serviços","Taxa trimestral (em relação ao mesmo período do ano anterior)",13.5
"201101","Exportação de bens e serviços","Taxa trimestral (em relação ao mesmo período do ano anterior)",4.2
"201102","Exportação de bens e serviços","Taxa trimestral (em relação ao mesmo período do ano anterior)",6.5
"201103","Exportação de bens e serviços","Taxa trimestral (em relação ao mesmo período do ano anterior)",4.4
"201104","Exportação de bens e serviços","Taxa trimestral (em relação ao mesmo período do ano anterior)",4.1
"201201","Exportação de bens e serviços","Taxa trimestral (em relação ao mesmo período do ano anterior)",5.3
"201202","Exportação de bens e serviços","Taxa trimestral (em relação ao mesmo período do ano anterior)",-1.1
"201203","Exportação de bens e serviços","Taxa trimestral (em relação ao mesmo período do ano anterior)",-3.6
"201204","Exportação de bens e serviços","Taxa trimestral (em relação ao mesmo período do ano anterior)",3.1
"201301","Exportação de bens e serviços","Taxa trimestral (em relação ao mesmo período do ano anterior)",-5
"201302","Exportação de bens e serviços","Taxa trimestral (em relação ao mesmo período do ano anterior)",5.9
"201303","Exportação de bens e serviços","Taxa trimestral (em relação ao mesmo período do ano anterior)",2.5
"201304","Exportação de bens e serviços","Taxa trimestral (em relação ao mesmo período do ano anterior)",3.2
"201401","Exportação de bens e serviços","Taxa trimestral (em relação ao mesmo período do ano anterior)",2.4
"201402","Exportação de bens e serviços","Taxa trimestral (em relação ao mesmo período do ano anterior)",-1
"201403","Exportação de bens e serviços","Taxa trimestral (em relação ao mesmo período do ano anterior)",4.1
"201404","Exportação de bens e serviços","Taxa trimestral (em relação ao mesmo período do ano anterior)",-10.8
"201501","Exportação de bens e serviços","Taxa trimestral (em relação ao mesmo período do ano anterior)",4.1
"201502","Exportação de bens e serviços","Taxa trimestral (em relação ao mesmo período do ano anterior)",8.8
"201503","Exportação de bens e serviços","Taxa trimestral (em relação ao mesmo período do ano anterior)",2.1
"201504","Exportação de bens e serviços","Taxa trimestral (em relação ao mesmo período do ano anterior)",12.5
"201601","Exportação de bens e serviços","Taxa trimestral (em relação ao mesmo período do ano anterior)",12.1
"201602","Exportação de bens e serviços","Taxa trimestral (em relação ao mesmo período do ano anterior)",2.6
"201603","Exportação de bens e serviços","Taxa trimestral (em relação ao mesmo período do ano anterior)",-1
"201604","Exportação de bens e serviços","Taxa trimestral (em relação ao mesmo período do ano anterior)",-8.5
"201701","Exportação de bens e serviços","Taxa trimestral (em relação ao mesmo período do ano anterior)",1.5
"201702","Exportação de bens e serviços","Taxa trimestral (em relação ao mesmo período do ano anterior)",2.1
"201703","Exportação de bens e serviços","Taxa trimestral (em relação ao mesmo período do ano anterior)",7.4
"201704","Exportação de bens e serviços","Taxa trimestral (em relação ao mesmo período do ano anterior)",8.9
"201801","Exportação de bens e serviços","Taxa trimestral (em relação ao mesmo período do ano anterior)",5
"201802","Exportação de bens e serviços","Taxa trimestral (em relação ao mesmo período do ano anterior)",-2.5
"201803","Exportação de bens e serviços","Taxa trimestral (em relação ao mesmo período do ano anterior)",2.5
"201804","Exportação de bens e serviços","Taxa trimestral (em relação ao mesmo período do ano anterior)",11.9
"201901","Exportação de bens e serviços","Taxa trimestral (em relação ao mesmo período do ano anterior)",-2.1
"201902","Exportação de bens e serviços","Taxa trimestral (em relação ao mesmo período do ano anterior)",0.6
"201903","Exportação de bens e serviços","Taxa trimestral (em relação ao mesmo período do ano anterior)",-3.5
"201904","Exportação de bens e serviços","Taxa trimestral (em relação ao mesmo período do ano anterior)",-4.9
"202001","Exportação de bens e serviços","Taxa trimestral (em relação ao mesmo período do ano anterior)",-2.7
"202002","Exportação de bens e serviços","Taxa trimestral (em relação ao mesmo período do ano anterior)",0.3
"202003","Exportação de bens e serviços","Taxa trimestral (em relação ao mesmo período do ano anterior)",-1.6
"202004","Exportação de bens e serviços","Taxa trimestral (em relação ao mesmo período do ano anterior)",-5.2
"202101","Exportação de bens e serviços","Taxa trimestral (em relação ao mesmo período do ano anterior)",-0.4
"202102","Exportação de bens e serviços","Taxa trimestral (em relação ao mesmo período do ano anterior)",12.4
"202103","Exportação de bens e serviços","Taxa trimestral (em relação ao mesmo período do ano anterior)",2.5
"202104","Exportação de bens e serviços","Taxa trimestral (em relação ao mesmo período do ano anterior)",2.4
"202201","Exportação de bens e serviços","Taxa trimestral (em relação ao mesmo período do ano anterior)",8.7
"202202","Exportação de bens e serviços","Taxa trimestral (em relação ao mesmo período do ano anterior)",-4.1
"202203","Exportação de bens e serviços","Taxa trimestral (em relação ao mesmo período do ano anterior)",8.1
"202204","Exportação de bens e serviços","Taxa trimestral (em relação ao mesmo período do ano anterior)",12
"202301","Exportação de bens e serviços","Taxa trimestral (em relação ao mesmo período do ano anterior)",7.1
"202302","Exportação de bens e serviços","Taxa trimestral (em relação ao mesmo período do ano anterior)",11.5
"202303","Exportação de bens e serviços","Taxa trimestral (em relação ao mesmo período do ano anterior)",9.6
"202304","Exportação de bens e serviços","Taxa trimestral (em relação ao mesmo período do ano anterior)",7.3
"202401","Exportação de bens e serviços","Taxa trimestral (em relação ao mesmo período do ano anterior)",5.9
"202402","Exportação de bens e serviços","Taxa trimestral (em relação ao mesmo período do ano anterior)",4.2
"202403","Exportação de bens e serviços","Taxa trimestral (em relação ao mesmo período do ano anterior)",2
"202404","Exportação de bens e serviços","Taxa trimestral (em relação ao mesmo período do ano anterior)",-0.7
"202501","Exportação de bens e serviços","Taxa trimestral (em relação ao mesmo período do ano anterior)",1.2
"202502","Exportação de bens e serviços","Taxa trimestral (em relação ao mesmo período do ano anterior)",2.1
"202503","Exportação de bens e serviços","Taxa trimestral (em relação ao mesmo período do ano anterior)",7.2
"202504","Exportação de bens e serviços","Taxa trimestral (em relação ao mesmo período do ano anterior)",14.2
"202601","Exportação de bens e serviços","Taxa trimestral (em relação ao mesmo período do ano anterior)",7.4
"202602","Exportação de bens e serviços","Taxa trimestral (em relação ao mesmo período do ano anterior)",3.8
"199601","Importação de bens e serviços (-)","Taxa trimestral (em relação ao mesmo período do ano anterior)",-16.2
"199602","Importação de bens e serviços (-)","Taxa trimestral (em relação ao mesmo período do ano anterior)",-6.6
"199603","Importação de bens e serviços (-)","Taxa trimestral (em relação ao mesmo período do ano anterior)",15
"199604","Importação de bens e serviços (-)","Taxa trimestral (em relação ao mesmo período do ano anterior)",31
"199701","Importação de bens e serviços (-)","Taxa trimestral (em relação ao mesmo período do ano anterior)",27.5
"199702","Importação de bens e serviços (-)","Taxa trimestral (em relação ao mesmo período do ano anterior)",23.8
"199703","Importação de bens e serviços (-)","Taxa trimestral (em relação ao mesmo período do ano anterior)",15.9
"199704","Importação de bens e serviços (-)","Taxa trimestral (em relação ao mesmo período do ano anterior)",-2
"199801","Importação de bens e serviços (-)","Taxa trimestral (em relação ao mesmo período do ano anterior)",7.9
"199802","Importação de bens e serviços (-)","Taxa trimestral (em relação ao mesmo período do ano anterior)",-2.2
"199803","Importação de bens e serviços (-)","Taxa trimestral (em relação ao mesmo período do ano anterior)",-2.1
"199804","Importação de bens e serviços (-)","Taxa trimestral (em relação ao mesmo período do ano anterior)",-2.4
"199901","Importação de bens e serviços (-)","Taxa trimestral (em relação ao mesmo período do ano anterior)",-17.9
"199902","Importação de bens e serviços (-)","Taxa trimestral (em relação ao mesmo período do ano anterior)",-15
"199903","Importação de bens e serviços (-)","Taxa trimestral (em relação ao mesmo período do ano anterior)",-18.8
"199904","Importação de bens e serviços (-)","Taxa trimestral (em relação ao mesmo período do ano anterior)",-8.7
"200001","Importação de bens e serviços (-)","Taxa trimestral (em relação ao mesmo período do ano anterior)",4.1
"200002","Importação de bens e serviços (-)","Taxa trimestral (em relação ao mesmo período do ano anterior)",7.3
"200003","Importação de bens e serviços (-)","Taxa trimestral (em relação ao mesmo período do ano anterior)",17.7
"200004","Importação de bens e serviços (-)","Taxa trimestral (em relação ao mesmo período do ano anterior)",13
"200101","Importação de bens e serviços (-)","Taxa trimestral (em relação ao mesmo período do ano anterior)",24.3
"200102","Importação de bens e serviços (-)","Taxa trimestral (em relação ao mesmo período do ano anterior)",12.8
"200103","Importação de bens e serviços (-)","Taxa trimestral (em relação ao mesmo período do ano anterior)",-5.2
"200104","Importação de bens e serviços (-)","Taxa trimestral (em relação ao mesmo período do ano anterior)",-12.5
"200201","Importação de bens e serviços (-)","Taxa trimestral (em relação ao mesmo período do ano anterior)",-18.6
"200202","Importação de bens e serviços (-)","Taxa trimestral (em relação ao mesmo período do ano anterior)",-16.5
"200203","Importação de bens e serviços (-)","Taxa trimestral (em relação ao mesmo período do ano anterior)",-8.6
"200204","Importação de bens e serviços (-)","Taxa trimestral (em relação ao mesmo período do ano anterior)",-9
"200301","Importação de bens e serviços (-)","Taxa trimestral (em relação ao mesmo período do ano anterior)",-4.6
"200302","Importação de bens e serviços (-)","Taxa trimestral (em relação ao mesmo período do ano anterior)",-4.1
"200303","Importação de bens e serviços (-)","Taxa trimestral (em relação ao mesmo período do ano anterior)",-3.7
"200304","Importação de bens e serviços (-)","Taxa trimestral (em relação ao mesmo período do ano anterior)",10.7
"200401","Importação de bens e serviços (-)","Taxa trimestral (em relação ao mesmo período do ano anterior)",10.3
"200402","Importação de bens e serviços (-)","Taxa trimestral (em relação ao mesmo período do ano anterior)",12.3
"200403","Importação de bens e serviços (-)","Taxa trimestral (em relação ao mesmo período do ano anterior)",13
"200404","Importação de bens e serviços (-)","Taxa trimestral (em relação ao mesmo período do ano anterior)",6.3
"200501","Importação de bens e serviços (-)","Taxa trimestral (em relação ao mesmo período do ano anterior)",8.9
"200502","Importação de bens e serviços (-)","Taxa trimestral (em relação ao mesmo período do ano anterior)",8.3
"200503","Importação de bens e serviços (-)","Taxa trimestral (em relação ao mesmo período do ano anterior)",7.7
"200504","Importação de bens e serviços (-)","Taxa trimestral (em relação ao mesmo período do ano anterior)",5.1
"200601","Importação de bens e serviços (-)","Taxa trimestral (em relação ao mesmo período do ano anterior)",14.8
"200602","Importação de bens e serviços (-)","Taxa trimestral (em relação ao mesmo período do ano anterior)",13.1
"200603","Importação de bens e serviços (-)","Taxa trimestral (em relação ao mesmo período do ano anterior)",20.3
"200604","Importação de bens e serviços (-)","Taxa trimestral (em relação ao mesmo período do ano anterior)",22.3
"200701","Importação de bens e serviços (-)","Taxa trimestral (em relação ao mesmo período do ano anterior)",19.4
"200702","Importação de bens e serviços (-)","Taxa trimestral (em relação ao mesmo período do ano anterior)",17.6
"200703","Importação de bens e serviços (-)","Taxa trimestral (em relação ao mesmo período do ano anterior)",19.4
"200704","Importação de bens e serviços (-)","Taxa trimestral (em relação ao mesmo período do ano anterior)",21.7
"200801","Importação de bens e serviços (-)","Taxa trimestral (em relação ao mesmo período do ano anterior)",15.5
"200802","Importação de bens e serviços (-)","Taxa trimestral (em relação ao mesmo período do ano anterior)",23.6
"200803","Importação de bens e serviços (-)","Taxa trimestral (em relação ao mesmo período do ano anterior)",21.5
"200804","Importação de bens e serviços (-)","Taxa trimestral (em relação ao mesmo período do ano anterior)",8.3
"200901","Importação de bens e serviços (-)","Taxa trimestral (em relação ao mesmo período do ano anterior)",-13
"200902","Importação de bens e serviços (-)","Taxa trimestral (em relação ao mesmo período do ano anterior)",-12.6
"200903","Importação de bens e serviços (-)","Taxa trimestral (em relação ao mesmo período do ano anterior)",-11.6
"200904","Importação de bens e serviços (-)","Taxa trimestral (em relação ao mesmo período do ano anterior)",6.4
"201001","Importação de bens e serviços (-)","Taxa trimestral (em relação ao mesmo período do ano anterior)",39
"201002","Importação de bens e serviços (-)","Taxa trimestral (em relação ao mesmo período do ano anterior)",36.1
"201003","Importação de bens e serviços (-)","Taxa trimestral (em relação ao mesmo período do ano anterior)",37.3
"201004","Importação de bens e serviços (-)","Taxa trimestral (em relação ao mesmo período do ano anterior)",24.5
"201101","Importação de bens e serviços (-)","Taxa trimestral (em relação ao mesmo período do ano anterior)",11.7
"201102","Importação de bens e serviços (-)","Taxa trimestral (em relação ao mesmo período do ano anterior)",14.1
"201103","Importação de bens e serviços (-)","Taxa trimestral (em relação ao mesmo período do ano anterior)",5.9
"201104","Importação de bens e serviços (-)","Taxa trimestral (em relação ao mesmo período do ano anterior)",6.9
"201201","Importação de bens e serviços (-)","Taxa trimestral (em relação ao mesmo período do ano anterior)",6.6
"201202","Importação de bens e serviços (-)","Taxa trimestral (em relação ao mesmo período do ano anterior)",2.5
"201203","Importação de bens e serviços (-)","Taxa trimestral (em relação ao mesmo período do ano anterior)",-5.4
"201204","Importação de bens e serviços (-)","Taxa trimestral (em relação ao mesmo período do ano anterior)",1.8
"201301","Importação de bens e serviços (-)","Taxa trimestral (em relação ao mesmo período do ano anterior)",6.8
"201302","Importação de bens e serviços (-)","Taxa trimestral (em relação ao mesmo período do ano anterior)",6.6
"201303","Importação de bens e serviços (-)","Taxa trimestral (em relação ao mesmo período do ano anterior)",11.2
"201304","Importação de bens e serviços (-)","Taxa trimestral (em relação ao mesmo período do ano anterior)",2.4
"201401","Importação de bens e serviços (-)","Taxa trimestral (em relação ao mesmo período do ano anterior)",-0.1
"201402","Importação de bens e serviços (-)","Taxa trimestral (em relação ao mesmo período do ano anterior)",-4.2
"201403","Importação de bens e serviços (-)","Taxa trimestral (em relação ao mesmo período do ano anterior)",0.6
"201404","Importação de bens e serviços (-)","Taxa trimestral (em relação ao mesmo período do ano anterior)",-5.3
"201501","Importação de bens e serviços (-)","Taxa trimestral (em relação ao mesmo período do ano anterior)",-5.3
"201502","Importação de bens e serviços (-)","Taxa trimestral (em relação ao mesmo período do ano anterior)",-11.1
"201503","Importação de bens e serviços (-)","Taxa trimestral (em relação ao mesmo período do ano anterior)",-19.8
"201504","Importação de bens e serviços (-)","Taxa trimestral (em relação ao mesmo período do ano anterior)",-19.9
"201601","Importação de bens e serviços (-)","Taxa trimestral (em relação ao mesmo período do ano anterior)",-21.7
"201602","Importação de bens e serviços (-)","Taxa trimestral (em relação ao mesmo período do ano anterior)",-10.7
"201603","Importação de bens e serviços (-)","Taxa trimestral (em relação ao mesmo período do ano anterior)",-6.9
"201604","Importação de bens e serviços (-)","Taxa trimestral (em relação ao mesmo período do ano anterior)",-0.6
"201701","Importação de bens e serviços (-)","Taxa trimestral (em relação ao mesmo período do ano anterior)",11.4
"201702","Importação de bens e serviços (-)","Taxa trimestral (em relação ao mesmo período do ano anterior)",-1.2
"201703","Importação de bens e serviços (-)","Taxa trimestral (em relação ao mesmo período do ano anterior)",7.5
"201704","Importação de bens e serviços (-)","Taxa trimestral (em relação ao mesmo período do ano anterior)",9.6
"201801","Importação de bens e serviços (-)","Taxa trimestral (em relação ao mesmo período do ano anterior)",7.4
"201802","Importação de bens e serviços (-)","Taxa trimestral (em relação ao mesmo período do ano anterior)",5.6
"201803","Importação de bens e serviços (-)","Taxa trimestral (em relação ao mesmo período do ano anterior)",13.2
"201804","Importação de bens e serviços (-)","Taxa trimestral (em relação ao mesmo período do ano anterior)",4.6
"201901","Importação de bens e serviços (-)","Taxa trimestral (em relação ao mesmo período do ano anterior)",-2.7
"201902","Importação de bens e serviços (-)","Taxa trimestral (em relação ao mesmo período do ano anterior)",5
"201903","Importação de bens e serviços (-)","Taxa trimestral (em relação ao mesmo período do ano anterior)",2.4
"201904","Importação de bens e serviços (-)","Taxa trimestral (em relação ao mesmo período do ano anterior)",0.7
"202001","Importação de bens e serviços (-)","Taxa trimestral (em relação ao mesmo período do ano anterior)",5.8
"202002","Importação de bens e serviços (-)","Taxa trimestral (em relação ao mesmo período do ano anterior)",-14.2
"202003","Importação de bens e serviços (-)","Taxa trimestral (em relação ao mesmo período do ano anterior)",-24.6
"202004","Importação de bens e serviços (-)","Taxa trimestral (em relação ao mesmo período do ano anterior)",-2.5
"202101","Importação de bens e serviços (-)","Taxa trimestral (em relação ao mesmo período do ano anterior)",8.5
"202102","Importação de bens e serviços (-)","Taxa trimestral (em relação ao mesmo período do ano anterior)",22.4
"202103","Importação de bens e serviços (-)","Taxa trimestral (em relação ao mesmo período do ano anterior)",23
"202104","Importação de bens e serviços (-)","Taxa trimestral (em relação ao mesmo período do ano anterior)",4
"202201","Importação de bens e serviços (-)","Taxa trimestral (em relação ao mesmo período do ano anterior)",-10.2
"202202","Importação de bens e serviços (-)","Taxa trimestral (em relação ao mesmo período do ano anterior)",0
"202203","Importação de bens e serviços (-)","Taxa trimestral (em relação ao mesmo período do ano anterior)",10.9
"202204","Importação de bens e serviços (-)","Taxa trimestral (em relação ao mesmo período do ano anterior)",3.6
"202301","Importação de bens e serviços (-)","Taxa trimestral (em relação ao mesmo período do ano anterior)",1.7
"202302","Importação de bens e serviços (-)","Taxa trimestral (em relação ao mesmo período do ano anterior)",1.1
"202303","Importação de bens e serviços (-)","Taxa trimestral (em relação ao mesmo período do ano anterior)",-5.8
"202304","Importação de bens e serviços (-)","Taxa trimestral (em relação ao mesmo período do ano anterior)",-0.9
"202401","Importação de bens e serviços (-)","Taxa trimestral (em relação ao mesmo período do ano anterior)",10.8
"202402","Importação de bens e serviços (-)","Taxa trimestral (em relação ao mesmo período do ano anterior)",15.4
"202403","Importação de bens e serviços (-)","Taxa trimestral (em relação ao mesmo período do ano anterior)",19.1
"202404","Importação de bens e serviços (-)","Taxa trimestral (em relação ao mesmo período do ano anterior)",16.6
"202501","Importação de bens e serviços (-)","Taxa trimestral (em relação ao mesmo período do ano anterior)",13.3
"202502","Importação de bens e serviços (-)","Taxa trimestral (em relação ao mesmo período do ano anterior)",3.9
"202503","Importação de bens e serviços (-)","Taxa trimestral (em relação ao mesmo período do ano anterior)",2.2
"202504","Importação de bens e serviços (-)","Taxa trimestral (em relação ao mesmo período do ano anterior)",-0.3
"202601","Importação de bens e serviços (-)","Taxa trimestral (em relação ao mesmo período do ano anterior)",1.2
"202602","Importação de bens e serviços (-)","Taxa trimestral (em relação ao mesmo período do ano anterior)",5.5
"199601","PIB a preços de mercado","Taxa acumulada em quatro trimestres (em relação ao mesmo período do ano anterior)",2.5
"199602","PIB a preços de mercado","Taxa acumulada em quatro trimestres (em relação ao mesmo período do ano anterior)",2.1
"199603","PIB a preços de mercado","Taxa acumulada em quatro trimestres (em relação ao mesmo período do ano anterior)",2.3
"199604","PIB a preços de mercado","Taxa acumulada em quatro trimestres (em relação ao mesmo período do ano anterior)",2.2
"199701","PIB a preços de mercado","Taxa acumulada em quatro trimestres (em relação ao mesmo período do ano anterior)",3.2
"199702","PIB a preços de mercado","Taxa acumulada em quatro trimestres (em relação ao mesmo período do ano anterior)",4
"199703","PIB a preços de mercado","Taxa acumulada em quatro trimestres (em relação ao mesmo período do ano anterior)",3
"199704","PIB a preços de mercado","Taxa acumulada em quatro trimestres (em relação ao mesmo período do ano anterior)",3.4
"199801","PIB a preços de mercado","Taxa acumulada em quatro trimestres (em relação ao mesmo período do ano anterior)",2.8
"199802","PIB a preços de mercado","Taxa acumulada em quatro trimestres (em relação ao mesmo período do ano anterior)",2
"199803","PIB a preços de mercado","Taxa acumulada em quatro trimestres (em relação ao mesmo período do ano anterior)",1.6
"199804","PIB a preços de mercado","Taxa acumulada em quatro trimestres (em relação ao mesmo período do ano anterior)",0.3
"199901","PIB a preços de mercado","Taxa acumulada em quatro trimestres (em relação ao mesmo período do ano anterior)",0.3
"199902","PIB a preços de mercado","Taxa acumulada em quatro trimestres (em relação ao mesmo período do ano anterior)",-0.2
"199903","PIB a preços de mercado","Taxa acumulada em quatro trimestres (em relação ao mesmo período do ano anterior)",-0.4
"199904","PIB a preços de mercado","Taxa acumulada em quatro trimestres (em relação ao mesmo período do ano anterior)",0.5
"200001","PIB a preços de mercado","Taxa acumulada em quatro trimestres (em relação ao mesmo período do ano anterior)",1.3
"200002","PIB a preços de mercado","Taxa acumulada em quatro trimestres (em relação ao mesmo período do ano anterior)",2.4
"200003","PIB a preços de mercado","Taxa acumulada em quatro trimestres (em relação ao mesmo período do ano anterior)",3.8
"200004","PIB a preços de mercado","Taxa acumulada em quatro trimestres (em relação ao mesmo período do ano anterior)",4.4
"200101","PIB a preços de mercado","Taxa acumulada em quatro trimestres (em relação ao mesmo período do ano anterior)",4.2
"200102","PIB a preços de mercado","Taxa acumulada em quatro trimestres (em relação ao mesmo período do ano anterior)",3.7
"200103","PIB a preços de mercado","Taxa acumulada em quatro trimestres (em relação ao mesmo período do ano anterior)",2.7
"200104","PIB a preços de mercado","Taxa acumulada em quatro trimestres (em relação ao mesmo período do ano anterior)",1.4
"200201","PIB a preços de mercado","Taxa acumulada em quatro trimestres (em relação ao mesmo período do ano anterior)",0.7
"200202","PIB a preços de mercado","Taxa acumulada em quatro trimestres (em relação ao mesmo período do ano anterior)",0.7
"200203","PIB a preços de mercado","Taxa acumulada em quatro trimestres (em relação ao mesmo período do ano anterior)",1.6
"200204","PIB a preços de mercado","Taxa acumulada em quatro trimestres (em relação ao mesmo período do ano anterior)",3.1
"200301","PIB a preços de mercado","Taxa acumulada em quatro trimestres (em relação ao mesmo período do ano anterior)",3.6
"200302","PIB a preços de mercado","Taxa acumulada em quatro trimestres (em relação ao mesmo período do ano anterior)",3.2
"200303","PIB a preços de mercado","Taxa acumulada em quatro trimestres (em relação ao mesmo período do ano anterior)",2.3
"200304","PIB a preços de mercado","Taxa acumulada em quatro trimestres (em relação ao mesmo período do ano anterior)",1.1
"200401","PIB a preços de mercado","Taxa acumulada em quatro trimestres (em relação ao mesmo período do ano anterior)",1.4
"200402","PIB a preços de mercado","Taxa acumulada em quatro trimestres (em relação ao mesmo período do ano anterior)",2.8
"200403","PIB a preços de mercado","Taxa acumulada em quatro trimestres (em relação ao mesmo período do ano anterior)",4.3
"200404","PIB a preços de mercado","Taxa acumulada em quatro trimestres (em relação ao mesmo período do ano anterior)",5.8
"200501","PIB a preços de mercado","Taxa acumulada em quatro trimestres (em relação ao mesmo período do ano anterior)",5.8
"200502","PIB a preços de mercado","Taxa acumulada em quatro trimestres (em relação ao mesmo período do ano anterior)",5.4
"200503","PIB a preços de mercado","Taxa acumulada em quatro trimestres (em relação ao mesmo período do ano anterior)",4.2
"200504","PIB a preços de mercado","Taxa acumulada em quatro trimestres (em relação ao mesmo período do ano anterior)",3.2
"200601","PIB a preços de mercado","Taxa acumulada em quatro trimestres (em relação ao mesmo período do ano anterior)",3.2
"200602","PIB a preços de mercado","Taxa acumulada em quatro trimestres (em relação ao mesmo período do ano anterior)",2.7
"200603","PIB a preços de mercado","Taxa acumulada em quatro trimestres (em relação ao mesmo período do ano anterior)",3.3
"200604","PIB a preços de mercado","Taxa acumulada em quatro trimestres (em relação ao mesmo período do ano anterior)",4
"200701","PIB a preços de mercado","Taxa acumulada em quatro trimestres (em relação ao mesmo período do ano anterior)",4.2
"200702","PIB a preços de mercado","Taxa acumulada em quatro trimestres (em relação ao mesmo período do ano anterior)",5.3
"200703","PIB a preços de mercado","Taxa acumulada em quatro trimestres (em relação ao mesmo período do ano anterior)",5.6
"200704","PIB a preços de mercado","Taxa acumulada em quatro trimestres (em relação ao mesmo período do ano anterior)",6.1
"200801","PIB a preços de mercado","Taxa acumulada em quatro trimestres (em relação ao mesmo período do ano anterior)",6.3
"200802","PIB a preços de mercado","Taxa acumulada em quatro trimestres (em relação ao mesmo período do ano anterior)",6.3
"200803","PIB a preços de mercado","Taxa acumulada em quatro trimestres (em relação ao mesmo período do ano anterior)",6.5
"200804","PIB a preços de mercado","Taxa acumulada em quatro trimestres (em relação ao mesmo período do ano anterior)",5.1
"200901","PIB a preços de mercado","Taxa acumulada em quatro trimestres (em relação ao mesmo período do ano anterior)",3
"200902","PIB a preços de mercado","Taxa acumulada em quatro trimestres (em relação ao mesmo período do ano anterior)",0.8
"200903","PIB a preços de mercado","Taxa acumulada em quatro trimestres (em relação ao mesmo período do ano anterior)",-1.2
"200904","PIB a preços de mercado","Taxa acumulada em quatro trimestres (em relação ao mesmo período do ano anterior)",-0.1
"201001","PIB a preços de mercado","Taxa acumulada em quatro trimestres (em relação ao mesmo período do ano anterior)",2.6
"201002","PIB a preços de mercado","Taxa acumulada em quatro trimestres (em relação ao mesmo período do ano anterior)",5.3
"201003","PIB a preços de mercado","Taxa acumulada em quatro trimestres (em relação ao mesmo período do ano anterior)",7.5
"201004","PIB a preços de mercado","Taxa acumulada em quatro trimestres (em relação ao mesmo período do ano anterior)",7.5
"201101","PIB a preços de mercado","Taxa acumulada em quatro trimestres (em relação ao mesmo período do ano anterior)",6.6
"201102","PIB a preços de mercado","Taxa acumulada em quatro trimestres (em relação ao mesmo período do ano anterior)",5.6
"201103","PIB a preços de mercado","Taxa acumulada em quatro trimestres (em relação ao mesmo período do ano anterior)",4.8
"201104","PIB a preços de mercado","Taxa acumulada em quatro trimestres (em relação ao mesmo período do ano anterior)",4
"201201","PIB a preços de mercado","Taxa acumulada em quatro trimestres (em relação ao mesmo período do ano anterior)",3.1
"201202","PIB a preços de mercado","Taxa acumulada em quatro trimestres (em relação ao mesmo período do ano anterior)",2.2
"201203","PIB a preços de mercado","Taxa acumulada em quatro trimestres (em relação ao mesmo período do ano anterior)",1.9
"201204","PIB a preços de mercado","Taxa acumulada em quatro trimestres (em relação ao mesmo período do ano anterior)",1.9
"201301","PIB a preços de mercado","Taxa acumulada em quatro trimestres (em relação ao mesmo período do ano anterior)",2.2
"201302","PIB a preços de mercado","Taxa acumulada em quatro trimestres (em relação ao mesmo período do ano anterior)",2.9
"201303","PIB a preços de mercado","Taxa acumulada em quatro trimestres (em relação ao mesmo período do ano anterior)",3
"201304","PIB a preços de mercado","Taxa acumulada em quatro trimestres (em relação ao mesmo período do ano anterior)",3
"201401","PIB a preços de mercado","Taxa acumulada em quatro trimestres (em relação ao mesmo período do ano anterior)",3.2
"201402","PIB a preços de mercado","Taxa acumulada em quatro trimestres (em relação ao mesmo período do ano anterior)",2.1
"201403","PIB a preços de mercado","Taxa acumulada em quatro trimestres (em relação ao mesmo período do ano anterior)",1.2
"201404","PIB a preços de mercado","Taxa acumulada em quatro trimestres (em relação ao mesmo período do ano anterior)",0.5
"201501","PIB a preços de mercado","Taxa acumulada em quatro trimestres (em relação ao mesmo período do ano anterior)",-0.7
"201502","PIB a preços de mercado","Taxa acumulada em quatro trimestres (em relação ao mesmo período do ano anterior)",-1.3
"201503","PIB a preços de mercado","Taxa acumulada em quatro trimestres (em relação ao mesmo período do ano anterior)",-2.2
"201504","PIB a preços de mercado","Taxa acumulada em quatro trimestres (em relação ao mesmo período do ano anterior)",-3.5
"201601","PIB a preços de mercado","Taxa acumulada em quatro trimestres (em relação ao mesmo período do ano anterior)",-4.4
"201602","PIB a preços de mercado","Taxa acumulada em quatro trimestres (em relação ao mesmo período do ano anterior)",-4.5
"201603","PIB a preços de mercado","Taxa acumulada em quatro trimestres (em relação ao mesmo período do ano anterior)",-4.1
"201604","PIB a preços de mercado","Taxa acumulada em quatro trimestres (em relação ao mesmo período do ano anterior)",-3.3
"201701","PIB a preços de mercado","Taxa acumulada em quatro trimestres (em relação ao mesmo período do ano anterior)",-1.9
"201702","PIB a preços de mercado","Taxa acumulada em quatro trimestres (em relação ao mesmo período do ano anterior)",-0.9
"201703","PIB a preços de mercado","Taxa acumulada em quatro trimestres (em relação ao mesmo período do ano anterior)",0.1
"201704","PIB a preços de mercado","Taxa acumulada em quatro trimestres (em relação ao mesmo período do ano anterior)",1.3
"201801","PIB a preços de mercado","Taxa acumulada em quatro trimestres (em relação ao mesmo período do ano anterior)",1.7
"201802","PIB a preços de mercado","Taxa acumulada em quatro trimestres (em relação ao mesmo período do ano anterior)",1.9
"201803","PIB a preços de mercado","Taxa acumulada em quatro trimestres (em relação ao mesmo período do ano anterior)",2
"201804","PIB a preços de mercado","Taxa acumulada em quatro trimestres (em relação ao mesmo período do ano anterior)",1.8
"201901","PIB a preços de mercado","Taxa acumulada em quatro trimestres (em relação ao mesmo período do ano anterior)",1.5
"201902","PIB a preços de mercado","Taxa acumulada em quatro trimestres (em relação ao mesmo período do ano anterior)",1.4
"201903","PIB a preços de mercado","Taxa acumulada em quatro trimestres (em relação ao mesmo período do ano anterior)",1.2
"201904","PIB a preços de mercado","Taxa acumulada em quatro trimestres (em relação ao mesmo período do ano anterior)",1.2
"202001","PIB a preços de mercado","Taxa acumulada em quatro trimestres (em relação ao mesmo período do ano anterior)",1.1
"202002","PIB a preços de mercado","Taxa acumulada em quatro trimestres (em relação ao mesmo período do ano anterior)",-1.7
"202003","PIB a preços de mercado","Taxa acumulada em quatro trimestres (em relação ao mesmo período do ano anterior)",-2.8
"202004","PIB a preços de mercado","Taxa acumulada em quatro trimestres (em relação ao mesmo período do ano anterior)",-3.3
"202101","PIB a preços de mercado","Taxa acumulada em quatro trimestres (em relação ao mesmo período do ano anterior)",-2.9
"202102","PIB a preços de mercado","Taxa acumulada em quatro trimestres (em relação ao mesmo período do ano anterior)",2.4
"202103","PIB a preços de mercado","Taxa acumulada em quatro trimestres (em relação ao mesmo período do ano anterior)",4.3
"202104","PIB a preços de mercado","Taxa acumulada em quatro trimestres (em relação ao mesmo período do ano anterior)",4.8
"202201","PIB a preços de mercado","Taxa acumulada em quatro trimestres (em relação ao mesmo período do ano anterior)",4.7
"202202","PIB a preços de mercado","Taxa acumulada em quatro trimestres (em relação ao mesmo período do ano anterior)",2.7
"202203","PIB a preços de mercado","Taxa acumulada em quatro trimestres (em relação ao mesmo período do ano anterior)",2.7
"202204","PIB a preços de mercado","Taxa acumulada em quatro trimestres (em relação ao mesmo período do ano anterior)",3
"202301","PIB a preços de mercado","Taxa acumulada em quatro trimestres (em relação ao mesmo período do ano anterior)",3.8
"202302","PIB a preços de mercado","Taxa acumulada em quatro trimestres (em relação ao mesmo período do ano anterior)",3.8
"202303","PIB a preços de mercado","Taxa acumulada em quatro trimestres (em relação ao mesmo período do ano anterior)",3.3
"202304","PIB a preços de mercado","Taxa acumulada em quatro trimestres (em relação ao mesmo período do ano anterior)",3.2
"202401","PIB a preços de mercado","Taxa acumulada em quatro trimestres (em relação ao mesmo período do ano anterior)",2.8
"202402","PIB a preços de mercado","Taxa acumulada em quatro trimestres (em relação ao mesmo período do ano anterior)",2.7
"202403","PIB a preços de mercado","Taxa acumulada em quatro trimestres (em relação ao mesmo período do ano anterior)",3.1
"202404","PIB a preços de mercado","Taxa acumulada em quatro trimestres (em relação ao mesmo período do ano anterior)",3.4
"202501","PIB a preços de mercado","Taxa acumulada em quatro trimestres (em relação ao mesmo período do ano anterior)",3.6
"202502","PIB a preços de mercado","Taxa acumulada em quatro trimestres (em relação ao mesmo período do ano anterior)",3.3
"202503","PIB a preços de mercado","Taxa acumulada em quatro trimestres (em relação ao mesmo período do ano anterior)",2.7
"202504","PIB a preços de mercado","Taxa acumulada em quatro trimestres (em relação ao mesmo período do ano anterior)",2.3
"202601","PIB a preços de mercado","Taxa acumulada em quatro trimestres (em relação ao mesmo período do ano anterior)",2
"202602","PIB a preços de mercado","Taxa acumulada em quatro trimestres (em relação ao mesmo período do ano anterior)",1.9
"199601","Agropecuária - total","Taxa acumulada em quatro trimestres (em relação ao mesmo período do ano anterior)",-1.9
"199602","Agropecuária - total","Taxa acumulada em quatro trimestres (em relação ao mesmo período do ano anterior)",-1.7
"199603","Agropecuária - total","Taxa acumulada em quatro trimestres (em relação ao mesmo período do ano anterior)",-3.7
"199604","Agropecuária - total","Taxa acumulada em quatro trimestres (em relação ao mesmo período do ano anterior)",3
"199701","Agropecuária - total","Taxa acumulada em quatro trimestres (em relação ao mesmo período do ano anterior)",4.1
"199702","Agropecuária - total","Taxa acumulada em quatro trimestres (em relação ao mesmo período do ano anterior)",4.7
"199703","Agropecuária - total","Taxa acumulada em quatro trimestres (em relação ao mesmo período do ano anterior)",5.2
"199704","Agropecuária - total","Taxa acumulada em quatro trimestres (em relação ao mesmo período do ano anterior)",0.8
"199801","Agropecuária - total","Taxa acumulada em quatro trimestres (em relação ao mesmo período do ano anterior)",-1.3
"199802","Agropecuária - total","Taxa acumulada em quatro trimestres (em relação ao mesmo período do ano anterior)",1
"199803","Agropecuária - total","Taxa acumulada em quatro trimestres (em relação ao mesmo período do ano anterior)",1.9
"199804","Agropecuária - total","Taxa acumulada em quatro trimestres (em relação ao mesmo período do ano anterior)",3.4
"199901","Agropecuária - total","Taxa acumulada em quatro trimestres (em relação ao mesmo período do ano anterior)",7.2
"199902","Agropecuária - total","Taxa acumulada em quatro trimestres (em relação ao mesmo período do ano anterior)",4
"199903","Agropecuária - total","Taxa acumulada em quatro trimestres (em relação ao mesmo período do ano anterior)",3.6
"199904","Agropecuária - total","Taxa acumulada em quatro trimestres (em relação ao mesmo período do ano anterior)",6.5
"200001","Agropecuária - total","Taxa acumulada em quatro trimestres (em relação ao mesmo período do ano anterior)",4.9
"200002","Agropecuária - total","Taxa acumulada em quatro trimestres (em relação ao mesmo período do ano anterior)",5.4
"200003","Agropecuária - total","Taxa acumulada em quatro trimestres (em relação ao mesmo período do ano anterior)",4.9
"200004","Agropecuária - total","Taxa acumulada em quatro trimestres (em relação ao mesmo período do ano anterior)",2.7
"200101","Agropecuária - total","Taxa acumulada em quatro trimestres (em relação ao mesmo período do ano anterior)",1.8
"200102","Agropecuária - total","Taxa acumulada em quatro trimestres (em relação ao mesmo período do ano anterior)",1.7
"200103","Agropecuária - total","Taxa acumulada em quatro trimestres (em relação ao mesmo período do ano anterior)",2.9
"200104","Agropecuária - total","Taxa acumulada em quatro trimestres (em relação ao mesmo período do ano anterior)",5.2
"200201","Agropecuária - total","Taxa acumulada em quatro trimestres (em relação ao mesmo período do ano anterior)",5.7
"200202","Agropecuária - total","Taxa acumulada em quatro trimestres (em relação ao mesmo período do ano anterior)",6.9
"200203","Agropecuária - total","Taxa acumulada em quatro trimestres (em relação ao mesmo período do ano anterior)",8.4
"200204","Agropecuária - total","Taxa acumulada em quatro trimestres (em relação ao mesmo período do ano anterior)",8
"200301","Agropecuária - total","Taxa acumulada em quatro trimestres (em relação ao mesmo período do ano anterior)",11
"200302","Agropecuária - total","Taxa acumulada em quatro trimestres (em relação ao mesmo período do ano anterior)",12.7
"200303","Agropecuária - total","Taxa acumulada em quatro trimestres (em relação ao mesmo período do ano anterior)",9.9
"200304","Agropecuária - total","Taxa acumulada em quatro trimestres (em relação ao mesmo período do ano anterior)",8.3
"200401","Agropecuária - total","Taxa acumulada em quatro trimestres (em relação ao mesmo período do ano anterior)",4
"200402","Agropecuária - total","Taxa acumulada em quatro trimestres (em relação ao mesmo período do ano anterior)",1.1
"200403","Agropecuária - total","Taxa acumulada em quatro trimestres (em relação ao mesmo período do ano anterior)",1.9
"200404","Agropecuária - total","Taxa acumulada em quatro trimestres (em relação ao mesmo período do ano anterior)",2
"200501","Agropecuária - total","Taxa acumulada em quatro trimestres (em relação ao mesmo período do ano anterior)",2.9
"200502","Agropecuária - total","Taxa acumulada em quatro trimestres (em relação ao mesmo período do ano anterior)",3
"200503","Agropecuária - total","Taxa acumulada em quatro trimestres (em relação ao mesmo período do ano anterior)",1.3
"200504","Agropecuária - total","Taxa acumulada em quatro trimestres (em relação ao mesmo período do ano anterior)",1.1
"200601","Agropecuária - total","Taxa acumulada em quatro trimestres (em relação ao mesmo período do ano anterior)",0.4
"200602","Agropecuária - total","Taxa acumulada em quatro trimestres (em relação ao mesmo período do ano anterior)",-0.4
"200603","Agropecuária - total","Taxa acumulada em quatro trimestres (em relação ao mesmo período do ano anterior)",2.9
"200604","Agropecuária - total","Taxa acumulada em quatro trimestres (em relação ao mesmo período do ano anterior)",4.6
"200701","Agropecuária - total","Taxa acumulada em quatro trimestres (em relação ao mesmo período do ano anterior)",5.6
"200702","Agropecuária - total","Taxa acumulada em quatro trimestres (em relação ao mesmo período do ano anterior)",5.9
"200703","Agropecuária - total","Taxa acumulada em quatro trimestres (em relação ao mesmo período do ano anterior)",4.3
"200704","Agropecuária - total","Taxa acumulada em quatro trimestres (em relação ao mesmo período do ano anterior)",3.2
"200801","Agropecuária - total","Taxa acumulada em quatro trimestres (em relação ao mesmo período do ano anterior)",3.5
"200802","Agropecuária - total","Taxa acumulada em quatro trimestres (em relação ao mesmo período do ano anterior)",6.4
"200803","Agropecuária - total","Taxa acumulada em quatro trimestres (em relação ao mesmo período do ano anterior)",6.4
"200804","Agropecuária - total","Taxa acumulada em quatro trimestres (em relação ao mesmo período do ano anterior)",5.8
"200901","Agropecuária - total","Taxa acumulada em quatro trimestres (em relação ao mesmo período do ano anterior)",4
"200902","Agropecuária - total","Taxa acumulada em quatro trimestres (em relação ao mesmo período do ano anterior)",-0.5
"200903","Agropecuária - total","Taxa acumulada em quatro trimestres (em relação ao mesmo período do ano anterior)",-3.8
"200904","Agropecuária - total","Taxa acumulada em quatro trimestres (em relação ao mesmo período do ano anterior)",-3.7
"201001","Agropecuária - total","Taxa acumulada em quatro trimestres (em relação ao mesmo período do ano anterior)",-1.5
"201002","Agropecuária - total","Taxa acumulada em quatro trimestres (em relação ao mesmo período do ano anterior)",2.8
"201003","Agropecuária - total","Taxa acumulada em quatro trimestres (em relação ao mesmo período do ano anterior)",6.3
"201004","Agropecuária - total","Taxa acumulada em quatro trimestres (em relação ao mesmo período do ano anterior)",6.7
"201101","Agropecuária - total","Taxa acumulada em quatro trimestres (em relação ao mesmo período do ano anterior)",6.3
"201102","Agropecuária - total","Taxa acumulada em quatro trimestres (em relação ao mesmo período do ano anterior)",3.7
"201103","Agropecuária - total","Taxa acumulada em quatro trimestres (em relação ao mesmo período do ano anterior)",4.2
"201104","Agropecuária - total","Taxa acumulada em quatro trimestres (em relação ao mesmo período do ano anterior)",5.6
"201201","Agropecuária - total","Taxa acumulada em quatro trimestres (em relação ao mesmo período do ano anterior)",0.8
"201202","Agropecuária - total","Taxa acumulada em quatro trimestres (em relação ao mesmo período do ano anterior)",0.6
"201203","Agropecuária - total","Taxa acumulada em quatro trimestres (em relação ao mesmo período do ano anterior)",-0.1
"201204","Agropecuária - total","Taxa acumulada em quatro trimestres (em relação ao mesmo período do ano anterior)",-3.1
"201301","Agropecuária - total","Taxa acumulada em quatro trimestres (em relação ao mesmo período do ano anterior)",5.6
"201302","Agropecuária - total","Taxa acumulada em quatro trimestres (em relação ao mesmo período do ano anterior)",8.5
"201303","Agropecuária - total","Taxa acumulada em quatro trimestres (em relação ao mesmo período do ano anterior)",6.4
"201304","Agropecuária - total","Taxa acumulada em quatro trimestres (em relação ao mesmo período do ano anterior)",8.4
"201401","Agropecuária - total","Taxa acumulada em quatro trimestres (em relação ao mesmo período do ano anterior)",4.7
"201402","Agropecuária - total","Taxa acumulada em quatro trimestres (em relação ao mesmo período do ano anterior)",2.1
"201403","Agropecuária - total","Taxa acumulada em quatro trimestres (em relação ao mesmo período do ano anterior)",3
"201404","Agropecuária - total","Taxa acumulada em quatro trimestres (em relação ao mesmo período do ano anterior)",2.8
"201501","Agropecuária - total","Taxa acumulada em quatro trimestres (em relação ao mesmo período do ano anterior)",2.9
"201502","Agropecuária - total","Taxa acumulada em quatro trimestres (em relação ao mesmo período do ano anterior)",4.1
"201503","Agropecuária - total","Taxa acumulada em quatro trimestres (em relação ao mesmo período do ano anterior)",3.8
"201504","Agropecuária - total","Taxa acumulada em quatro trimestres (em relação ao mesmo período do ano anterior)",3.3
"201601","Agropecuária - total","Taxa acumulada em quatro trimestres (em relação ao mesmo período do ano anterior)",-1.2
"201602","Agropecuária - total","Taxa acumulada em quatro trimestres (em relação ao mesmo período do ano anterior)",-3.9
"201603","Agropecuária - total","Taxa acumulada em quatro trimestres (em relação ao mesmo período do ano anterior)",-4.9
"201604","Agropecuária - total","Taxa acumulada em quatro trimestres (em relação ao mesmo período do ano anterior)",-5.2
"201701","Agropecuária - total","Taxa acumulada em quatro trimestres (em relação ao mesmo período do ano anterior)",3
"201702","Agropecuária - total","Taxa acumulada em quatro trimestres (em relação ao mesmo período do ano anterior)",9.1
"201703","Agropecuária - total","Taxa acumulada em quatro trimestres (em relação ao mesmo período do ano anterior)",12.8
"201704","Agropecuária - total","Taxa acumulada em quatro trimestres (em relação ao mesmo período do ano anterior)",14.2
"201801","Agropecuária - total","Taxa acumulada em quatro trimestres (em relação ao mesmo período do ano anterior)",6.6
"201802","Agropecuária - total","Taxa acumulada em quatro trimestres (em relação ao mesmo período do ano anterior)",2.5
"201803","Agropecuária - total","Taxa acumulada em quatro trimestres (em relação ao mesmo período do ano anterior)",1.4
"201804","Agropecuária - total","Taxa acumulada em quatro trimestres (em relação ao mesmo período do ano anterior)",1.3
"201901","Agropecuária - total","Taxa acumulada em quatro trimestres (em relação ao mesmo período do ano anterior)",2.3
"201902","Agropecuária - total","Taxa acumulada em quatro trimestres (em relação ao mesmo período do ano anterior)",2.3
"201903","Agropecuária - total","Taxa acumulada em quatro trimestres (em relação ao mesmo período do ano anterior)",1.4
"201904","Agropecuária - total","Taxa acumulada em quatro trimestres (em relação ao mesmo período do ano anterior)",0.4
"202001","Agropecuária - total","Taxa acumulada em quatro trimestres (em relação ao mesmo período do ano anterior)",2.5
"202002","Agropecuária - total","Taxa acumulada em quatro trimestres (em relação ao mesmo período do ano anterior)",3.8
"202003","Agropecuária - total","Taxa acumulada em quatro trimestres (em relação ao mesmo período do ano anterior)",4
"202004","Agropecuária - total","Taxa acumulada em quatro trimestres (em relação ao mesmo período do ano anterior)",4.2
"202101","Agropecuária - total","Taxa acumulada em quatro trimestres (em relação ao mesmo período do ano anterior)",3.2
"202102","Agropecuária - total","Taxa acumulada em quatro trimestres (em relação ao mesmo período do ano anterior)",1.1
"202103","Agropecuária - total","Taxa acumulada em quatro trimestres (em relação ao mesmo período do ano anterior)",-0.9
"202104","Agropecuária - total","Taxa acumulada em quatro trimestres (em relação ao mesmo período do ano anterior)",0
"202201","Agropecuária - total","Taxa acumulada em quatro trimestres (em relação ao mesmo período do ano anterior)",-3.4
"202202","Agropecuária - total","Taxa acumulada em quatro trimestres (em relação ao mesmo período do ano anterior)",-3.1
"202203","Agropecuária - total","Taxa acumulada em quatro trimestres (em relação ao mesmo período do ano anterior)",0.4
"202204","Agropecuária - total","Taxa acumulada em quatro trimestres (em relação ao mesmo período do ano anterior)",-1.1
"202301","Agropecuária - total","Taxa acumulada em quatro trimestres (em relação ao mesmo período do ano anterior)",8.7
"202302","Agropecuária - total","Taxa acumulada em quatro trimestres (em relação ao mesmo período do ano anterior)",15.4
"202303","Agropecuária - total","Taxa acumulada em quatro trimestres (em relação ao mesmo período do ano anterior)",15.5
"202304","Agropecuária - total","Taxa acumulada em quatro trimestres (em relação ao mesmo período do ano anterior)",16.3
"202401","Agropecuária - total","Taxa acumulada em quatro trimestres (em relação ao mesmo período do ano anterior)",5.7
"202402","Agropecuária - total","Taxa acumulada em quatro trimestres (em relação ao mesmo período do ano anterior)",-1.3
"202403","Agropecuária - total","Taxa acumulada em quatro trimestres (em relação ao mesmo período do ano anterior)",-3.4
"202404","Agropecuária - total","Taxa acumulada em quatro trimestres (em relação ao mesmo período do ano anterior)",-3.7
"202501","Agropecuária - total","Taxa acumulada em quatro trimestres (em relação ao mesmo período do ano anterior)",2.5
"202502","Agropecuária - total","Taxa acumulada em quatro trimestres (em relação ao mesmo período do ano anterior)",7.1
"202503","Agropecuária - total","Taxa acumulada em quatro trimestres (em relação ao mesmo período do ano anterior)",9.6
"202504","Agropecuária - total","Taxa acumulada em quatro trimestres (em relação ao mesmo período do ano anterior)",11.7
"202601","Agropecuária - total","Taxa acumulada em quatro trimestres (em relação ao mesmo período do ano anterior)",7.5
"202602","Agropecuária - total","Taxa acumulada em quatro trimestres (em relação ao mesmo período do ano anterior)",6.2
"199601","Indústria - total","Taxa acumulada em quatro trimestres (em relação ao mesmo período do ano anterior)",-0.6
"199602","Indústria - total","Taxa acumulada em quatro trimestres (em relação ao mesmo período do ano anterior)",-2.3
"199603","Indústria - total","Taxa acumulada em quatro trimestres (em relação ao mesmo período do ano anterior)",0.5
"199604","Indústria - total","Taxa acumulada em quatro trimestres (em relação ao mesmo período do ano anterior)",1
"199701","Indústria - total","Taxa acumulada em quatro trimestres (em relação ao mesmo período do ano anterior)",3.3
"199702","Indústria - total","Taxa acumulada em quatro trimestres (em relação ao mesmo período do ano anterior)",6.1
"199703","Indústria - total","Taxa acumulada em quatro trimestres (em relação ao mesmo período do ano anterior)",3.1
"199704","Indústria - total","Taxa acumulada em quatro trimestres (em relação ao mesmo período do ano anterior)",4.4
"199801","Indústria - total","Taxa acumulada em quatro trimestres (em relação ao mesmo período do ano anterior)",3.6
"199802","Indústria - total","Taxa acumulada em quatro trimestres (em relação ao mesmo período do ano anterior)",1.6
"199803","Indústria - total","Taxa acumulada em quatro trimestres (em relação ao mesmo período do ano anterior)",0.8
"199804","Indústria - total","Taxa acumulada em quatro trimestres (em relação ao mesmo período do ano anterior)",-2.1
"199901","Indústria - total","Taxa acumulada em quatro trimestres (em relação ao mesmo período do ano anterior)",-3.1
"199902","Indústria - total","Taxa acumulada em quatro trimestres (em relação ao mesmo período do ano anterior)",-4.1
"199903","Indústria - total","Taxa acumulada em quatro trimestres (em relação ao mesmo período do ano anterior)",-4.3
"199904","Indústria - total","Taxa acumulada em quatro trimestres (em relação ao mesmo período do ano anterior)",-2.6
"200001","Indústria - total","Taxa acumulada em quatro trimestres (em relação ao mesmo período do ano anterior)",-0.6
"200002","Indústria - total","Taxa acumulada em quatro trimestres (em relação ao mesmo período do ano anterior)",1.5
"200003","Indústria - total","Taxa acumulada em quatro trimestres (em relação ao mesmo período do ano anterior)",3.7
"200004","Indústria - total","Taxa acumulada em quatro trimestres (em relação ao mesmo período do ano anterior)",4.4
"200101","Indústria - total","Taxa acumulada em quatro trimestres (em relação ao mesmo período do ano anterior)",4.3
"200102","Indústria - total","Taxa acumulada em quatro trimestres (em relação ao mesmo período do ano anterior)",3.4
"200103","Indústria - total","Taxa acumulada em quatro trimestres (em relação ao mesmo período do ano anterior)",1.5
"200104","Indústria - total","Taxa acumulada em quatro trimestres (em relação ao mesmo período do ano anterior)",-0.6
"200201","Indústria - total","Taxa acumulada em quatro trimestres (em relação ao mesmo período do ano anterior)",-2.1
"200202","Indústria - total","Taxa acumulada em quatro trimestres (em relação ao mesmo período do ano anterior)",-1.7
"200203","Indústria - total","Taxa acumulada em quatro trimestres (em relação ao mesmo período do ano anterior)",0.5
"200204","Indústria - total","Taxa acumulada em quatro trimestres (em relação ao mesmo período do ano anterior)",3.8
"200301","Indústria - total","Taxa acumulada em quatro trimestres (em relação ao mesmo período do ano anterior)",4.4
"200302","Indústria - total","Taxa acumulada em quatro trimestres (em relação ao mesmo período do ano anterior)",3.3
"200303","Indústria - total","Taxa acumulada em quatro trimestres (em relação ao mesmo período do ano anterior)",2.3
"200304","Indústria - total","Taxa acumulada em quatro trimestres (em relação ao mesmo período do ano anterior)",0.1
"200401","Indústria - total","Taxa acumulada em quatro trimestres (em relação ao mesmo período do ano anterior)",1.8
"200402","Indústria - total","Taxa acumulada em quatro trimestres (em relação ao mesmo período do ano anterior)",4.4
"200403","Indústria - total","Taxa acumulada em quatro trimestres (em relação ao mesmo período do ano anterior)",6.3
"200404","Indústria - total","Taxa acumulada em quatro trimestres (em relação ao mesmo período do ano anterior)",8.2
"200501","Indústria - total","Taxa acumulada em quatro trimestres (em relação ao mesmo período do ano anterior)",7.4
"200502","Indústria - total","Taxa acumulada em quatro trimestres (em relação ao mesmo período do ano anterior)",6.5
"200503","Indústria - total","Taxa acumulada em quatro trimestres (em relação ao mesmo período do ano anterior)",3.9
"200504","Indústria - total","Taxa acumulada em quatro trimestres (em relação ao mesmo período do ano anterior)",2
"200601","Indústria - total","Taxa acumulada em quatro trimestres (em relação ao mesmo período do ano anterior)",1.8
"200602","Indústria - total","Taxa acumulada em quatro trimestres (em relação ao mesmo período do ano anterior)",0.1
"200603","Indústria - total","Taxa acumulada em quatro trimestres (em relação ao mesmo período do ano anterior)",1
"200604","Indústria - total","Taxa acumulada em quatro trimestres (em relação ao mesmo período do ano anterior)",2
"200701","Indústria - total","Taxa acumulada em quatro trimestres (em relação ao mesmo período do ano anterior)",2.2
"200702","Indústria - total","Taxa acumulada em quatro trimestres (em relação ao mesmo período do ano anterior)",4.9
"200703","Indústria - total","Taxa acumulada em quatro trimestres (em relação ao mesmo período do ano anterior)",6
"200704","Indústria - total","Taxa acumulada em quatro trimestres (em relação ao mesmo período do ano anterior)",6.2
"200801","Indústria - total","Taxa acumulada em quatro trimestres (em relação ao mesmo período do ano anterior)",6.9
"200802","Indústria - total","Taxa acumulada em quatro trimestres (em relação ao mesmo período do ano anterior)",6
"200803","Indústria - total","Taxa acumulada em quatro trimestres (em relação ao mesmo período do ano anterior)",6
"200804","Indústria - total","Taxa acumulada em quatro trimestres (em relação ao mesmo período do ano anterior)",4.1
"200901","Indústria - total","Taxa acumulada em quatro trimestres (em relação ao mesmo período do ano anterior)",-0.2
"200902","Indústria - total","Taxa acumulada em quatro trimestres (em relação ao mesmo período do ano anterior)",-3.5
"200903","Indústria - total","Taxa acumulada em quatro trimestres (em relação ao mesmo período do ano anterior)",-6.6
"200904","Indústria - total","Taxa acumulada em quatro trimestres (em relação ao mesmo período do ano anterior)",-4.7
"201001","Indústria - total","Taxa acumulada em quatro trimestres (em relação ao mesmo período do ano anterior)",1.1
"201002","Indústria - total","Taxa acumulada em quatro trimestres (em relação ao mesmo período do ano anterior)",6.3
"201003","Indústria - total","Taxa acumulada em quatro trimestres (em relação ao mesmo período do ano anterior)",10.3
"201004","Indústria - total","Taxa acumulada em quatro trimestres (em relação ao mesmo período do ano anterior)",10.2
"201101","Indústria - total","Taxa acumulada em quatro trimestres (em relação ao mesmo período do ano anterior)",8
"201102","Indústria - total","Taxa acumulada em quatro trimestres (em relação ao mesmo período do ano anterior)",6.1
"201103","Indústria - total","Taxa acumulada em quatro trimestres (em relação ao mesmo período do ano anterior)",5
"201104","Indústria - total","Taxa acumulada em quatro trimestres (em relação ao mesmo período do ano anterior)",4.1
"201201","Indústria - total","Taxa acumulada em quatro trimestres (em relação ao mesmo período do ano anterior)",3.3
"201202","Indústria - total","Taxa acumulada em quatro trimestres (em relação ao mesmo período do ano anterior)",1.2
"201203","Indústria - total","Taxa acumulada em quatro trimestres (em relação ao mesmo período do ano anterior)",0.1
"201204","Indústria - total","Taxa acumulada em quatro trimestres (em relação ao mesmo período do ano anterior)",-0.7
"201301","Indústria - total","Taxa acumulada em quatro trimestres (em relação ao mesmo período do ano anterior)",-1.6
"201302","Indústria - total","Taxa acumulada em quatro trimestres (em relação ao mesmo período do ano anterior)",0.3
"201303","Indústria - total","Taxa acumulada em quatro trimestres (em relação ao mesmo período do ano anterior)",1.1
"201304","Indústria - total","Taxa acumulada em quatro trimestres (em relação ao mesmo período do ano anterior)",2.2
"201401","Indústria - total","Taxa acumulada em quatro trimestres (em relação ao mesmo período do ano anterior)",3.4
"201402","Indústria - total","Taxa acumulada em quatro trimestres (em relação ao mesmo período do ano anterior)",1.4
"201403","Indústria - total","Taxa acumulada em quatro trimestres (em relação ao mesmo período do ano anterior)",-0.3
"201404","Indústria - total","Taxa acumulada em quatro trimestres (em relação ao mesmo período do ano anterior)",-1.5
"201501","Indústria - total","Taxa acumulada em quatro trimestres (em relação ao mesmo período do ano anterior)",-3.4
"201502","Indústria - total","Taxa acumulada em quatro trimestres (em relação ao mesmo período do ano anterior)",-3.7
"201503","Indústria - total","Taxa acumulada em quatro trimestres (em relação ao mesmo período do ano anterior)",-4.2
"201504","Indústria - total","Taxa acumulada em quatro trimestres (em relação ao mesmo período do ano anterior)",-5.8
"201601","Indústria - total","Taxa acumulada em quatro trimestres (em relação ao mesmo período do ano anterior)",-6.6
"201602","Indústria - total","Taxa acumulada em quatro trimestres (em relação ao mesmo período do ano anterior)",-6.4
"201603","Indústria - total","Taxa acumulada em quatro trimestres (em relação ao mesmo período do ano anterior)",-5.8
"201604","Indústria - total","Taxa acumulada em quatro trimestres (em relação ao mesmo período do ano anterior)",-4.6
"201701","Indústria - total","Taxa acumulada em quatro trimestres (em relação ao mesmo período do ano anterior)",-3.2
"201702","Indústria - total","Taxa acumulada em quatro trimestres (em relação ao mesmo período do ano anterior)",-2.8
"201703","Indústria - total","Taxa acumulada em quatro trimestres (em relação ao mesmo período do ano anterior)",-2
"201704","Indústria - total","Taxa acumulada em quatro trimestres (em relação ao mesmo período do ano anterior)",-0.5
"201801","Indústria - total","Taxa acumulada em quatro trimestres (em relação ao mesmo período do ano anterior)",0.3
"201802","Indústria - total","Taxa acumulada em quatro trimestres (em relação ao mesmo período do ano anterior)",1.1
"201803","Indústria - total","Taxa acumulada em quatro trimestres (em relação ao mesmo período do ano anterior)",1.5
"201804","Indústria - total","Taxa acumulada em quatro trimestres (em relação ao mesmo período do ano anterior)",0.7
"201901","Indústria - total","Taxa acumulada em quatro trimestres (em relação ao mesmo período do ano anterior)",0
"201902","Indústria - total","Taxa acumulada em quatro trimestres (em relação ao mesmo período do ano anterior)",-0.3
"201903","Indústria - total","Taxa acumulada em quatro trimestres (em relação ao mesmo período do ano anterior)",-0.8
"201904","Indústria - total","Taxa acumulada em quatro trimestres (em relação ao mesmo período do ano anterior)",-0.7
"202001","Indústria - total","Taxa acumulada em quatro trimestres (em relação ao mesmo período do ano anterior)",-0.6
"202002","Indústria - total","Taxa acumulada em quatro trimestres (em relação ao mesmo período do ano anterior)",-3.8
"202003","Indústria - total","Taxa acumulada em quatro trimestres (em relação ao mesmo período do ano anterior)",-3.6
"202004","Indústria - total","Taxa acumulada em quatro trimestres (em relação ao mesmo período do ano anterior)",-3
"202101","Indústria - total","Taxa acumulada em quatro trimestres (em relação ao mesmo período do ano anterior)",-1.2
"202102","Indústria - total","Taxa acumulada em quatro trimestres (em relação ao mesmo período do ano anterior)",6.3
"202103","Indústria - total","Taxa acumulada em quatro trimestres (em relação ao mesmo período do ano anterior)",6.7
"202104","Indústria - total","Taxa acumulada em quatro trimestres (em relação ao mesmo período do ano anterior)",5
"202201","Indústria - total","Taxa acumulada em quatro trimestres (em relação ao mesmo período do ano anterior)",2.9
"202202","Indústria - total","Taxa acumulada em quatro trimestres (em relação ao mesmo período do ano anterior)",-0.9
"202203","Indústria - total","Taxa acumulada em quatro trimestres (em relação ao mesmo período do ano anterior)",-0.6
"202204","Indústria - total","Taxa acumulada em quatro trimestres (em relação ao mesmo período do ano anterior)",1.5
"202301","Indústria - total","Taxa acumulada em quatro trimestres (em relação ao mesmo período do ano anterior)",2.5
"202302","Indústria - total","Taxa acumulada em quatro trimestres (em relação ao mesmo período do ano anterior)",2.4
"202303","Indústria - total","Taxa acumulada em quatro trimestres (em relação ao mesmo período do ano anterior)",2
"202304","Indústria - total","Taxa acumulada em quatro trimestres (em relação ao mesmo período do ano anterior)",1.7
"202401","Indústria - total","Taxa acumulada em quatro trimestres (em relação ao mesmo período do ano anterior)",2
"202402","Indústria - total","Taxa acumulada em quatro trimestres (em relação ao mesmo período do ano anterior)",2.8
"202403","Indústria - total","Taxa acumulada em quatro trimestres (em relação ao mesmo período do ano anterior)",3.3
"202404","Indústria - total","Taxa acumulada em quatro trimestres (em relação ao mesmo período do ano anterior)",3.1
"202501","Indústria - total","Taxa acumulada em quatro trimestres (em relação ao mesmo período do ano anterior)",3
"202502","Indústria - total","Taxa acumulada em quatro trimestres (em relação ao mesmo período do ano anterior)",2.2
"202503","Indústria - total","Taxa acumulada em quatro trimestres (em relação ao mesmo período do ano anterior)",1.8
"202504","Indústria - total","Taxa acumulada em quatro trimestres (em relação ao mesmo período do ano anterior)",1.4
"202601","Indústria - total","Taxa acumulada em quatro trimestres (em relação ao mesmo período do ano anterior)",1.3
"202602","Indústria - total","Taxa acumulada em quatro trimestres (em relação ao mesmo período do ano anterior)",1.4
"199601","Serviços - total","Taxa acumulada em quatro trimestres (em relação ao mesmo período do ano anterior)",5.2
"199602","Serviços - total","Taxa acumulada em quatro trimestres (em relação ao mesmo período do ano anterior)",5.4
"199603","Serviços - total","Taxa acumulada em quatro trimestres (em relação ao mesmo período do ano anterior)",4
"199604","Serviços - total","Taxa acumulada em quatro trimestres (em relação ao mesmo período do ano anterior)",2.3
"199701","Serviços - total","Taxa acumulada em quatro trimestres (em relação ao mesmo período do ano anterior)",2.1
"199702","Serviços - total","Taxa acumulada em quatro trimestres (em relação ao mesmo período do ano anterior)",1.8
"199703","Serviços - total","Taxa acumulada em quatro trimestres (em relação ao mesmo período do ano anterior)",1.3
"199704","Serviços - total","Taxa acumulada em quatro trimestres (em relação ao mesmo período do ano anterior)",2.5
"199801","Serviços - total","Taxa acumulada em quatro trimestres (em relação ao mesmo período do ano anterior)",2.4
"199802","Serviços - total","Taxa acumulada em quatro trimestres (em relação ao mesmo período do ano anterior)",2.3
"199803","Serviços - total","Taxa acumulada em quatro trimestres (em relação ao mesmo período do ano anterior)",2.4
"199804","Serviços - total","Taxa acumulada em quatro trimestres (em relação ao mesmo período do ano anterior)",1.4
"199901","Serviços - total","Taxa acumulada em quatro trimestres (em relação ao mesmo período do ano anterior)",1.8
"199902","Serviços - total","Taxa acumulada em quatro trimestres (em relação ao mesmo período do ano anterior)",1.7
"199903","Serviços - total","Taxa acumulada em quatro trimestres (em relação ao mesmo período do ano anterior)",1.5
"199904","Serviços - total","Taxa acumulada em quatro trimestres (em relação ao mesmo período do ano anterior)",1.8
"200001","Serviços - total","Taxa acumulada em quatro trimestres (em relação ao mesmo período do ano anterior)",1.9
"200002","Serviços - total","Taxa acumulada em quatro trimestres (em relação ao mesmo período do ano anterior)",2.3
"200003","Serviços - total","Taxa acumulada em quatro trimestres (em relação ao mesmo período do ano anterior)",3.2
"200004","Serviços - total","Taxa acumulada em quatro trimestres (em relação ao mesmo período do ano anterior)",3.8
"200101","Serviços - total","Taxa acumulada em quatro trimestres (em relação ao mesmo período do ano anterior)",3.7
"200102","Serviços - total","Taxa acumulada em quatro trimestres (em relação ao mesmo período do ano anterior)",3.6
"200103","Serviços - total","Taxa acumulada em quatro trimestres (em relação ao mesmo período do ano anterior)",3
"200104","Serviços - total","Taxa acumulada em quatro trimestres (em relação ao mesmo período do ano anterior)",2.1
"200201","Serviços - total","Taxa acumulada em quatro trimestres (em relação ao mesmo período do ano anterior)",2.2
"200202","Serviços - total","Taxa acumulada em quatro trimestres (em relação ao mesmo período do ano anterior)",2
"200203","Serviços - total","Taxa acumulada em quatro trimestres (em relação ao mesmo período do ano anterior)",2.4
"200204","Serviços - total","Taxa acumulada em quatro trimestres (em relação ao mesmo período do ano anterior)",3.1
"200301","Serviços - total","Taxa acumulada em quatro trimestres (em relação ao mesmo período do ano anterior)",2.8
"200302","Serviços - total","Taxa acumulada em quatro trimestres (em relação ao mesmo período do ano anterior)",2.4
"200303","Serviços - total","Taxa acumulada em quatro trimestres (em relação ao mesmo período do ano anterior)",1.7
"200304","Serviços - total","Taxa acumulada em quatro trimestres (em relação ao mesmo período do ano anterior)",1
"200401","Serviços - total","Taxa acumulada em quatro trimestres (em relação ao mesmo período do ano anterior)",1.4
"200402","Serviços - total","Taxa acumulada em quatro trimestres (em relação ao mesmo período do ano anterior)",2.5
"200403","Serviços - total","Taxa acumulada em quatro trimestres (em relação ao mesmo período do ano anterior)",3.7
"200404","Serviços - total","Taxa acumulada em quatro trimestres (em relação ao mesmo período do ano anterior)",5
"200501","Serviços - total","Taxa acumulada em quatro trimestres (em relação ao mesmo período do ano anterior)",5.3
"200502","Serviços - total","Taxa acumulada em quatro trimestres (em relação ao mesmo período do ano anterior)",5
"200503","Serviços - total","Taxa acumulada em quatro trimestres (em relação ao mesmo período do ano anterior)",4.5
"200504","Serviços - total","Taxa acumulada em quatro trimestres (em relação ao mesmo período do ano anterior)",3.7
"200601","Serviços - total","Taxa acumulada em quatro trimestres (em relação ao mesmo período do ano anterior)",3.7
"200602","Serviços - total","Taxa acumulada em quatro trimestres (em relação ao mesmo período do ano anterior)",3.6
"200603","Serviços - total","Taxa acumulada em quatro trimestres (em relação ao mesmo período do ano anterior)",3.8
"200604","Serviços - total","Taxa acumulada em quatro trimestres (em relação ao mesmo período do ano anterior)",4.3
"200701","Serviços - total","Taxa acumulada em quatro trimestres (em relação ao mesmo período do ano anterior)",4.6
"200702","Serviços - total","Taxa acumulada em quatro trimestres (em relação ao mesmo período do ano anterior)",5.1
"200703","Serviços - total","Taxa acumulada em quatro trimestres (em relação ao mesmo período do ano anterior)",5.4
"200704","Serviços - total","Taxa acumulada em quatro trimestres (em relação ao mesmo período do ano anterior)",5.8
"200801","Serviços - total","Taxa acumulada em quatro trimestres (em relação ao mesmo período do ano anterior)",5.7
"200802","Serviços - total","Taxa acumulada em quatro trimestres (em relação ao mesmo período do ano anterior)",5.7
"200803","Serviços - total","Taxa acumulada em quatro trimestres (em relação ao mesmo período do ano anterior)",5.9
"200804","Serviços - total","Taxa acumulada em quatro trimestres (em relação ao mesmo período do ano anterior)",4.8
"200901","Serviços - total","Taxa acumulada em quatro trimestres (em relação ao mesmo período do ano anterior)",3.8
"200902","Serviços - total","Taxa acumulada em quatro trimestres (em relação ao mesmo período do ano anterior)",2.5
"200903","Serviços - total","Taxa acumulada em quatro trimestres (em relação ao mesmo período do ano anterior)",1.3
"200904","Serviços - total","Taxa acumulada em quatro trimestres (em relação ao mesmo período do ano anterior)",2.1
"201001","Serviços - total","Taxa acumulada em quatro trimestres (em relação ao mesmo período do ano anterior)",3.3
"201002","Serviços - total","Taxa acumulada em quatro trimestres (em relação ao mesmo período do ano anterior)",4.7
"201003","Serviços - total","Taxa acumulada em quatro trimestres (em relação ao mesmo período do ano anterior)",5.8
"201004","Serviços - total","Taxa acumulada em quatro trimestres (em relação ao mesmo período do ano anterior)",5.8
"201101","Serviços - total","Taxa acumulada em quatro trimestres (em relação ao mesmo período do ano anterior)",5.4
"201102","Serviços - total","Taxa acumulada em quatro trimestres (em relação ao mesmo período do ano anterior)",5
"201103","Serviços - total","Taxa acumulada em quatro trimestres (em relação ao mesmo período do ano anterior)",4.3
"201104","Serviços - total","Taxa acumulada em quatro trimestres (em relação ao mesmo período do ano anterior)",3.5
"201201","Serviços - total","Taxa acumulada em quatro trimestres (em relação ao mesmo período do ano anterior)",2.8
"201202","Serviços - total","Taxa acumulada em quatro trimestres (em relação ao mesmo período do ano anterior)",2.4
"201203","Serviços - total","Taxa acumulada em quatro trimestres (em relação ao mesmo período do ano anterior)",2.5
"201204","Serviços - total","Taxa acumulada em quatro trimestres (em relação ao mesmo período do ano anterior)",2.9
"201301","Serviços - total","Taxa acumulada em quatro trimestres (em relação ao mesmo período do ano anterior)",3
"201302","Serviços - total","Taxa acumulada em quatro trimestres (em relação ao mesmo período do ano anterior)",3.2
"201303","Serviços - total","Taxa acumulada em quatro trimestres (em relação ao mesmo período do ano anterior)",3.1
"201304","Serviços - total","Taxa acumulada em quatro trimestres (em relação ao mesmo período do ano anterior)",2.8
"201401","Serviços - total","Taxa acumulada em quatro trimestres (em relação ao mesmo período do ano anterior)",2.8
"201402","Serviços - total","Taxa acumulada em quatro trimestres (em relação ao mesmo período do ano anterior)",2.1
"201403","Serviços - total","Taxa acumulada em quatro trimestres (em relação ao mesmo período do ano anterior)",1.6
"201404","Serviços - total","Taxa acumulada em quatro trimestres (em relação ao mesmo período do ano anterior)",1
"201501","Serviços - total","Taxa acumulada em quatro trimestres (em relação ao mesmo período do ano anterior)",0
"201502","Serviços - total","Taxa acumulada em quatro trimestres (em relação ao mesmo período do ano anterior)",-0.7
"201503","Serviços - total","Taxa acumulada em quatro trimestres (em relação ao mesmo período do ano anterior)",-1.7
"201504","Serviços - total","Taxa acumulada em quatro trimestres (em relação ao mesmo período do ano anterior)",-2.7
"201601","Serviços - total","Taxa acumulada em quatro trimestres (em relação ao mesmo período do ano anterior)",-3.2
"201602","Serviços - total","Taxa acumulada em quatro trimestres (em relação ao mesmo período do ano anterior)",-3.2
"201603","Serviços - total","Taxa acumulada em quatro trimestres (em relação ao mesmo período do ano anterior)",-2.8
"201604","Serviços - total","Taxa acumulada em quatro trimestres (em relação ao mesmo período do ano anterior)",-2.2
"201701","Serviços - total","Taxa acumulada em quatro trimestres (em relação ao mesmo período do ano anterior)",-1.7
"201702","Serviços - total","Taxa acumulada em quatro trimestres (em relação ao mesmo período do ano anterior)",-1.1
"201703","Serviços - total","Taxa acumulada em quatro trimestres (em relação ao mesmo período do ano anterior)",-0.3
"201704","Serviços - total","Taxa acumulada em quatro trimestres (em relação ao mesmo período do ano anterior)",0.8
"201801","Serviços - total","Taxa acumulada em quatro trimestres (em relação ao mesmo período do ano anterior)",1.7
"201802","Serviços - total","Taxa acumulada em quatro trimestres (em relação ao mesmo período do ano anterior)",2.2
"201803","Serviços - total","Taxa acumulada em quatro trimestres (em relação ao mesmo período do ano anterior)",2.3
"201804","Serviços - total","Taxa acumulada em quatro trimestres (em relação ao mesmo período do ano anterior)",2.1
"201901","Serviços - total","Taxa acumulada em quatro trimestres (em relação ao mesmo período do ano anterior)",1.8
"201902","Serviços - total","Taxa acumulada em quatro trimestres (em relação ao mesmo período do ano anterior)",1.6
"201903","Serviços - total","Taxa acumulada em quatro trimestres (em relação ao mesmo período do ano anterior)",1.4
"201904","Serviços - total","Taxa acumulada em quatro trimestres (em relação ao mesmo período do ano anterior)",1.5
"202001","Serviços - total","Taxa acumulada em quatro trimestres (em relação ao mesmo período do ano anterior)",1.2
"202002","Serviços - total","Taxa acumulada em quatro trimestres (em relação ao mesmo período do ano anterior)",-1.6
"202003","Serviços - total","Taxa acumulada em quatro trimestres (em relação ao mesmo período do ano anterior)",-2.9
"202004","Serviços - total","Taxa acumulada em quatro trimestres (em relação ao mesmo período do ano anterior)",-3.7
"202101","Serviços - total","Taxa acumulada em quatro trimestres (em relação ao mesmo período do ano anterior)",-3.9
"202102","Serviços - total","Taxa acumulada em quatro trimestres (em relação ao mesmo período do ano anterior)",0.9
"202103","Serviços - total","Taxa acumulada em quatro trimestres (em relação ao mesmo período do ano anterior)",3.4
"202104","Serviços - total","Taxa acumulada em quatro trimestres (em relação ao mesmo período do ano anterior)",4.8
"202201","Serviços - total","Taxa acumulada em quatro trimestres (em relação ao mesmo período do ano anterior)",5.9
"202202","Serviços - total","Taxa acumulada em quatro trimestres (em relação ao mesmo período do ano anterior)",4.5
"202203","Serviços - total","Taxa acumulada em quatro trimestres (em relação ao mesmo período do ano anterior)",4.3
"202204","Serviços - total","Taxa acumulada em quatro trimestres (em relação ao mesmo período do ano anterior)",4.3
"202301","Serviços - total","Taxa acumulada em quatro trimestres (em relação ao mesmo período do ano anterior)",4.2
"202302","Serviços - total","Taxa acumulada em quatro trimestres (em relação ao mesmo período do ano anterior)",3.8
"202303","Serviços - total","Taxa acumulada em quatro trimestres (em relação ao mesmo período do ano anterior)",3.1
"202304","Serviços - total","Taxa acumulada em quatro trimestres (em relação ao mesmo período do ano anterior)",2.8
"202401","Serviços - total","Taxa acumulada em quatro trimestres (em relação ao mesmo período do ano anterior)",2.8
"202402","Serviços - total","Taxa acumulada em quatro trimestres (em relação ao mesmo período do ano anterior)",3
"202403","Serviços - total","Taxa acumulada em quatro trimestres (em relação ao mesmo período do ano anterior)",3.5
"202404","Serviços - total","Taxa acumulada em quatro trimestres (em relação ao mesmo período do ano anterior)",3.8
"202501","Serviços - total","Taxa acumulada em quatro trimestres (em relação ao mesmo período do ano anterior)",3.4
"202502","Serviços - total","Taxa acumulada em quatro trimestres (em relação ao mesmo período do ano anterior)",2.9
"202503","Serviços - total","Taxa acumulada em quatro trimestres (em relação ao mesmo período do ano anterior)",2.2
"202504","Serviços - total","Taxa acumulada em quatro trimestres (em relação ao mesmo período do ano anterior)",1.8
"202601","Serviços - total","Taxa acumulada em quatro trimestres (em relação ao mesmo período do ano anterior)",1.8
"202602","Serviços - total","Taxa acumulada em quatro trimestres (em relação ao mesmo período do ano anterior)",1.7
"199601","Despesa de consumo das famílias","Taxa acumulada em quatro trimestres (em relação ao mesmo período do ano anterior)",2.5
"199602","Despesa de consumo das famílias","Taxa acumulada em quatro trimestres (em relação ao mesmo período do ano anterior)",2.6
"199603","Despesa de consumo das famílias","Taxa acumulada em quatro trimestres (em relação ao mesmo período do ano anterior)",3.3
"199604","Despesa de consumo das famílias","Taxa acumulada em quatro trimestres (em relação ao mesmo período do ano anterior)",3.2
"199701","Despesa de consumo das famílias","Taxa acumulada em quatro trimestres (em relação ao mesmo período do ano anterior)",5.5
"199702","Despesa de consumo das famílias","Taxa acumulada em quatro trimestres (em relação ao mesmo período do ano anterior)",6.5
"199703","Despesa de consumo das famílias","Taxa acumulada em quatro trimestres (em relação ao mesmo período do ano anterior)",5.6
"199704","Despesa de consumo das famílias","Taxa acumulada em quatro trimestres (em relação ao mesmo período do ano anterior)",3
"199801","Despesa de consumo das famílias","Taxa acumulada em quatro trimestres (em relação ao mesmo período do ano anterior)",1.1
"199802","Despesa de consumo das famílias","Taxa acumulada em quatro trimestres (em relação ao mesmo período do ano anterior)",-0.6
"199803","Despesa de consumo das famílias","Taxa acumulada em quatro trimestres (em relação ao mesmo período do ano anterior)",-1.1
"199804","Despesa de consumo das famílias","Taxa acumulada em quatro trimestres (em relação ao mesmo período do ano anterior)",-0.7
"199901","Despesa de consumo das famílias","Taxa acumulada em quatro trimestres (em relação ao mesmo período do ano anterior)",-0.8
"199902","Despesa de consumo das famílias","Taxa acumulada em quatro trimestres (em relação ao mesmo período do ano anterior)",-0.7
"199903","Despesa de consumo das famílias","Taxa acumulada em quatro trimestres (em relação ao mesmo período do ano anterior)",-0.7
"199904","Despesa de consumo das famílias","Taxa acumulada em quatro trimestres (em relação ao mesmo período do ano anterior)",0.4
"200001","Despesa de consumo das famílias","Taxa acumulada em quatro trimestres (em relação ao mesmo período do ano anterior)",1.3
"200002","Despesa de consumo das famílias","Taxa acumulada em quatro trimestres (em relação ao mesmo período do ano anterior)",2.5
"200003","Despesa de consumo das famílias","Taxa acumulada em quatro trimestres (em relação ao mesmo período do ano anterior)",3.8
"200004","Despesa de consumo das famílias","Taxa acumulada em quatro trimestres (em relação ao mesmo período do ano anterior)",4
"200101","Despesa de consumo das famílias","Taxa acumulada em quatro trimestres (em relação ao mesmo período do ano anterior)",4.3
"200102","Despesa de consumo das famílias","Taxa acumulada em quatro trimestres (em relação ao mesmo período do ano anterior)",4
"200103","Despesa de consumo das famílias","Taxa acumulada em quatro trimestres (em relação ao mesmo período do ano anterior)",2.3
"200104","Despesa de consumo das famílias","Taxa acumulada em quatro trimestres (em relação ao mesmo período do ano anterior)",0.8
"200201","Despesa de consumo das famílias","Taxa acumulada em quatro trimestres (em relação ao mesmo período do ano anterior)",-0.1
"200202","Despesa de consumo das famílias","Taxa acumulada em quatro trimestres (em relação ao mesmo período do ano anterior)",-0.7
"200203","Despesa de consumo das famílias","Taxa acumulada em quatro trimestres (em relação ao mesmo período do ano anterior)",0.4
"200204","Despesa de consumo das famílias","Taxa acumulada em quatro trimestres (em relação ao mesmo período do ano anterior)",1.3
"200301","Despesa de consumo das famílias","Taxa acumulada em quatro trimestres (em relação ao mesmo período do ano anterior)",1.3
"200302","Despesa de consumo das famílias","Taxa acumulada em quatro trimestres (em relação ao mesmo período do ano anterior)",0.6
"200303","Despesa de consumo das famílias","Taxa acumulada em quatro trimestres (em relação ao mesmo período do ano anterior)",-0.3
"200304","Despesa de consumo das famílias","Taxa acumulada em quatro trimestres (em relação ao mesmo período do ano anterior)",-0.5
"200401","Despesa de consumo das famílias","Taxa acumulada em quatro trimestres (em relação ao mesmo período do ano anterior)",-0.3
"200402","Despesa de consumo das famílias","Taxa acumulada em quatro trimestres (em relação ao mesmo período do ano anterior)",1
"200403","Despesa de consumo das famílias","Taxa acumulada em quatro trimestres (em relação ao mesmo período do ano anterior)",2.4
"200404","Despesa de consumo das famílias","Taxa acumulada em quatro trimestres (em relação ao mesmo período do ano anterior)",3.9
"200501","Despesa de consumo das famílias","Taxa acumulada em quatro trimestres (em relação ao mesmo período do ano anterior)",5
"200502","Despesa de consumo das famílias","Taxa acumulada em quatro trimestres (em relação ao mesmo período do ano anterior)",5.4
"200503","Despesa de consumo das famílias","Taxa acumulada em quatro trimestres (em relação ao mesmo período do ano anterior)",5.3
"200504","Despesa de consumo das famílias","Taxa acumulada em quatro trimestres (em relação ao mesmo período do ano anterior)",4.4
"200601","Despesa de consumo das famílias","Taxa acumulada em quatro trimestres (em relação ao mesmo período do ano anterior)",4.3
"200602","Despesa de consumo das famílias","Taxa acumulada em quatro trimestres (em relação ao mesmo período do ano anterior)",4.6
"200603","Despesa de consumo das famílias","Taxa acumulada em quatro trimestres (em relação ao mesmo período do ano anterior)",4.8
"200604","Despesa de consumo das famílias","Taxa acumulada em quatro trimestres (em relação ao mesmo período do ano anterior)",5.3
"200701","Despesa de consumo das famílias","Taxa acumulada em quatro trimestres (em relação ao mesmo período do ano anterior)",5.6
"200702","Despesa de consumo das famílias","Taxa acumulada em quatro trimestres (em relação ao mesmo período do ano anterior)",5.7
"200703","Despesa de consumo das famílias","Taxa acumulada em quatro trimestres (em relação ao mesmo período do ano anterior)",5.9
"200704","Despesa de consumo das famílias","Taxa acumulada em quatro trimestres (em relação ao mesmo período do ano anterior)",6.4
"200801","Despesa de consumo das famílias","Taxa acumulada em quatro trimestres (em relação ao mesmo período do ano anterior)",6.6
"200802","Despesa de consumo das famílias","Taxa acumulada em quatro trimestres (em relação ao mesmo período do ano anterior)",6.8
"200803","Despesa de consumo das famílias","Taxa acumulada em quatro trimestres (em relação ao mesmo período do ano anterior)",7.4
"200804","Despesa de consumo das famílias","Taxa acumulada em quatro trimestres (em relação ao mesmo período do ano anterior)",6.5
"200901","Despesa de consumo das famílias","Taxa acumulada em quatro trimestres (em relação ao mesmo período do ano anterior)",5.2
"200902","Despesa de consumo das famílias","Taxa acumulada em quatro trimestres (em relação ao mesmo período do ano anterior)",4.5
"200903","Despesa de consumo das famílias","Taxa acumulada em quatro trimestres (em relação ao mesmo período do ano anterior)",3.6
"200904","Despesa de consumo das famílias","Taxa acumulada em quatro trimestres (em relação ao mesmo período do ano anterior)",4.5
"201001","Despesa de consumo das famílias","Taxa acumulada em quatro trimestres (em relação ao mesmo período do ano anterior)",5.7
"201002","Despesa de consumo das famílias","Taxa acumulada em quatro trimestres (em relação ao mesmo período do ano anterior)",6.1
"201003","Despesa de consumo das famílias","Taxa acumulada em quatro trimestres (em relação ao mesmo período do ano anterior)",6.3
"201004","Despesa de consumo das famílias","Taxa acumulada em quatro trimestres (em relação ao mesmo período do ano anterior)",6.2
"201101","Despesa de consumo das famílias","Taxa acumulada em quatro trimestres (em relação ao mesmo período do ano anterior)",6
"201102","Despesa de consumo das famílias","Taxa acumulada em quatro trimestres (em relação ao mesmo período do ano anterior)",6.3
"201103","Despesa de consumo das famílias","Taxa acumulada em quatro trimestres (em relação ao mesmo período do ano anterior)",5.9
"201104","Despesa de consumo das famílias","Taxa acumulada em quatro trimestres (em relação ao mesmo período do ano anterior)",4.8
"201201","Despesa de consumo das famílias","Taxa acumulada em quatro trimestres (em relação ao mesmo período do ano anterior)",4
"201202","Despesa de consumo das famílias","Taxa acumulada em quatro trimestres (em relação ao mesmo período do ano anterior)",2.9
"201203","Despesa de consumo das famílias","Taxa acumulada em quatro trimestres (em relação ao mesmo período do ano anterior)",2.9
"201204","Despesa de consumo das famílias","Taxa acumulada em quatro trimestres (em relação ao mesmo período do ano anterior)",3.5
"201301","Despesa de consumo das famílias","Taxa acumulada em quatro trimestres (em relação ao mesmo período do ano anterior)",3.7
"201302","Despesa de consumo das famílias","Taxa acumulada em quatro trimestres (em relação ao mesmo período do ano anterior)",4.2
"201303","Despesa de consumo das famílias","Taxa acumulada em quatro trimestres (em relação ao mesmo período do ano anterior)",4.1
"201304","Despesa de consumo das famílias","Taxa acumulada em quatro trimestres (em relação ao mesmo período do ano anterior)",3.5
"201401","Despesa de consumo das famílias","Taxa acumulada em quatro trimestres (em relação ao mesmo período do ano anterior)",3.4
"201402","Despesa de consumo das famílias","Taxa acumulada em quatro trimestres (em relação ao mesmo período do ano anterior)",2.8
"201403","Despesa de consumo das famílias","Taxa acumulada em quatro trimestres (em relação ao mesmo período do ano anterior)",2.2
"201404","Despesa de consumo das famílias","Taxa acumulada em quatro trimestres (em relação ao mesmo período do ano anterior)",2.3
"201501","Despesa de consumo das famílias","Taxa acumulada em quatro trimestres (em relação ao mesmo período do ano anterior)",1.2
"201502","Despesa de consumo das famílias","Taxa acumulada em quatro trimestres (em relação ao mesmo período do ano anterior)",0.3
"201503","Despesa de consumo das famílias","Taxa acumulada em quatro trimestres (em relação ao mesmo período do ano anterior)",-1
"201504","Despesa de consumo das famílias","Taxa acumulada em quatro trimestres (em relação ao mesmo período do ano anterior)",-3.2
"201601","Despesa de consumo das famílias","Taxa acumulada em quatro trimestres (em relação ao mesmo período do ano anterior)",-4.4
"201602","Despesa de consumo das famílias","Taxa acumulada em quatro trimestres (em relação ao mesmo período do ano anterior)",-5
"201603","Despesa de consumo das famílias","Taxa acumulada em quatro trimestres (em relação ao mesmo período do ano anterior)",-4.8
"201604","Despesa de consumo das famílias","Taxa acumulada em quatro trimestres (em relação ao mesmo período do ano anterior)",-3.8
"201701","Despesa de consumo das famílias","Taxa acumulada em quatro trimestres (em relação ao mesmo período do ano anterior)",-2.6
"201702","Despesa de consumo das famílias","Taxa acumulada em quatro trimestres (em relação ao mesmo período do ano anterior)",-1.1
"201703","Despesa de consumo das famílias","Taxa acumulada em quatro trimestres (em relação ao mesmo período do ano anterior)",0.4
"201704","Despesa de consumo das famílias","Taxa acumulada em quatro trimestres (em relação ao mesmo período do ano anterior)",2
"201801","Despesa de consumo das famílias","Taxa acumulada em quatro trimestres (em relação ao mesmo período do ano anterior)",3
"201802","Despesa de consumo das famílias","Taxa acumulada em quatro trimestres (em relação ao mesmo período do ano anterior)",3.2
"201803","Despesa de consumo das famílias","Taxa acumulada em quatro trimestres (em relação ao mesmo período do ano anterior)",2.9
"201804","Despesa de consumo das famílias","Taxa acumulada em quatro trimestres (em relação ao mesmo período do ano anterior)",2.4
"201901","Despesa de consumo das famílias","Taxa acumulada em quatro trimestres (em relação ao mesmo período do ano anterior)",2
"201902","Despesa de consumo das famílias","Taxa acumulada em quatro trimestres (em relação ao mesmo período do ano anterior)",2.1
"201903","Despesa de consumo das famílias","Taxa acumulada em quatro trimestres (em relação ao mesmo período do ano anterior)",2.3
"201904","Despesa de consumo das famílias","Taxa acumulada em quatro trimestres (em relação ao mesmo período do ano anterior)",2.6
"202001","Despesa de consumo das famílias","Taxa acumulada em quatro trimestres (em relação ao mesmo período do ano anterior)",2.1
"202002","Despesa de consumo das famílias","Taxa acumulada em quatro trimestres (em relação ao mesmo período do ano anterior)",-1.2
"202003","Despesa de consumo das famílias","Taxa acumulada em quatro trimestres (em relação ao mesmo período do ano anterior)",-3.2
"202004","Despesa de consumo das famílias","Taxa acumulada em quatro trimestres (em relação ao mesmo período do ano anterior)",-4.6
"202101","Despesa de consumo das famílias","Taxa acumulada em quatro trimestres (em relação ao mesmo período do ano anterior)",-5
"202102","Despesa de consumo das famílias","Taxa acumulada em quatro trimestres (em relação ao mesmo período do ano anterior)",-0.2
"202103","Despesa de consumo das famílias","Taxa acumulada em quatro trimestres (em relação ao mesmo período do ano anterior)",2.1
"202104","Despesa de consumo das famílias","Taxa acumulada em quatro trimestres (em relação ao mesmo período do ano anterior)",3
"202201","Despesa de consumo das famílias","Taxa acumulada em quatro trimestres (em relação ao mesmo período do ano anterior)",3.8
"202202","Despesa de consumo das famílias","Taxa acumulada em quatro trimestres (em relação ao mesmo período do ano anterior)",2.9
"202203","Despesa de consumo das famílias","Taxa acumulada em quatro trimestres (em relação ao mesmo período do ano anterior)",3.1
"202204","Despesa de consumo das famílias","Taxa acumulada em quatro trimestres (em relação ao mesmo período do ano anterior)",4.1
"202301","Despesa de consumo das famílias","Taxa acumulada em quatro trimestres (em relação ao mesmo período do ano anterior)",4.7
"202302","Despesa de consumo das famílias","Taxa acumulada em quatro trimestres (em relação ao mesmo período do ano anterior)",4.1
"202303","Despesa de consumo das famílias","Taxa acumulada em quatro trimestres (em relação ao mesmo período do ano anterior)",3.7
"202304","Despesa de consumo das famílias","Taxa acumulada em quatro trimestres (em relação ao mesmo período do ano anterior)",3.2
"202401","Despesa de consumo das famílias","Taxa acumulada em quatro trimestres (em relação ao mesmo período do ano anterior)",3.5
"202402","Despesa de consumo das famílias","Taxa acumulada em quatro trimestres (em relação ao mesmo período do ano anterior)",4.1
"202403","Despesa de consumo das famílias","Taxa acumulada em quatro trimestres (em relação ao mesmo período do ano anterior)",4.8
"202404","Despesa de consumo das famílias","Taxa acumulada em quatro trimestres (em relação ao mesmo período do ano anterior)",5.1
"202501","Despesa de consumo das famílias","Taxa acumulada em quatro trimestres (em relação ao mesmo período do ano anterior)",4.4
"202502","Despesa de consumo das famílias","Taxa acumulada em quatro trimestres (em relação ao mesmo período do ano anterior)",3.5
"202503","Despesa de consumo das famílias","Taxa acumulada em quatro trimestres (em relação ao mesmo período do ano anterior)",2.1
"202504","Despesa de consumo das famílias","Taxa acumulada em quatro trimestres (em relação ao mesmo período do ano anterior)",1.3
"202601","Despesa de consumo das famílias","Taxa acumulada em quatro trimestres (em relação ao mesmo período do ano anterior)",1.2
"202602","Despesa de consumo das famílias","Taxa acumulada em quatro trimestres (em relação ao mesmo período do ano anterior)",0.9
"199601","Despesa de consumo da administração pública","Taxa acumulada em quatro trimestres (em relação ao mesmo período do ano anterior)",-0.2
"199602","Despesa de consumo da administração pública","Taxa acumulada em quatro trimestres (em relação ao mesmo período do ano anterior)",-0.7
"199603","Despesa de consumo da administração pública","Taxa acumulada em quatro trimestres (em relação ao mesmo período do ano anterior)",-0.8
"199604","Despesa de consumo da administração pública","Taxa acumulada em quatro trimestres (em relação ao mesmo período do ano anterior)",-1.8
"199701","Despesa de consumo da administração pública","Taxa acumulada em quatro trimestres (em relação ao mesmo período do ano anterior)",-0.7
"199702","Despesa de consumo da administração pública","Taxa acumulada em quatro trimestres (em relação ao mesmo período do ano anterior)",-0.9
"199703","Despesa de consumo da administração pública","Taxa acumulada em quatro trimestres (em relação ao mesmo período do ano anterior)",-3.1
"199704","Despesa de consumo da administração pública","Taxa acumulada em quatro trimestres (em relação ao mesmo período do ano anterior)",1.2
"199801","Despesa de consumo da administração pública","Taxa acumulada em quatro trimestres (em relação ao mesmo período do ano anterior)",1.2
"199802","Despesa de consumo da administração pública","Taxa acumulada em quatro trimestres (em relação ao mesmo período do ano anterior)",2
"199803","Despesa de consumo da administração pública","Taxa acumulada em quatro trimestres (em relação ao mesmo período do ano anterior)",5
"199804","Despesa de consumo da administração pública","Taxa acumulada em quatro trimestres (em relação ao mesmo período do ano anterior)",3.2
"199901","Despesa de consumo da administração pública","Taxa acumulada em quatro trimestres (em relação ao mesmo período do ano anterior)",3.1
"199902","Despesa de consumo da administração pública","Taxa acumulada em quatro trimestres (em relação ao mesmo período do ano anterior)",2.8
"199903","Despesa de consumo da administração pública","Taxa acumulada em quatro trimestres (em relação ao mesmo período do ano anterior)",1.7
"199904","Despesa de consumo da administração pública","Taxa acumulada em quatro trimestres (em relação ao mesmo período do ano anterior)",1.7
"200001","Despesa de consumo da administração pública","Taxa acumulada em quatro trimestres (em relação ao mesmo período do ano anterior)",2.4
"200002","Despesa de consumo da administração pública","Taxa acumulada em quatro trimestres (em relação ao mesmo período do ano anterior)",2.5
"200003","Despesa de consumo da administração pública","Taxa acumulada em quatro trimestres (em relação ao mesmo período do ano anterior)",1.6
"200004","Despesa de consumo da administração pública","Taxa acumulada em quatro trimestres (em relação ao mesmo período do ano anterior)",-0.2
"200101","Despesa de consumo da administração pública","Taxa acumulada em quatro trimestres (em relação ao mesmo período do ano anterior)",-0.7
"200102","Despesa de consumo da administração pública","Taxa acumulada em quatro trimestres (em relação ao mesmo período do ano anterior)",-0.5
"200103","Despesa de consumo da administração pública","Taxa acumulada em quatro trimestres (em relação ao mesmo período do ano anterior)",1
"200104","Despesa de consumo da administração pública","Taxa acumulada em quatro trimestres (em relação ao mesmo período do ano anterior)",2.6
"200201","Despesa de consumo da administração pública","Taxa acumulada em quatro trimestres (em relação ao mesmo período do ano anterior)",3.4
"200202","Despesa de consumo da administração pública","Taxa acumulada em quatro trimestres (em relação ao mesmo período do ano anterior)",3.9
"200203","Despesa de consumo da administração pública","Taxa acumulada em quatro trimestres (em relação ao mesmo período do ano anterior)",4
"200204","Despesa de consumo da administração pública","Taxa acumulada em quatro trimestres (em relação ao mesmo período do ano anterior)",3.8
"200301","Despesa de consumo da administração pública","Taxa acumulada em quatro trimestres (em relação ao mesmo período do ano anterior)",2.6
"200302","Despesa de consumo da administração pública","Taxa acumulada em quatro trimestres (em relação ao mesmo período do ano anterior)",1.6
"200303","Despesa de consumo da administração pública","Taxa acumulada em quatro trimestres (em relação ao mesmo período do ano anterior)",1.1
"200304","Despesa de consumo da administração pública","Taxa acumulada em quatro trimestres (em relação ao mesmo período do ano anterior)",1.6
"200401","Despesa de consumo da administração pública","Taxa acumulada em quatro trimestres (em relação ao mesmo período do ano anterior)",2.7
"200402","Despesa de consumo da administração pública","Taxa acumulada em quatro trimestres (em relação ao mesmo período do ano anterior)",4.2
"200403","Despesa de consumo da administração pública","Taxa acumulada em quatro trimestres (em relação ao mesmo período do ano anterior)",4.8
"200404","Despesa de consumo da administração pública","Taxa acumulada em quatro trimestres (em relação ao mesmo período do ano anterior)",3.9
"200501","Despesa de consumo da administração pública","Taxa acumulada em quatro trimestres (em relação ao mesmo período do ano anterior)",3.9
"200502","Despesa de consumo da administração pública","Taxa acumulada em quatro trimestres (em relação ao mesmo período do ano anterior)",2.4
"200503","Despesa de consumo da administração pública","Taxa acumulada em quatro trimestres (em relação ao mesmo período do ano anterior)",1.8
"200504","Despesa de consumo da administração pública","Taxa acumulada em quatro trimestres (em relação ao mesmo período do ano anterior)",2
"200601","Despesa de consumo da administração pública","Taxa acumulada em quatro trimestres (em relação ao mesmo período do ano anterior)",1.8
"200602","Despesa de consumo da administração pública","Taxa acumulada em quatro trimestres (em relação ao mesmo período do ano anterior)",2.3
"200603","Despesa de consumo da administração pública","Taxa acumulada em quatro trimestres (em relação ao mesmo período do ano anterior)",2.5
"200604","Despesa de consumo da administração pública","Taxa acumulada em quatro trimestres (em relação ao mesmo período do ano anterior)",3.6
"200701","Despesa de consumo da administração pública","Taxa acumulada em quatro trimestres (em relação ao mesmo período do ano anterior)",3.9
"200702","Despesa de consumo da administração pública","Taxa acumulada em quatro trimestres (em relação ao mesmo período do ano anterior)",4.9
"200703","Despesa de consumo da administração pública","Taxa acumulada em quatro trimestres (em relação ao mesmo período do ano anterior)",5.5
"200704","Despesa de consumo da administração pública","Taxa acumulada em quatro trimestres (em relação ao mesmo período do ano anterior)",4.1
"200801","Despesa de consumo da administração pública","Taxa acumulada em quatro trimestres (em relação ao mesmo período do ano anterior)",3.7
"200802","Despesa de consumo da administração pública","Taxa acumulada em quatro trimestres (em relação ao mesmo período do ano anterior)",2.2
"200803","Despesa de consumo da administração pública","Taxa acumulada em quatro trimestres (em relação ao mesmo período do ano anterior)",2
"200804","Despesa de consumo da administração pública","Taxa acumulada em quatro trimestres (em relação ao mesmo período do ano anterior)",2
"200901","Despesa de consumo da administração pública","Taxa acumulada em quatro trimestres (em relação ao mesmo período do ano anterior)",2.1
"200902","Despesa de consumo da administração pública","Taxa acumulada em quatro trimestres (em relação ao mesmo período do ano anterior)",2.5
"200903","Despesa de consumo da administração pública","Taxa acumulada em quatro trimestres (em relação ao mesmo período do ano anterior)",1.6
"200904","Despesa de consumo da administração pública","Taxa acumulada em quatro trimestres (em relação ao mesmo período do ano anterior)",2.9
"201001","Despesa de consumo da administração pública","Taxa acumulada em quatro trimestres (em relação ao mesmo período do ano anterior)",2.9
"201002","Despesa de consumo da administração pública","Taxa acumulada em quatro trimestres (em relação ao mesmo período do ano anterior)",3.6
"201003","Despesa de consumo da administração pública","Taxa acumulada em quatro trimestres (em relação ao mesmo período do ano anterior)",4.8
"201004","Despesa de consumo da administração pública","Taxa acumulada em quatro trimestres (em relação ao mesmo período do ano anterior)",3.9
"201101","Despesa de consumo da administração pública","Taxa acumulada em quatro trimestres (em relação ao mesmo período do ano anterior)",3.8
"201102","Despesa de consumo da administração pública","Taxa acumulada em quatro trimestres (em relação ao mesmo período do ano anterior)",3.4
"201103","Despesa de consumo da administração pública","Taxa acumulada em quatro trimestres (em relação ao mesmo período do ano anterior)",2.6
"201104","Despesa de consumo da administração pública","Taxa acumulada em quatro trimestres (em relação ao mesmo período do ano anterior)",2.2
"201201","Despesa de consumo da administração pública","Taxa acumulada em quatro trimestres (em relação ao mesmo período do ano anterior)",2.1
"201202","Despesa de consumo da administração pública","Taxa acumulada em quatro trimestres (em relação ao mesmo período do ano anterior)",1.8
"201203","Despesa de consumo da administração pública","Taxa acumulada em quatro trimestres (em relação ao mesmo período do ano anterior)",1.8
"201204","Despesa de consumo da administração pública","Taxa acumulada em quatro trimestres (em relação ao mesmo período do ano anterior)",2.3
"201301","Despesa de consumo da administração pública","Taxa acumulada em quatro trimestres (em relação ao mesmo período do ano anterior)",1.7
"201302","Despesa de consumo da administração pública","Taxa acumulada em quatro trimestres (em relação ao mesmo período do ano anterior)",1.5
"201303","Despesa de consumo da administração pública","Taxa acumulada em quatro trimestres (em relação ao mesmo período do ano anterior)",1.6
"201304","Despesa de consumo da administração pública","Taxa acumulada em quatro trimestres (em relação ao mesmo período do ano anterior)",1.5
"201401","Despesa de consumo da administração pública","Taxa acumulada em quatro trimestres (em relação ao mesmo período do ano anterior)",2
"201402","Despesa de consumo da administração pública","Taxa acumulada em quatro trimestres (em relação ao mesmo período do ano anterior)",2
"201403","Despesa de consumo da administração pública","Taxa acumulada em quatro trimestres (em relação ao mesmo período do ano anterior)",1.7
"201404","Despesa de consumo da administração pública","Taxa acumulada em quatro trimestres (em relação ao mesmo período do ano anterior)",0.8
"201501","Despesa de consumo da administração pública","Taxa acumulada em quatro trimestres (em relação ao mesmo período do ano anterior)",0.2
"201502","Despesa de consumo da administração pública","Taxa acumulada em quatro trimestres (em relação ao mesmo período do ano anterior)",-0.5
"201503","Despesa de consumo da administração pública","Taxa acumulada em quatro trimestres (em relação ao mesmo período do ano anterior)",-1.2
"201504","Despesa de consumo da administração pública","Taxa acumulada em quatro trimestres (em relação ao mesmo período do ano anterior)",-1.4
"201601","Despesa de consumo da administração pública","Taxa acumulada em quatro trimestres (em relação ao mesmo período do ano anterior)",-1.4
"201602","Despesa de consumo da administração pública","Taxa acumulada em quatro trimestres (em relação ao mesmo período do ano anterior)",-0.8
"201603","Despesa de consumo da administração pública","Taxa acumulada em quatro trimestres (em relação ao mesmo período do ano anterior)",-0.4
"201604","Despesa de consumo da administração pública","Taxa acumulada em quatro trimestres (em relação ao mesmo período do ano anterior)",0.2
"201701","Despesa de consumo da administração pública","Taxa acumulada em quatro trimestres (em relação ao mesmo período do ano anterior)",-0.1
"201702","Despesa de consumo da administração pública","Taxa acumulada em quatro trimestres (em relação ao mesmo período do ano anterior)",-0.5
"201703","Despesa de consumo da administração pública","Taxa acumulada em quatro trimestres (em relação ao mesmo período do ano anterior)",-0.7
"201704","Despesa de consumo da administração pública","Taxa acumulada em quatro trimestres (em relação ao mesmo período do ano anterior)",-0.7
"201801","Despesa de consumo da administração pública","Taxa acumulada em quatro trimestres (em relação ao mesmo período do ano anterior)",0
"201802","Despesa de consumo da administração pública","Taxa acumulada em quatro trimestres (em relação ao mesmo período do ano anterior)",0.5
"201803","Despesa de consumo da administração pública","Taxa acumulada em quatro trimestres (em relação ao mesmo período do ano anterior)",1.1
"201804","Despesa de consumo da administração pública","Taxa acumulada em quatro trimestres (em relação ao mesmo período do ano anterior)",0.8
"201901","Despesa de consumo da administração pública","Taxa acumulada em quatro trimestres (em relação ao mesmo período do ano anterior)",0.4
"201902","Despesa de consumo da administração pública","Taxa acumulada em quatro trimestres (em relação ao mesmo período do ano anterior)",0
"201903","Despesa de consumo da administração pública","Taxa acumulada em quatro trimestres (em relação ao mesmo período do ano anterior)",-0.7
"201904","Despesa de consumo da administração pública","Taxa acumulada em quatro trimestres (em relação ao mesmo período do ano anterior)",-0.5
"202001","Despesa de consumo da administração pública","Taxa acumulada em quatro trimestres (em relação ao mesmo período do ano anterior)",-0.4
"202002","Despesa de consumo da administração pública","Taxa acumulada em quatro trimestres (em relação ao mesmo período do ano anterior)",-2.3
"202003","Despesa de consumo da administração pública","Taxa acumulada em quatro trimestres (em relação ao mesmo período do ano anterior)",-3.1
"202004","Despesa de consumo da administração pública","Taxa acumulada em quatro trimestres (em relação ao mesmo período do ano anterior)",-3.7
"202101","Despesa de consumo da administração pública","Taxa acumulada em quatro trimestres (em relação ao mesmo período do ano anterior)",-4.2
"202102","Despesa de consumo da administração pública","Taxa acumulada em quatro trimestres (em relação ao mesmo período do ano anterior)",-0.3
"202103","Despesa de consumo da administração pública","Taxa acumulada em quatro trimestres (em relação ao mesmo período do ano anterior)",2.3
"202104","Despesa de consumo da administração pública","Taxa acumulada em quatro trimestres (em relação ao mesmo período do ano anterior)",4.2
"202201","Despesa de consumo da administração pública","Taxa acumulada em quatro trimestres (em relação ao mesmo período do ano anterior)",5.7
"202202","Despesa de consumo da administração pública","Taxa acumulada em quatro trimestres (em relação ao mesmo período do ano anterior)",4.1
"202203","Despesa de consumo da administração pública","Taxa acumulada em quatro trimestres (em relação ao mesmo período do ano anterior)",3.3
"202204","Despesa de consumo da administração pública","Taxa acumulada em quatro trimestres (em relação ao mesmo período do ano anterior)",2.1
"202301","Despesa de consumo da administração pública","Taxa acumulada em quatro trimestres (em relação ao mesmo período do ano anterior)",1.5
"202302","Despesa de consumo da administração pública","Taxa acumulada em quatro trimestres (em relação ao mesmo período do ano anterior)",2.3
"202303","Despesa de consumo da administração pública","Taxa acumulada em quatro trimestres (em relação ao mesmo período do ano anterior)",2.5
"202304","Despesa de consumo da administração pública","Taxa acumulada em quatro trimestres (em relação ao mesmo período do ano anterior)",3.8
"202401","Despesa de consumo da administração pública","Taxa acumulada em quatro trimestres (em relação ao mesmo período do ano anterior)",4.3
"202402","Despesa de consumo da administração pública","Taxa acumulada em quatro trimestres (em relação ao mesmo período do ano anterior)",3.6
"202403","Despesa de consumo da administração pública","Taxa acumulada em quatro trimestres (em relação ao mesmo período do ano anterior)",3.3
"202404","Despesa de consumo da administração pública","Taxa acumulada em quatro trimestres (em relação ao mesmo período do ano anterior)",2
"202501","Despesa de consumo da administração pública","Taxa acumulada em quatro trimestres (em relação ao mesmo período do ano anterior)",1.6
"202502","Despesa de consumo da administração pública","Taxa acumulada em quatro trimestres (em relação ao mesmo período do ano anterior)",1.3
"202503","Despesa de consumo da administração pública","Taxa acumulada em quatro trimestres (em relação ao mesmo período do ano anterior)",1.2
"202504","Despesa de consumo da administração pública","Taxa acumulada em quatro trimestres (em relação ao mesmo período do ano anterior)",2.1
"202601","Despesa de consumo da administração pública","Taxa acumulada em quatro trimestres (em relação ao mesmo período do ano anterior)",2.3
"202602","Despesa de consumo da administração pública","Taxa acumulada em quatro trimestres (em relação ao mesmo período do ano anterior)",2.8
"199601","Formação bruta de capital fixo","Taxa acumulada em quatro trimestres (em relação ao mesmo período do ano anterior)",-9.2
"199602","Formação bruta de capital fixo","Taxa acumulada em quatro trimestres (em relação ao mesmo período do ano anterior)",-9.8
"199603","Formação bruta de capital fixo","Taxa acumulada em quatro trimestres (em relação ao mesmo período do ano anterior)",-4.4
"199604","Formação bruta de capital fixo","Taxa acumulada em quatro trimestres (em relação ao mesmo período do ano anterior)",1.2
"199701","Formação bruta de capital fixo","Taxa acumulada em quatro trimestres (em relação ao mesmo período do ano anterior)",7.4
"199702","Formação bruta de capital fixo","Taxa acumulada em quatro trimestres (em relação ao mesmo período do ano anterior)",11.5
"199703","Formação bruta de capital fixo","Taxa acumulada em quatro trimestres (em relação ao mesmo período do ano anterior)",11
"199704","Formação bruta de capital fixo","Taxa acumulada em quatro trimestres (em relação ao mesmo período do ano anterior)",8.4
"199801","Formação bruta de capital fixo","Taxa acumulada em quatro trimestres (em relação ao mesmo período do ano anterior)",6.6
"199802","Formação bruta de capital fixo","Taxa acumulada em quatro trimestres (em relação ao mesmo período do ano anterior)",4.4
"199803","Formação bruta de capital fixo","Taxa acumulada em quatro trimestres (em relação ao mesmo período do ano anterior)",1.9
"199804","Formação bruta de capital fixo","Taxa acumulada em quatro trimestres (em relação ao mesmo período do ano anterior)",-0.2
"199901","Formação bruta de capital fixo","Taxa acumulada em quatro trimestres (em relação ao mesmo período do ano anterior)",-3
"199902","Formação bruta de capital fixo","Taxa acumulada em quatro trimestres (em relação ao mesmo período do ano anterior)",-6.2
"199903","Formação bruta de capital fixo","Taxa acumulada em quatro trimestres (em relação ao mesmo período do ano anterior)",-8.8
"199904","Formação bruta de capital fixo","Taxa acumulada em quatro trimestres (em relação ao mesmo período do ano anterior)",-8.9
"200001","Formação bruta de capital fixo","Taxa acumulada em quatro trimestres (em relação ao mesmo período do ano anterior)",-7
"200002","Formação bruta de capital fixo","Taxa acumulada em quatro trimestres (em relação ao mesmo período do ano anterior)",-3.4
"200003","Formação bruta de capital fixo","Taxa acumulada em quatro trimestres (em relação ao mesmo período do ano anterior)",1.3
"200004","Formação bruta de capital fixo","Taxa acumulada em quatro trimestres (em relação ao mesmo período do ano anterior)",4.8
"200101","Formação bruta de capital fixo","Taxa acumulada em quatro trimestres (em relação ao mesmo período do ano anterior)",7.4
"200102","Formação bruta de capital fixo","Taxa acumulada em quatro trimestres (em relação ao mesmo período do ano anterior)",6.9
"200103","Formação bruta de capital fixo","Taxa acumulada em quatro trimestres (em relação ao mesmo período do ano anterior)",5.4
"200104","Formação bruta de capital fixo","Taxa acumulada em quatro trimestres (em relação ao mesmo período do ano anterior)",1.3
"200201","Formação bruta de capital fixo","Taxa acumulada em quatro trimestres (em relação ao mesmo período do ano anterior)",-3.1
"200202","Formação bruta de capital fixo","Taxa acumulada em quatro trimestres (em relação ao mesmo período do ano anterior)",-4.6
"200203","Formação bruta de capital fixo","Taxa acumulada em quatro trimestres (em relação ao mesmo período do ano anterior)",-5
"200204","Formação bruta de capital fixo","Taxa acumulada em quatro trimestres (em relação ao mesmo período do ano anterior)",-1.4
"200301","Formação bruta de capital fixo","Taxa acumulada em quatro trimestres (em relação ao mesmo período do ano anterior)",1.3
"200302","Formação bruta de capital fixo","Taxa acumulada em quatro trimestres (em relação ao mesmo período do ano anterior)",0.7
"200303","Formação bruta de capital fixo","Taxa acumulada em quatro trimestres (em relação ao mesmo período do ano anterior)",-0.9
"200304","Formação bruta de capital fixo","Taxa acumulada em quatro trimestres (em relação ao mesmo período do ano anterior)",-4
"200401","Formação bruta de capital fixo","Taxa acumulada em quatro trimestres (em relação ao mesmo período do ano anterior)",-4.5
"200402","Formação bruta de capital fixo","Taxa acumulada em quatro trimestres (em relação ao mesmo período do ano anterior)",0
"200403","Formação bruta de capital fixo","Taxa acumulada em quatro trimestres (em relação ao mesmo período do ano anterior)",5.3
"200404","Formação bruta de capital fixo","Taxa acumulada em quatro trimestres (em relação ao mesmo período do ano anterior)",8.5
"200501","Formação bruta de capital fixo","Taxa acumulada em quatro trimestres (em relação ao mesmo período do ano anterior)",8.6
"200502","Formação bruta de capital fixo","Taxa acumulada em quatro trimestres (em relação ao mesmo período do ano anterior)",6.3
"200503","Formação bruta de capital fixo","Taxa acumulada em quatro trimestres (em relação ao mesmo período do ano anterior)",3
"200504","Formação bruta de capital fixo","Taxa acumulada em quatro trimestres (em relação ao mesmo período do ano anterior)",2
"200601","Formação bruta de capital fixo","Taxa acumulada em quatro trimestres (em relação ao mesmo período do ano anterior)",3.7
"200602","Formação bruta de capital fixo","Taxa acumulada em quatro trimestres (em relação ao mesmo período do ano anterior)",3.9
"200603","Formação bruta de capital fixo","Taxa acumulada em quatro trimestres (em relação ao mesmo período do ano anterior)",5.1
"200604","Formação bruta de capital fixo","Taxa acumulada em quatro trimestres (em relação ao mesmo período do ano anterior)",6.7
"200701","Formação bruta de capital fixo","Taxa acumulada em quatro trimestres (em relação ao mesmo período do ano anterior)",6.3
"200702","Formação bruta de capital fixo","Taxa acumulada em quatro trimestres (em relação ao mesmo período do ano anterior)",8.5
"200703","Formação bruta de capital fixo","Taxa acumulada em quatro trimestres (em relação ao mesmo período do ano anterior)",10.7
"200704","Formação bruta de capital fixo","Taxa acumulada em quatro trimestres (em relação ao mesmo período do ano anterior)",12
"200801","Formação bruta de capital fixo","Taxa acumulada em quatro trimestres (em relação ao mesmo período do ano anterior)",13.1
"200802","Formação bruta de capital fixo","Taxa acumulada em quatro trimestres (em relação ao mesmo período do ano anterior)",13.4
"200803","Formação bruta de capital fixo","Taxa acumulada em quatro trimestres (em relação ao mesmo período do ano anterior)",14.4
"200804","Formação bruta de capital fixo","Taxa acumulada em quatro trimestres (em relação ao mesmo período do ano anterior)",12.3
"200901","Formação bruta de capital fixo","Taxa acumulada em quatro trimestres (em relação ao mesmo período do ano anterior)",6.9
"200902","Formação bruta de capital fixo","Taxa acumulada em quatro trimestres (em relação ao mesmo período do ano anterior)",1.3
"200903","Formação bruta de capital fixo","Taxa acumulada em quatro trimestres (em relação ao mesmo período do ano anterior)",-4.1
"200904","Formação bruta de capital fixo","Taxa acumulada em quatro trimestres (em relação ao mesmo período do ano anterior)",-2.1
"201001","Formação bruta de capital fixo","Taxa acumulada em quatro trimestres (em relação ao mesmo período do ano anterior)",6.2
"201002","Formação bruta de capital fixo","Taxa acumulada em quatro trimestres (em relação ao mesmo período do ano anterior)",14
"201003","Formação bruta de capital fixo","Taxa acumulada em quatro trimestres (em relação ao mesmo período do ano anterior)",19.5
"201004","Formação bruta de capital fixo","Taxa acumulada em quatro trimestres (em relação ao mesmo período do ano anterior)",17.9
"201101","Formação bruta de capital fixo","Taxa acumulada em quatro trimestres (em relação ao mesmo período do ano anterior)",13.1
"201102","Formação bruta de capital fixo","Taxa acumulada em quatro trimestres (em relação ao mesmo período do ano anterior)",9.8
"201103","Formação bruta de capital fixo","Taxa acumulada em quatro trimestres (em relação ao mesmo período do ano anterior)",7.4
"201104","Formação bruta de capital fixo","Taxa acumulada em quatro trimestres (em relação ao mesmo período do ano anterior)",6.8
"201201","Formação bruta de capital fixo","Taxa acumulada em quatro trimestres (em relação ao mesmo período do ano anterior)",5.6
"201202","Formação bruta de capital fixo","Taxa acumulada em quatro trimestres (em relação ao mesmo período do ano anterior)",3.9
"201203","Formação bruta de capital fixo","Taxa acumulada em quatro trimestres (em relação ao mesmo período do ano anterior)",2
"201204","Formação bruta de capital fixo","Taxa acumulada em quatro trimestres (em relação ao mesmo período do ano anterior)",0.8
"201301","Formação bruta de capital fixo","Taxa acumulada em quatro trimestres (em relação ao mesmo período do ano anterior)",0.8
"201302","Formação bruta de capital fixo","Taxa acumulada em quatro trimestres (em relação ao mesmo período do ano anterior)",2.6
"201303","Formação bruta de capital fixo","Taxa acumulada em quatro trimestres (em relação ao mesmo período do ano anterior)",4.9
"201304","Formação bruta de capital fixo","Taxa acumulada em quatro trimestres (em relação ao mesmo período do ano anterior)",5.8
"201401","Formação bruta de capital fixo","Taxa acumulada em quatro trimestres (em relação ao mesmo período do ano anterior)",6.1
"201402","Formação bruta de capital fixo","Taxa acumulada em quatro trimestres (em relação ao mesmo período do ano anterior)",2.3
"201403","Formação bruta de capital fixo","Taxa acumulada em quatro trimestres (em relação ao mesmo período do ano anterior)",-1.5
"201404","Formação bruta de capital fixo","Taxa acumulada em quatro trimestres (em relação ao mesmo período do ano anterior)",-4.2
"201501","Formação bruta de capital fixo","Taxa acumulada em quatro trimestres (em relação ao mesmo período do ano anterior)",-7.4
"201502","Formação bruta de capital fixo","Taxa acumulada em quatro trimestres (em relação ao mesmo período do ano anterior)",-8.8
"201503","Formação bruta de capital fixo","Taxa acumulada em quatro trimestres (em relação ao mesmo período do ano anterior)",-10.7
"201504","Formação bruta de capital fixo","Taxa acumulada em quatro trimestres (em relação ao mesmo período do ano anterior)",-13.9
"201601","Formação bruta de capital fixo","Taxa acumulada em quatro trimestres (em relação ao mesmo período do ano anterior)",-16.3
"201602","Formação bruta de capital fixo","Taxa acumulada em quatro trimestres (em relação ao mesmo período do ano anterior)",-16
"201603","Formação bruta de capital fixo","Taxa acumulada em quatro trimestres (em relação ao mesmo período do ano anterior)",-15.1
"201604","Formação bruta de capital fixo","Taxa acumulada em quatro trimestres (em relação ao mesmo período do ano anterior)",-12.1
"201701","Formação bruta de capital fixo","Taxa acumulada em quatro trimestres (em relação ao mesmo período do ano anterior)",-8.7
"201702","Formação bruta de capital fixo","Taxa acumulada em quatro trimestres (em relação ao mesmo período do ano anterior)",-7.9
"201703","Formação bruta de capital fixo","Taxa acumulada em quatro trimestres (em relação ao mesmo período do ano anterior)",-5.4
"201704","Formação bruta de capital fixo","Taxa acumulada em quatro trimestres (em relação ao mesmo período do ano anterior)",-2.6
"201801","Formação bruta de capital fixo","Taxa acumulada em quatro trimestres (em relação ao mesmo período do ano anterior)",-0.5
"201802","Formação bruta de capital fixo","Taxa acumulada em quatro trimestres (em relação ao mesmo período do ano anterior)",2.5
"201803","Formação bruta de capital fixo","Taxa acumulada em quatro trimestres (em relação ao mesmo período do ano anterior)",5.2
"201804","Formação bruta de capital fixo","Taxa acumulada em quatro trimestres (em relação ao mesmo período do ano anterior)",5.2
"201901","Formação bruta de capital fixo","Taxa acumulada em quatro trimestres (em relação ao mesmo período do ano anterior)",5.1
"201902","Formação bruta de capital fixo","Taxa acumulada em quatro trimestres (em relação ao mesmo período do ano anterior)",6
"201903","Formação bruta de capital fixo","Taxa acumulada em quatro trimestres (em relação ao mesmo período do ano anterior)",4.9
"201904","Formação bruta de capital fixo","Taxa acumulada em quatro trimestres (em relação ao mesmo período do ano anterior)",4
"202001","Formação bruta de capital fixo","Taxa acumulada em quatro trimestres (em relação ao mesmo período do ano anterior)",5
"202002","Formação bruta de capital fixo","Taxa acumulada em quatro trimestres (em relação ao mesmo período do ano anterior)",-0.5
"202003","Formação bruta de capital fixo","Taxa acumulada em quatro trimestres (em relação ao mesmo período do ano anterior)",-4.1
"202004","Formação bruta de capital fixo","Taxa acumulada em quatro trimestres (em relação ao mesmo período do ano anterior)",-1.7
"202101","Formação bruta de capital fixo","Taxa acumulada em quatro trimestres (em relação ao mesmo período do ano anterior)",-0.5
"202102","Formação bruta de capital fixo","Taxa acumulada em quatro trimestres (em relação ao mesmo período do ano anterior)",9
"202103","Formação bruta de capital fixo","Taxa acumulada em quatro trimestres (em relação ao mesmo período do ano anterior)",15.5
"202104","Formação bruta de capital fixo","Taxa acumulada em quatro trimestres (em relação ao mesmo período do ano anterior)",12.9
"202201","Formação bruta de capital fixo","Taxa acumulada em quatro trimestres (em relação ao mesmo período do ano anterior)",8
"202202","Formação bruta de capital fixo","Taxa acumulada em quatro trimestres (em relação ao mesmo período do ano anterior)",2.8
"202203","Formação bruta de capital fixo","Taxa acumulada em quatro trimestres (em relação ao mesmo período do ano anterior)",0.7
"202204","Formação bruta de capital fixo","Taxa acumulada em quatro trimestres (em relação ao mesmo período do ano anterior)",1.1
"202301","Formação bruta de capital fixo","Taxa acumulada em quatro trimestres (em relação ao mesmo período do ano anterior)",3
"202302","Formação bruta de capital fixo","Taxa acumulada em quatro trimestres (em relação ao mesmo período do ano anterior)",2.1
"202303","Formação bruta de capital fixo","Taxa acumulada em quatro trimestres (em relação ao mesmo período do ano anterior)",-1.1
"202304","Formação bruta de capital fixo","Taxa acumulada em quatro trimestres (em relação ao mesmo período do ano anterior)",-3
"202401","Formação bruta de capital fixo","Taxa acumulada em quatro trimestres (em relação ao mesmo período do ano anterior)",-2.7
"202402","Formação bruta de capital fixo","Taxa acumulada em quatro trimestres (em relação ao mesmo período do ano anterior)",-1.1
"202403","Formação bruta de capital fixo","Taxa acumulada em quatro trimestres (em relação ao mesmo período do ano anterior)",3.3
"202404","Formação bruta de capital fixo","Taxa acumulada em quatro trimestres (em relação ao mesmo período do ano anterior)",6.9
"202501","Formação bruta de capital fixo","Taxa acumulada em quatro trimestres (em relação ao mesmo período do ano anterior)",8.4
"202502","Formação bruta de capital fixo","Taxa acumulada em quatro trimestres (em relação ao mesmo período do ano anterior)",8.1
"202503","Formação bruta de capital fixo","Taxa acumulada em quatro trimestres (em relação ao mesmo período do ano anterior)",6
"202504","Formação bruta de capital fixo","Taxa acumulada em quatro trimestres (em relação ao mesmo período do ano anterior)",2.9
"202601","Formação bruta de capital fixo","Taxa acumulada em quatro trimestres (em relação ao mesmo período do ano anterior)",0.4
"202602","Formação bruta de capital fixo","Taxa acumulada em quatro trimestres (em relação ao mesmo período do ano anterior)",-0.2
"199601","Exportação de bens e serviços","Taxa acumulada em quatro trimestres (em relação ao mesmo período do ano anterior)",11.2
"199602","Exportação de bens e serviços","Taxa acumulada em quatro trimestres (em relação ao mesmo período do ano anterior)",7
"199603","Exportação de bens e serviços","Taxa acumulada em quatro trimestres (em relação ao mesmo período do ano anterior)",0.6
"199604","Exportação de bens e serviços","Taxa acumulada em quatro trimestres (em relação ao mesmo período do ano anterior)",-0.4
"199701","Exportação de bens e serviços","Taxa acumulada em quatro trimestres (em relação ao mesmo período do ano anterior)",-1.6
"199702","Exportação de bens e serviços","Taxa acumulada em quatro trimestres (em relação ao mesmo período do ano anterior)",1
"199703","Exportação de bens e serviços","Taxa acumulada em quatro trimestres (em relação ao mesmo período do ano anterior)",6.6
"199704","Exportação de bens e serviços","Taxa acumulada em quatro trimestres (em relação ao mesmo período do ano anterior)",11
"199801","Exportação de bens e serviços","Taxa acumulada em quatro trimestres (em relação ao mesmo período do ano anterior)",13.6
"199802","Exportação de bens e serviços","Taxa acumulada em quatro trimestres (em relação ao mesmo período do ano anterior)",10.9
"199803","Exportação de bens e serviços","Taxa acumulada em quatro trimestres (em relação ao mesmo período do ano anterior)",6.1
"199804","Exportação de bens e serviços","Taxa acumulada em quatro trimestres (em relação ao mesmo período do ano anterior)",4.9
"199901","Exportação de bens e serviços","Taxa acumulada em quatro trimestres (em relação ao mesmo período do ano anterior)",2.6
"199902","Exportação de bens e serviços","Taxa acumulada em quatro trimestres (em relação ao mesmo período do ano anterior)",1
"199903","Exportação de bens e serviços","Taxa acumulada em quatro trimestres (em relação ao mesmo período do ano anterior)",2
"199904","Exportação de bens e serviços","Taxa acumulada em quatro trimestres (em relação ao mesmo período do ano anterior)",5.7
"200001","Exportação de bens e serviços","Taxa acumulada em quatro trimestres (em relação ao mesmo período do ano anterior)",10.4
"200002","Exportação de bens e serviços","Taxa acumulada em quatro trimestres (em relação ao mesmo período do ano anterior)",13.7
"200003","Exportação de bens e serviços","Taxa acumulada em quatro trimestres (em relação ao mesmo período do ano anterior)",17.8
"200004","Exportação de bens e serviços","Taxa acumulada em quatro trimestres (em relação ao mesmo período do ano anterior)",12.9
"200101","Exportação de bens e serviços","Taxa acumulada em quatro trimestres (em relação ao mesmo período do ano anterior)",10.9
"200102","Exportação de bens e serviços","Taxa acumulada em quatro trimestres (em relação ao mesmo período do ano anterior)",11.6
"200103","Exportação de bens e serviços","Taxa acumulada em quatro trimestres (em relação ao mesmo período do ano anterior)",7.5
"200104","Exportação de bens e serviços","Taxa acumulada em quatro trimestres (em relação ao mesmo período do ano anterior)",9.2
"200201","Exportação de bens e serviços","Taxa acumulada em quatro trimestres (em relação ao mesmo período do ano anterior)",5.4
"200202","Exportação de bens e serviços","Taxa acumulada em quatro trimestres (em relação ao mesmo período do ano anterior)",-1
"200203","Exportação de bens e serviços","Taxa acumulada em quatro trimestres (em relação ao mesmo período do ano anterior)",3.6
"200204","Exportação de bens e serviços","Taxa acumulada em quatro trimestres (em relação ao mesmo período do ano anterior)",6.5
"200301","Exportação de bens e serviços","Taxa acumulada em quatro trimestres (em relação ao mesmo período do ano anterior)",10.9
"200302","Exportação de bens e serviços","Taxa acumulada em quatro trimestres (em relação ao mesmo período do ano anterior)",20.8
"200303","Exportação de bens e serviços","Taxa acumulada em quatro trimestres (em relação ao mesmo período do ano anterior)",15
"200304","Exportação de bens e serviços","Taxa acumulada em quatro trimestres (em relação ao mesmo período do ano anterior)",11
"200401","Exportação de bens e serviços","Taxa acumulada em quatro trimestres (em relação ao mesmo período do ano anterior)",12
"200402","Exportação de bens e serviços","Taxa acumulada em quatro trimestres (em relação ao mesmo período do ano anterior)",9.1
"200403","Exportação de bens e serviços","Taxa acumulada em quatro trimestres (em relação ao mesmo período do ano anterior)",12.4
"200404","Exportação de bens e serviços","Taxa acumulada em quatro trimestres (em relação ao mesmo período do ano anterior)",14.5
"200501","Exportação de bens e serviços","Taxa acumulada em quatro trimestres (em relação ao mesmo período do ano anterior)",12.6
"200502","Exportação de bens e serviços","Taxa acumulada em quatro trimestres (em relação ao mesmo período do ano anterior)",12.1
"200503","Exportação de bens e serviços","Taxa acumulada em quatro trimestres (em relação ao mesmo período do ano anterior)",11.4
"200504","Exportação de bens e serviços","Taxa acumulada em quatro trimestres (em relação ao mesmo período do ano anterior)",9.6
"200601","Exportação de bens e serviços","Taxa acumulada em quatro trimestres (em relação ao mesmo período do ano anterior)",9.3
"200602","Exportação de bens e serviços","Taxa acumulada em quatro trimestres (em relação ao mesmo período do ano anterior)",6
"200603","Exportação de bens e serviços","Taxa acumulada em quatro trimestres (em relação ao mesmo período do ano anterior)",5.3
"200604","Exportação de bens e serviços","Taxa acumulada em quatro trimestres (em relação ao mesmo período do ano anterior)",4.8
"200701","Exportação de bens e serviços","Taxa acumulada em quatro trimestres (em relação ao mesmo período do ano anterior)",4.2
"200702","Exportação de bens e serviços","Taxa acumulada em quatro trimestres (em relação ao mesmo período do ano anterior)",7.7
"200703","Exportação de bens e serviços","Taxa acumulada em quatro trimestres (em relação ao mesmo período do ano anterior)",5.9
"200704","Exportação de bens e serviços","Taxa acumulada em quatro trimestres (em relação ao mesmo período do ano anterior)",6.2
"200801","Exportação de bens e serviços","Taxa acumulada em quatro trimestres (em relação ao mesmo período do ano anterior)",4.4
"200802","Exportação de bens e serviços","Taxa acumulada em quatro trimestres (em relação ao mesmo período do ano anterior)",2.9
"200803","Exportação de bens e serviços","Taxa acumulada em quatro trimestres (em relação ao mesmo período do ano anterior)",3.5
"200804","Exportação de bens e serviços","Taxa acumulada em quatro trimestres (em relação ao mesmo período do ano anterior)",0.4
"200901","Exportação de bens e serviços","Taxa acumulada em quatro trimestres (em relação ao mesmo período do ano anterior)",-2.4
"200902","Exportação de bens e serviços","Taxa acumulada em quatro trimestres (em relação ao mesmo período do ano anterior)",-6.4
"200903","Exportação de bens e serviços","Taxa acumulada em quatro trimestres (em relação ao mesmo período do ano anterior)",-9.7
"200904","Exportação de bens e serviços","Taxa acumulada em quatro trimestres (em relação ao mesmo período do ano anterior)",-9.2
"201001","Exportação de bens e serviços","Taxa acumulada em quatro trimestres (em relação ao mesmo período do ano anterior)",-3.2
"201002","Exportação de bens e serviços","Taxa acumulada em quatro trimestres (em relação ao mesmo período do ano anterior)",1.2
"201003","Exportação de bens e serviços","Taxa acumulada em quatro trimestres (em relação ao mesmo período do ano anterior)",7.2
"201004","Exportação de bens e serviços","Taxa acumulada em quatro trimestres (em relação ao mesmo período do ano anterior)",11.7
"201101","Exportação de bens e serviços","Taxa acumulada em quatro trimestres (em relação ao mesmo período do ano anterior)",9.2
"201102","Exportação de bens e serviços","Taxa acumulada em quatro trimestres (em relação ao mesmo período do ano anterior)",9
"201103","Exportação de bens e serviços","Taxa acumulada em quatro trimestres (em relação ao mesmo período do ano anterior)",7.1
"201104","Exportação de bens e serviços","Taxa acumulada em quatro trimestres (em relação ao mesmo período do ano anterior)",4.8
"201201","Exportação de bens e serviços","Taxa acumulada em quatro trimestres (em relação ao mesmo período do ano anterior)",5.1
"201202","Exportação de bens e serviços","Taxa acumulada em quatro trimestres (em relação ao mesmo período do ano anterior)",3.1
"201203","Exportação de bens e serviços","Taxa acumulada em quatro trimestres (em relação ao mesmo período do ano anterior)",0.9
"201204","Exportação de bens e serviços","Taxa acumulada em quatro trimestres (em relação ao mesmo período do ano anterior)",0.7
"201301","Exportação de bens e serviços","Taxa acumulada em quatro trimestres (em relação ao mesmo período do ano anterior)",-1.6
"201302","Exportação de bens e serviços","Taxa acumulada em quatro trimestres (em relação ao mesmo período do ano anterior)",0.2
"201303","Exportação de bens e serviços","Taxa acumulada em quatro trimestres (em relação ao mesmo período do ano anterior)",1.8
"201304","Exportação de bens e serviços","Taxa acumulada em quatro trimestres (em relação ao mesmo período do ano anterior)",1.8
"201401","Exportação de bens e serviços","Taxa acumulada em quatro trimestres (em relação ao mesmo período do ano anterior)",3.5
"201402","Exportação de bens e serviços","Taxa acumulada em quatro trimestres (em relação ao mesmo período do ano anterior)",1.8
"201403","Exportação de bens e serviços","Taxa acumulada em quatro trimestres (em relação ao mesmo período do ano anterior)",2.2
"201404","Exportação de bens e serviços","Taxa acumulada em quatro trimestres (em relação ao mesmo período do ano anterior)",-1.6
"201501","Exportação de bens e serviços","Taxa acumulada em quatro trimestres (em relação ao mesmo período do ano anterior)",-1.2
"201502","Exportação de bens e serviços","Taxa acumulada em quatro trimestres (em relação ao mesmo período do ano anterior)",1.3
"201503","Exportação de bens e serviços","Taxa acumulada em quatro trimestres (em relação ao mesmo período do ano anterior)",0.8
"201504","Exportação de bens e serviços","Taxa acumulada em quatro trimestres (em relação ao mesmo período do ano anterior)",6.8
"201601","Exportação de bens e serviços","Taxa acumulada em quatro trimestres (em relação ao mesmo período do ano anterior)",8.6
"201602","Exportação de bens e serviços","Taxa acumulada em quatro trimestres (em relação ao mesmo período do ano anterior)",6.9
"201603","Exportação de bens e serviços","Taxa acumulada em quatro trimestres (em relação ao mesmo período do ano anterior)",6
"201604","Exportação de bens e serviços","Taxa acumulada em quatro trimestres (em relação ao mesmo período do ano anterior)",0.9
"201701","Exportação de bens e serviços","Taxa acumulada em quatro trimestres (em relação ao mesmo período do ano anterior)",-1.3
"201702","Exportação de bens e serviços","Taxa acumulada em quatro trimestres (em relação ao mesmo período do ano anterior)",-1.5
"201703","Exportação de bens e serviços","Taxa acumulada em quatro trimestres (em relação ao mesmo período do ano anterior)",0.7
"201704","Exportação de bens e serviços","Taxa acumulada em quatro trimestres (em relação ao mesmo período do ano anterior)",4.9
"201801","Exportação de bens e serviços","Taxa acumulada em quatro trimestres (em relação ao mesmo período do ano anterior)",5.7
"201802","Exportação de bens e serviços","Taxa acumulada em quatro trimestres (em relação ao mesmo período do ano anterior)",4.5
"201803","Exportação de bens e serviços","Taxa acumulada em quatro trimestres (em relação ao mesmo período do ano anterior)",3.2
"201804","Exportação de bens e serviços","Taxa acumulada em quatro trimestres (em relação ao mesmo período do ano anterior)",4.1
"201901","Exportação de bens e serviços","Taxa acumulada em quatro trimestres (em relação ao mesmo período do ano anterior)",2.3
"201902","Exportação de bens e serviços","Taxa acumulada em quatro trimestres (em relação ao mesmo período do ano anterior)",3.1
"201903","Exportação de bens e serviços","Taxa acumulada em quatro trimestres (em relação ao mesmo período do ano anterior)",1.5
"201904","Exportação de bens e serviços","Taxa acumulada em quatro trimestres (em relação ao mesmo período do ano anterior)",-2.6
"202001","Exportação de bens e serviços","Taxa acumulada em quatro trimestres (em relação ao mesmo período do ano anterior)",-2.7
"202002","Exportação de bens e serviços","Taxa acumulada em quatro trimestres (em relação ao mesmo período do ano anterior)",-2.8
"202003","Exportação de bens e serviços","Taxa acumulada em quatro trimestres (em relação ao mesmo período do ano anterior)",-2.3
"202004","Exportação de bens e serviços","Taxa acumulada em quatro trimestres (em relação ao mesmo período do ano anterior)",-2.3
"202101","Exportação de bens e serviços","Taxa acumulada em quatro trimestres (em relação ao mesmo período do ano anterior)",-1.7
"202102","Exportação de bens e serviços","Taxa acumulada em quatro trimestres (em relação ao mesmo período do ano anterior)",1.4
"202103","Exportação de bens e serviços","Taxa acumulada em quatro trimestres (em relação ao mesmo período do ano anterior)",2.4
"202104","Exportação de bens e serviços","Taxa acumulada em quatro trimestres (em relação ao mesmo período do ano anterior)",4.4
"202201","Exportação de bens e serviços","Taxa acumulada em quatro trimestres (em relação ao mesmo período do ano anterior)",6.5
"202202","Exportação de bens e serviços","Taxa acumulada em quatro trimestres (em relação ao mesmo período do ano anterior)",2
"202203","Exportação de bens e serviços","Taxa acumulada em quatro trimestres (em relação ao mesmo período do ano anterior)",3.5
"202204","Exportação de bens e serviços","Taxa acumulada em quatro trimestres (em relação ao mesmo período do ano anterior)",5.7
"202301","Exportação de bens e serviços","Taxa acumulada em quatro trimestres (em relação ao mesmo período do ano anterior)",5.4
"202302","Exportação de bens e serviços","Taxa acumulada em quatro trimestres (em relação ao mesmo período do ano anterior)",9.7
"202303","Exportação de bens e serviços","Taxa acumulada em quatro trimestres (em relação ao mesmo período do ano anterior)",10.1
"202304","Exportação de bens e serviços","Taxa acumulada em quatro trimestres (em relação ao mesmo período do ano anterior)",8.9
"202401","Exportação de bens e serviços","Taxa acumulada em quatro trimestres (em relação ao mesmo período do ano anterior)",8.6
"202402","Exportação de bens e serviços","Taxa acumulada em quatro trimestres (em relação ao mesmo período do ano anterior)",6.7
"202403","Exportação de bens e serviços","Taxa acumulada em quatro trimestres (em relação ao mesmo período do ano anterior)",4.7
"202404","Exportação de bens e serviços","Taxa acumulada em quatro trimestres (em relação ao mesmo período do ano anterior)",2.8
"202501","Exportação de bens e serviços","Taxa acumulada em quatro trimestres (em relação ao mesmo período do ano anterior)",1.7
"202502","Exportação de bens e serviços","Taxa acumulada em quatro trimestres (em relação ao mesmo período do ano anterior)",1.2
"202503","Exportação de bens e serviços","Taxa acumulada em quatro trimestres (em relação ao mesmo período do ano anterior)",2.5
"202504","Exportação de bens e serviços","Taxa acumulada em quatro trimestres (em relação ao mesmo período do ano anterior)",6.2
"202601","Exportação de bens e serviços","Taxa acumulada em quatro trimestres (em relação ao mesmo período do ano anterior)",7.6
"202602","Exportação de bens e serviços","Taxa acumulada em quatro trimestres (em relação ao mesmo período do ano anterior)",8
"199601","Importação de bens e serviços (-)","Taxa acumulada em quatro trimestres (em relação ao mesmo período do ano anterior)",-1.9
"199602","Importação de bens e serviços (-)","Taxa acumulada em quatro trimestres (em relação ao mesmo período do ano anterior)",-7.1
"199603","Importação de bens e serviços (-)","Taxa acumulada em quatro trimestres (em relação ao mesmo período do ano anterior)",-2.8
"199604","Importação de bens e serviços (-)","Taxa acumulada em quatro trimestres (em relação ao mesmo período do ano anterior)",5.6
"199701","Importação de bens e serviços (-)","Taxa acumulada em quatro trimestres (em relação ao mesmo período do ano anterior)",15.8
"199702","Importação de bens e serviços (-)","Taxa acumulada em quatro trimestres (em relação ao mesmo período do ano anterior)",24.2
"199703","Importação de bens e serviços (-)","Taxa acumulada em quatro trimestres (em relação ao mesmo período do ano anterior)",24.1
"199704","Importação de bens e serviços (-)","Taxa acumulada em quatro trimestres (em relação ao mesmo período do ano anterior)",14.6
"199801","Importação de bens e serviços (-)","Taxa acumulada em quatro trimestres (em relação ao mesmo período do ano anterior)",10.6
"199802","Importação de bens e serviços (-)","Taxa acumulada em quatro trimestres (em relação ao mesmo período do ano anterior)",4.5
"199803","Importação de bens e serviços (-)","Taxa acumulada em quatro trimestres (em relação ao mesmo período do ano anterior)",0
"199804","Importação de bens e serviços (-)","Taxa acumulada em quatro trimestres (em relação ao mesmo período do ano anterior)",-0.1
"199901","Importação de bens e serviços (-)","Taxa acumulada em quatro trimestres (em relação ao mesmo período do ano anterior)",-5.8
"199902","Importação de bens e serviços (-)","Taxa acumulada em quatro trimestres (em relação ao mesmo período do ano anterior)",-8.9
"199903","Importação de bens e serviços (-)","Taxa acumulada em quatro trimestres (em relação ao mesmo período do ano anterior)",-13.4
"199904","Importação de bens e serviços (-)","Taxa acumulada em quatro trimestres (em relação ao mesmo período do ano anterior)",-15.1
"200001","Importação de bens e serviços (-)","Taxa acumulada em quatro trimestres (em relação ao mesmo período do ano anterior)",-10.6
"200002","Importação de bens e serviços (-)","Taxa acumulada em quatro trimestres (em relação ao mesmo período do ano anterior)",-5.4
"200003","Importação de bens e serviços (-)","Taxa acumulada em quatro trimestres (em relação ao mesmo período do ano anterior)",4.6
"200004","Importação de bens e serviços (-)","Taxa acumulada em quatro trimestres (em relação ao mesmo período do ano anterior)",10.8
"200101","Importação de bens e serviços (-)","Taxa acumulada em quatro trimestres (em relação ao mesmo período do ano anterior)",15.4
"200102","Importação de bens e serviços (-)","Taxa acumulada em quatro trimestres (em relação ao mesmo período do ano anterior)",16.7
"200103","Importação de bens e serviços (-)","Taxa acumulada em quatro trimestres (em relação ao mesmo período do ano anterior)",10.3
"200104","Importação de bens e serviços (-)","Taxa acumulada em quatro trimestres (em relação ao mesmo período do ano anterior)",3.3
"200201","Importação de bens e serviços (-)","Taxa acumulada em quatro trimestres (em relação ao mesmo período do ano anterior)",-6.4
"200202","Importação de bens e serviços (-)","Taxa acumulada em quatro trimestres (em relação ao mesmo período do ano anterior)",-13.1
"200203","Importação de bens e serviços (-)","Taxa acumulada em quatro trimestres (em relação ao mesmo período do ano anterior)",-14.1
"200204","Importação de bens e serviços (-)","Taxa acumulada em quatro trimestres (em relação ao mesmo período do ano anterior)",-13.3
"200301","Importação de bens e serviços (-)","Taxa acumulada em quatro trimestres (em relação ao mesmo período do ano anterior)",-10
"200302","Importação de bens e serviços (-)","Taxa acumulada em quatro trimestres (em relação ao mesmo período do ano anterior)",-6.7
"200303","Importação de bens e serviços (-)","Taxa acumulada em quatro trimestres (em relação ao mesmo período do ano anterior)",-5.4
"200304","Importação de bens e serviços (-)","Taxa acumulada em quatro trimestres (em relação ao mesmo período do ano anterior)",-0.5
"200401","Importação de bens e serviços (-)","Taxa acumulada em quatro trimestres (em relação ao mesmo período do ano anterior)",3
"200402","Importação de bens e serviços (-)","Taxa acumulada em quatro trimestres (em relação ao mesmo período do ano anterior)",7.1
"200403","Importação de bens e serviços (-)","Taxa acumulada em quatro trimestres (em relação ao mesmo período do ano anterior)",11.6
"200404","Importação de bens e serviços (-)","Taxa acumulada em quatro trimestres (em relação ao mesmo período do ano anterior)",10.4
"200501","Importação de bens e serviços (-)","Taxa acumulada em quatro trimestres (em relação ao mesmo período do ano anterior)",10
"200502","Importação de bens e serviços (-)","Taxa acumulada em quatro trimestres (em relação ao mesmo período do ano anterior)",9.1
"200503","Importação de bens e serviços (-)","Taxa acumulada em quatro trimestres (em relação ao mesmo período do ano anterior)",7.8
"200504","Importação de bens e serviços (-)","Taxa acumulada em quatro trimestres (em relação ao mesmo período do ano anterior)",7.5
"200601","Importação de bens e serviços (-)","Taxa acumulada em quatro trimestres (em relação ao mesmo período do ano anterior)",8.9
"200602","Importação de bens e serviços (-)","Taxa acumulada em quatro trimestres (em relação ao mesmo período do ano anterior)",10.1
"200603","Importação de bens e serviços (-)","Taxa acumulada em quatro trimestres (em relação ao mesmo período do ano anterior)",13.4
"200604","Importação de bens e serviços (-)","Taxa acumulada em quatro trimestres (em relação ao mesmo período do ano anterior)",17.8
"200701","Importação de bens e serviços (-)","Taxa acumulada em quatro trimestres (em relação ao mesmo período do ano anterior)",18.8
"200702","Importação de bens e serviços (-)","Taxa acumulada em quatro trimestres (em relação ao mesmo período do ano anterior)",19.8
"200703","Importação de bens e serviços (-)","Taxa acumulada em quatro trimestres (em relação ao mesmo período do ano anterior)",19.6
"200704","Importação de bens e serviços (-)","Taxa acumulada em quatro trimestres (em relação ao mesmo período do ano anterior)",19.6
"200801","Importação de bens e serviços (-)","Taxa acumulada em quatro trimestres (em relação ao mesmo período do ano anterior)",18.5
"200802","Importação de bens e serviços (-)","Taxa acumulada em quatro trimestres (em relação ao mesmo período do ano anterior)",20.1
"200803","Importação de bens e serviços (-)","Taxa acumulada em quatro trimestres (em relação ao mesmo período do ano anterior)",20.6
"200804","Importação de bens e serviços (-)","Taxa acumulada em quatro trimestres (em relação ao mesmo período do ano anterior)",17
"200901","Importação de bens e serviços (-)","Taxa acumulada em quatro trimestres (em relação ao mesmo período do ano anterior)",9.8
"200902","Importação de bens e serviços (-)","Taxa acumulada em quatro trimestres (em relação ao mesmo período do ano anterior)",0.9
"200903","Importação de bens e serviços (-)","Taxa acumulada em quatro trimestres (em relação ao mesmo período do ano anterior)",-7.4
"200904","Importação de bens e serviços (-)","Taxa acumulada em quatro trimestres (em relação ao mesmo período do ano anterior)",-7.6
"201001","Importação de bens e serviços (-)","Taxa acumulada em quatro trimestres (em relação ao mesmo período do ano anterior)",2.9
"201002","Importação de bens e serviços (-)","Taxa acumulada em quatro trimestres (em relação ao mesmo período do ano anterior)",14.7
"201003","Importação de bens e serviços (-)","Taxa acumulada em quatro trimestres (em relação ao mesmo período do ano anterior)",28.8
"201004","Importação de bens e serviços (-)","Taxa acumulada em quatro trimestres (em relação ao mesmo período do ano anterior)",33.6
"201101","Importação de bens e serviços (-)","Taxa acumulada em quatro trimestres (em relação ao mesmo período do ano anterior)",26.7
"201102","Importação de bens e serviços (-)","Taxa acumulada em quatro trimestres (em relação ao mesmo período do ano anterior)",21.3
"201103","Importação de bens e serviços (-)","Taxa acumulada em quatro trimestres (em relação ao mesmo período do ano anterior)",13.6
"201104","Importação de bens e serviços (-)","Taxa acumulada em quatro trimestres (em relação ao mesmo período do ano anterior)",9.4
"201201","Importação de bens e serviços (-)","Taxa acumulada em quatro trimestres (em relação ao mesmo período do ano anterior)",8.2
"201202","Importação de bens e serviços (-)","Taxa acumulada em quatro trimestres (em relação ao mesmo período do ano anterior)",5.4
"201203","Importação de bens e serviços (-)","Taxa acumulada em quatro trimestres (em relação ao mesmo período do ano anterior)",2.4
"201204","Importação de bens e serviços (-)","Taxa acumulada em quatro trimestres (em relação ao mesmo período do ano anterior)",1.1
"201301","Importação de bens e serviços (-)","Taxa acumulada em quatro trimestres (em relação ao mesmo período do ano anterior)",1.3
"201302","Importação de bens e serviços (-)","Taxa acumulada em quatro trimestres (em relação ao mesmo período do ano anterior)",2.3
"201303","Importação de bens e serviços (-)","Taxa acumulada em quatro trimestres (em relação ao mesmo período do ano anterior)",6.6
"201304","Importação de bens e serviços (-)","Taxa acumulada em quatro trimestres (em relação ao mesmo período do ano anterior)",6.7
"201401","Importação de bens e serviços (-)","Taxa acumulada em quatro trimestres (em relação ao mesmo período do ano anterior)",5
"201402","Importação de bens e serviços (-)","Taxa acumulada em quatro trimestres (em relação ao mesmo período do ano anterior)",2.2
"201403","Importação de bens e serviços (-)","Taxa acumulada em quatro trimestres (em relação ao mesmo período do ano anterior)",-0.3
"201404","Importação de bens e serviços (-)","Taxa acumulada em quatro trimestres (em relação ao mesmo período do ano anterior)",-2.3
"201501","Importação de bens e serviços (-)","Taxa acumulada em quatro trimestres (em relação ao mesmo período do ano anterior)",-3.5
"201502","Importação de bens e serviços (-)","Taxa acumulada em quatro trimestres (em relação ao mesmo período do ano anterior)",-5.2
"201503","Importação de bens e serviços (-)","Taxa acumulada em quatro trimestres (em relação ao mesmo período do ano anterior)",-10.5
"201504","Importação de bens e serviços (-)","Taxa acumulada em quatro trimestres (em relação ao mesmo período do ano anterior)",-14.2
"201601","Importação de bens e serviços (-)","Taxa acumulada em quatro trimestres (em relação ao mesmo período do ano anterior)",-18.1
"201602","Importação de bens e serviços (-)","Taxa acumulada em quatro trimestres (em relação ao mesmo período do ano anterior)",-18.2
"201603","Importação de bens e serviços (-)","Taxa acumulada em quatro trimestres (em relação ao mesmo período do ano anterior)",-15.1
"201604","Importação de bens e serviços (-)","Taxa acumulada em quatro trimestres (em relação ao mesmo período do ano anterior)",-10.3
"201701","Importação de bens e serviços (-)","Taxa acumulada em quatro trimestres (em relação ao mesmo período do ano anterior)",-2.3
"201702","Importação de bens e serviços (-)","Taxa acumulada em quatro trimestres (em relação ao mesmo período do ano anterior)",0.2
"201703","Importação de bens e serviços (-)","Taxa acumulada em quatro trimestres (em relação ao mesmo período do ano anterior)",4.1
"201704","Importação de bens e serviços (-)","Taxa acumulada em quatro trimestres (em relação ao mesmo período do ano anterior)",6.7
"201801","Importação de bens e serviços (-)","Taxa acumulada em quatro trimestres (em relação ao mesmo período do ano anterior)",5.8
"201802","Importação de bens e serviços (-)","Taxa acumulada em quatro trimestres (em relação ao mesmo período do ano anterior)",7.5
"201803","Importação de bens e serviços (-)","Taxa acumulada em quatro trimestres (em relação ao mesmo período do ano anterior)",9.1
"201804","Importação de bens e serviços (-)","Taxa acumulada em quatro trimestres (em relação ao mesmo período do ano anterior)",7.7
"201901","Importação de bens e serviços (-)","Taxa acumulada em quatro trimestres (em relação ao mesmo período do ano anterior)",5.2
"201902","Importação de bens e serviços (-)","Taxa acumulada em quatro trimestres (em relação ao mesmo período do ano anterior)",5
"201903","Importação de bens e serviços (-)","Taxa acumulada em quatro trimestres (em relação ao mesmo período do ano anterior)",2.3
"201904","Importação de bens e serviços (-)","Taxa acumulada em quatro trimestres (em relação ao mesmo período do ano anterior)",1.3
"202001","Importação de bens e serviços (-)","Taxa acumulada em quatro trimestres (em relação ao mesmo período do ano anterior)",3.4
"202002","Importação de bens e serviços (-)","Taxa acumulada em quatro trimestres (em relação ao mesmo período do ano anterior)",-1.2
"202003","Importação de bens e serviços (-)","Taxa acumulada em quatro trimestres (em relação ao mesmo período do ano anterior)",-8.7
"202004","Importação de bens e serviços (-)","Taxa acumulada em quatro trimestres (em relação ao mesmo período do ano anterior)",-9.5
"202101","Importação de bens e serviços (-)","Taxa acumulada em quatro trimestres (em relação ao mesmo período do ano anterior)",-8.6
"202102","Importação de bens e serviços (-)","Taxa acumulada em quatro trimestres (em relação ao mesmo período do ano anterior)",-0.7
"202103","Importação de bens e serviços (-)","Taxa acumulada em quatro trimestres (em relação ao mesmo período do ano anterior)",11.9
"202104","Importação de bens e serviços (-)","Taxa acumulada em quatro trimestres (em relação ao mesmo período do ano anterior)",13.8
"202201","Importação de bens e serviços (-)","Taxa acumulada em quatro trimestres (em relação ao mesmo período do ano anterior)",8.2
"202202","Importação de bens e serviços (-)","Taxa acumulada em quatro trimestres (em relação ao mesmo período do ano anterior)",3.1
"202203","Importação de bens e serviços (-)","Taxa acumulada em quatro trimestres (em relação ao mesmo período do ano anterior)",1
"202204","Importação de bens e serviços (-)","Taxa acumulada em quatro trimestres (em relação ao mesmo período do ano anterior)",1
"202301","Importação de bens e serviços (-)","Taxa acumulada em quatro trimestres (em relação ao mesmo período do ano anterior)",4.1
"202302","Importação de bens e serviços (-)","Taxa acumulada em quatro trimestres (em relação ao mesmo período do ano anterior)",4.4
"202303","Importação de bens e serviços (-)","Taxa acumulada em quatro trimestres (em relação ao mesmo período do ano anterior)",-0.1
"202304","Importação de bens e serviços (-)","Taxa acumulada em quatro trimestres (em relação ao mesmo período do ano anterior)",-1.2
"202401","Importação de bens e serviços (-)","Taxa acumulada em quatro trimestres (em relação ao mesmo período do ano anterior)",0.9
"202402","Importação de bens e serviços (-)","Taxa acumulada em quatro trimestres (em relação ao mesmo período do ano anterior)",4.4
"202403","Importação de bens e serviços (-)","Taxa acumulada em quatro trimestres (em relação ao mesmo período do ano anterior)",11
"202404","Importação de bens e serviços (-)","Taxa acumulada em quatro trimestres (em relação ao mesmo período do ano anterior)",15.6
"202501","Importação de bens e serviços (-)","Taxa acumulada em quatro trimestres (em relação ao mesmo período do ano anterior)",16.1
"202502","Importação de bens e serviços (-)","Taxa acumulada em quatro trimestres (em relação ao mesmo período do ano anterior)",13
"202503","Importação de bens e serviços (-)","Taxa acumulada em quatro trimestres (em relação ao mesmo período do ano anterior)",8.6
"202504","Importação de bens e serviços (-)","Taxa acumulada em quatro trimestres (em relação ao mesmo período do ano anterior)",4.5
"202601","Importação de bens e serviços (-)","Taxa acumulada em quatro trimestres (em relação ao mesmo período do ano anterior)",1.7
"202602","Importação de bens e serviços (-)","Taxa acumulada em quatro trimestres (em relação ao mesmo período do ano anterior)",2.1
"199601","PIB a preços de mercado","Taxa acumulada ao longo do ano (em relação ao mesmo período do ano anterior)",-0.6
"199602","PIB a preços de mercado","Taxa acumulada ao longo do ano (em relação ao mesmo período do ano anterior)",0.4
"199603","PIB a preços de mercado","Taxa acumulada ao longo do ano (em relação ao mesmo período do ano anterior)",2.2
"199604","PIB a preços de mercado","Taxa acumulada ao longo do ano (em relação ao mesmo período do ano anterior)",2.2
"199701","PIB a preços de mercado","Taxa acumulada ao longo do ano (em relação ao mesmo período do ano anterior)",3.4
"199702","PIB a preços de mercado","Taxa acumulada ao longo do ano (em relação ao mesmo período do ano anterior)",4.1
"199703","PIB a preços de mercado","Taxa acumulada ao longo do ano (em relação ao mesmo período do ano anterior)",3.3
"199704","PIB a preços de mercado","Taxa acumulada ao longo do ano (em relação ao mesmo período do ano anterior)",3.4
"199801","PIB a preços de mercado","Taxa acumulada ao longo do ano (em relação ao mesmo período do ano anterior)",1
"199802","PIB a preços de mercado","Taxa acumulada ao longo do ano (em relação ao mesmo período do ano anterior)",1.3
"199803","PIB a preços de mercado","Taxa acumulada ao longo do ano (em relação ao mesmo período do ano anterior)",0.9
"199804","PIB a preços de mercado","Taxa acumulada ao longo do ano (em relação ao mesmo período do ano anterior)",0.3
"199901","PIB a preços de mercado","Taxa acumulada ao longo do ano (em relação ao mesmo período do ano anterior)",0.8
"199902","PIB a preços de mercado","Taxa acumulada ao longo do ano (em relação ao mesmo período do ano anterior)",0.2
"199903","PIB a preços de mercado","Taxa acumulada ao longo do ano (em relação ao mesmo período do ano anterior)",-0.1
"199904","PIB a preços de mercado","Taxa acumulada ao longo do ano (em relação ao mesmo período do ano anterior)",0.5
"200001","PIB a preços de mercado","Taxa acumulada ao longo do ano (em relação ao mesmo período do ano anterior)",4.4
"200002","PIB a preços de mercado","Taxa acumulada ao longo do ano (em relação ao mesmo período do ano anterior)",4.2
"200003","PIB a preços de mercado","Taxa acumulada ao longo do ano (em relação ao mesmo período do ano anterior)",4.3
"200004","PIB a preços de mercado","Taxa acumulada ao longo do ano (em relação ao mesmo período do ano anterior)",4.4
"200101","PIB a preços de mercado","Taxa acumulada ao longo do ano (em relação ao mesmo período do ano anterior)",3.5
"200102","PIB a preços de mercado","Taxa acumulada ao longo do ano (em relação ao mesmo período do ano anterior)",2.9
"200103","PIB a preços de mercado","Taxa acumulada ao longo do ano (em relação ao mesmo período do ano anterior)",2.1
"200104","PIB a preços de mercado","Taxa acumulada ao longo do ano (em relação ao mesmo período do ano anterior)",1.4
"200201","PIB a preços de mercado","Taxa acumulada ao longo do ano (em relação ao mesmo período do ano anterior)",0.5
"200202","PIB a preços de mercado","Taxa acumulada ao longo do ano (em relação ao mesmo período do ano anterior)",1.4
"200203","PIB a preços de mercado","Taxa acumulada ao longo do ano (em relação ao mesmo período do ano anterior)",2.3
"200204","PIB a preços de mercado","Taxa acumulada ao longo do ano (em relação ao mesmo período do ano anterior)",3.1
"200301","PIB a preços de mercado","Taxa acumulada ao longo do ano (em relação ao mesmo período do ano anterior)",2.7
"200302","PIB a preços de mercado","Taxa acumulada ao longo do ano (em relação ao mesmo período do ano anterior)",1.7
"200303","PIB a preços de mercado","Taxa acumulada ao longo do ano (em relação ao mesmo período do ano anterior)",1.3
"200304","PIB a preços de mercado","Taxa acumulada ao longo do ano (em relação ao mesmo período do ano anterior)",1.1
"200401","PIB a preços de mercado","Taxa acumulada ao longo do ano (em relação ao mesmo período do ano anterior)",3.9
"200402","PIB a preços de mercado","Taxa acumulada ao longo do ano (em relação ao mesmo período do ano anterior)",5.1
"200403","PIB a preços de mercado","Taxa acumulada ao longo do ano (em relação ao mesmo período do ano anterior)",5.6
"200404","PIB a preços de mercado","Taxa acumulada ao longo do ano (em relação ao mesmo período do ano anterior)",5.8
"200501","PIB a preços de mercado","Taxa acumulada ao longo do ano (em relação ao mesmo período do ano anterior)",4.2
"200502","PIB a preços de mercado","Taxa acumulada ao longo do ano (em relação ao mesmo período do ano anterior)",4.3
"200503","PIB a preços de mercado","Taxa acumulada ao longo do ano (em relação ao mesmo período do ano anterior)",3.6
"200504","PIB a preços de mercado","Taxa acumulada ao longo do ano (em relação ao mesmo período do ano anterior)",3.2
"200601","PIB a preços de mercado","Taxa acumulada ao longo do ano (em relação ao mesmo período do ano anterior)",4.3
"200602","PIB a preços de mercado","Taxa acumulada ao longo do ano (em relação ao mesmo período do ano anterior)",3.3
"200603","PIB a preços de mercado","Taxa acumulada ao longo do ano (em relação ao mesmo período do ano anterior)",3.7
"200604","PIB a preços de mercado","Taxa acumulada ao longo do ano (em relação ao mesmo período do ano anterior)",4
"200701","PIB a preços de mercado","Taxa acumulada ao longo do ano (em relação ao mesmo período do ano anterior)",5.2
"200702","PIB a preços de mercado","Taxa acumulada ao longo do ano (em relação ao mesmo período do ano anterior)",5.9
"200703","PIB a preços de mercado","Taxa acumulada ao longo do ano (em relação ao mesmo período do ano anterior)",5.9
"200704","PIB a preços de mercado","Taxa acumulada ao longo do ano (em relação ao mesmo período do ano anterior)",6.1
"200801","PIB a preços de mercado","Taxa acumulada ao longo do ano (em relação ao mesmo período do ano anterior)",6.2
"200802","PIB a preços de mercado","Taxa acumulada ao longo do ano (em relação ao mesmo período do ano anterior)",6.2
"200803","PIB a preços de mercado","Taxa acumulada ao longo do ano (em relação ao mesmo período do ano anterior)",6.5
"200804","PIB a preços de mercado","Taxa acumulada ao longo do ano (em relação ao mesmo período do ano anterior)",5.1
"200901","PIB a preços de mercado","Taxa acumulada ao longo do ano (em relação ao mesmo período do ano anterior)",-2.4
"200902","PIB a preços de mercado","Taxa acumulada ao longo do ano (em relação ao mesmo período do ano anterior)",-2.3
"200903","PIB a preços de mercado","Taxa acumulada ao longo do ano (em relação ao mesmo período do ano anterior)",-1.9
"200904","PIB a preços de mercado","Taxa acumulada ao longo do ano (em relação ao mesmo período do ano anterior)",-0.1
"201001","PIB a preços de mercado","Taxa acumulada ao longo do ano (em relação ao mesmo período do ano anterior)",9.2
"201002","PIB a preços de mercado","Taxa acumulada ao longo do ano (em relação ao mesmo período do ano anterior)",8.9
"201003","PIB a preços de mercado","Taxa acumulada ao longo do ano (em relação ao mesmo período do ano anterior)",8.2
"201004","PIB a preços de mercado","Taxa acumulada ao longo do ano (em relação ao mesmo período do ano anterior)",7.5
"201101","PIB a preços de mercado","Taxa acumulada ao longo do ano (em relação ao mesmo período do ano anterior)",5.2
"201102","PIB a preços de mercado","Taxa acumulada ao longo do ano (em relação ao mesmo período do ano anterior)",4.9
"201103","PIB a preços de mercado","Taxa acumulada ao longo do ano (em relação ao mesmo período do ano anterior)",4.5
"201104","PIB a preços de mercado","Taxa acumulada ao longo do ano (em relação ao mesmo período do ano anterior)",4
"201201","PIB a preços de mercado","Taxa acumulada ao longo do ano (em relação ao mesmo período do ano anterior)",1.7
"201202","PIB a preços de mercado","Taxa acumulada ao longo do ano (em relação ao mesmo período do ano anterior)",1.3
"201203","PIB a preços de mercado","Taxa acumulada ao longo do ano (em relação ao mesmo período do ano anterior)",1.7
"201204","PIB a preços de mercado","Taxa acumulada ao longo do ano (em relação ao mesmo período do ano anterior)",1.9
"201301","PIB a preços de mercado","Taxa acumulada ao longo do ano (em relação ao mesmo período do ano anterior)",2.7
"201302","PIB a preços de mercado","Taxa acumulada ao longo do ano (em relação ao mesmo período do ano anterior)",3.4
"201303","PIB a preços de mercado","Taxa acumulada ao longo do ano (em relação ao mesmo período do ano anterior)",3.2
"201304","PIB a preços de mercado","Taxa acumulada ao longo do ano (em relação ao mesmo período do ano anterior)",3
"201401","PIB a preços de mercado","Taxa acumulada ao longo do ano (em relação ao mesmo período do ano anterior)",3.5
"201402","PIB a preços de mercado","Taxa acumulada ao longo do ano (em relação ao mesmo período do ano anterior)",1.5
"201403","PIB a preços de mercado","Taxa acumulada ao longo do ano (em relação ao mesmo período do ano anterior)",0.8
"201404","PIB a preços de mercado","Taxa acumulada ao longo do ano (em relação ao mesmo período do ano anterior)",0.5
"201501","PIB a preços de mercado","Taxa acumulada ao longo do ano (em relação ao mesmo período do ano anterior)",-1.6
"201502","PIB a preços de mercado","Taxa acumulada ao longo do ano (em relação ao mesmo período do ano anterior)",-2.2
"201503","PIB a preços de mercado","Taxa acumulada ao longo do ano (em relação ao mesmo período do ano anterior)",-2.9
"201504","PIB a preços de mercado","Taxa acumulada ao longo do ano (em relação ao mesmo período do ano anterior)",-3.5
"201601","PIB a preços de mercado","Taxa acumulada ao longo do ano (em relação ao mesmo período do ano anterior)",-5.1
"201602","PIB a preços de mercado","Taxa acumulada ao longo do ano (em relação ao mesmo período do ano anterior)",-4.2
"201603","PIB a preços de mercado","Taxa acumulada ao longo do ano (em relação ao mesmo período do ano anterior)",-3.6
"201604","PIB a preços de mercado","Taxa acumulada ao longo do ano (em relação ao mesmo período do ano anterior)",-3.3
"201701","PIB a preços de mercado","Taxa acumulada ao longo do ano (em relação ao mesmo período do ano anterior)",0.3
"201702","PIB a preços de mercado","Taxa acumulada ao longo do ano (em relação ao mesmo período do ano anterior)",0.5
"201703","PIB a preços de mercado","Taxa acumulada ao longo do ano (em relação ao mesmo período do ano anterior)",0.9
"201704","PIB a preços de mercado","Taxa acumulada ao longo do ano (em relação ao mesmo período do ano anterior)",1.3
"201801","PIB a preços de mercado","Taxa acumulada ao longo do ano (em relação ao mesmo período do ano anterior)",1.9
"201802","PIB a preços de mercado","Taxa acumulada ao longo do ano (em relação ao mesmo período do ano anterior)",1.8
"201803","PIB a preços de mercado","Taxa acumulada ao longo do ano (em relação ao mesmo período do ano anterior)",1.9
"201804","PIB a preços de mercado","Taxa acumulada ao longo do ano (em relação ao mesmo período do ano anterior)",1.8
"201901","PIB a preços de mercado","Taxa acumulada ao longo do ano (em relação ao mesmo período do ano anterior)",0.9
"201902","PIB a preços de mercado","Taxa acumulada ao longo do ano (em relação ao mesmo período do ano anterior)",1
"201903","PIB a preços de mercado","Taxa acumulada ao longo do ano (em relação ao mesmo período do ano anterior)",1.1
"201904","PIB a preços de mercado","Taxa acumulada ao longo do ano (em relação ao mesmo período do ano anterior)",1.2
"202001","PIB a preços de mercado","Taxa acumulada ao longo do ano (em relação ao mesmo período do ano anterior)",0.4
"202002","PIB a preços de mercado","Taxa acumulada ao longo do ano (em relação ao mesmo período do ano anterior)",-4.9
"202003","PIB a preços de mercado","Taxa acumulada ao longo do ano (em relação ao mesmo período do ano anterior)",-4.3
"202004","PIB a preços de mercado","Taxa acumulada ao longo do ano (em relação ao mesmo período do ano anterior)",-3.3
"202101","PIB a preços de mercado","Taxa acumulada ao longo do ano (em relação ao mesmo período do ano anterior)",1.7
"202102","PIB a preços de mercado","Taxa acumulada ao longo do ano (em relação ao mesmo período do ano anterior)",6.8
"202103","PIB a preços de mercado","Taxa acumulada ao longo do ano (em relação ao mesmo período do ano anterior)",5.9
"202104","PIB a preços de mercado","Taxa acumulada ao longo do ano (em relação ao mesmo período do ano anterior)",4.8
"202201","PIB a preços de mercado","Taxa acumulada ao longo do ano (em relação ao mesmo período do ano anterior)",1.5
"202202","PIB a preços de mercado","Taxa acumulada ao longo do ano (em relação ao mesmo período do ano anterior)",2.5
"202203","PIB a preços de mercado","Taxa acumulada ao longo do ano (em relação ao mesmo período do ano anterior)",3.1
"202204","PIB a preços de mercado","Taxa acumulada ao longo do ano (em relação ao mesmo período do ano anterior)",3
"202301","PIB a preços de mercado","Taxa acumulada ao longo do ano (em relação ao mesmo período do ano anterior)",4.4
"202302","PIB a preços de mercado","Taxa acumulada ao longo do ano (em relação ao mesmo período do ano anterior)",4.1
"202303","PIB a preços de mercado","Taxa acumulada ao longo do ano (em relação ao mesmo período do ano anterior)",3.5
"202304","PIB a preços de mercado","Taxa acumulada ao longo do ano (em relação ao mesmo período do ano anterior)",3.2
"202401","PIB a preços de mercado","Taxa acumulada ao longo do ano (em relação ao mesmo período do ano anterior)",2.5
"202402","PIB a preços de mercado","Taxa acumulada ao longo do ano (em relação ao mesmo período do ano anterior)",3
"202403","PIB a preços de mercado","Taxa acumulada ao longo do ano (em relação ao mesmo período do ano anterior)",3.4
"202404","PIB a preços de mercado","Taxa acumulada ao longo do ano (em relação ao mesmo período do ano anterior)",3.4
"202501","PIB a preços de mercado","Taxa acumulada ao longo do ano (em relação ao mesmo período do ano anterior)",3.1
"202502","PIB a preços de mercado","Taxa acumulada ao longo do ano (em relação ao mesmo período do ano anterior)",2.7
"202503","PIB a preços de mercado","Taxa acumulada ao longo do ano (em relação ao mesmo período do ano anterior)",2.4
"202504","PIB a preços de mercado","Taxa acumulada ao longo do ano (em relação ao mesmo período do ano anterior)",2.3
"202601","PIB a preços de mercado","Taxa acumulada ao longo do ano (em relação ao mesmo período do ano anterior)",1.8
"202602","PIB a preços de mercado","Taxa acumulada ao longo do ano (em relação ao mesmo período do ano anterior)",1.9
"199601","Agropecuária - total","Taxa acumulada ao longo do ano (em relação ao mesmo período do ano anterior)",2.6
"199602","Agropecuária - total","Taxa acumulada ao longo do ano (em relação ao mesmo período do ano anterior)",2.4
"199603","Agropecuária - total","Taxa acumulada ao longo do ano (em relação ao mesmo período do ano anterior)",1.3
"199604","Agropecuária - total","Taxa acumulada ao longo do ano (em relação ao mesmo período do ano anterior)",3
"199701","Agropecuária - total","Taxa acumulada ao longo do ano (em relação ao mesmo período do ano anterior)",7
"199702","Agropecuária - total","Taxa acumulada ao longo do ano (em relação ao mesmo período do ano anterior)",5.7
"199703","Agropecuária - total","Taxa acumulada ao longo do ano (em relação ao mesmo período do ano anterior)",4.3
"199704","Agropecuária - total","Taxa acumulada ao longo do ano (em relação ao mesmo período do ano anterior)",0.8
"199801","Agropecuária - total","Taxa acumulada ao longo do ano (em relação ao mesmo período do ano anterior)",-1.4
"199802","Agropecuária - total","Taxa acumulada ao longo do ano (em relação ao mesmo período do ano anterior)",5.8
"199803","Agropecuária - total","Taxa acumulada ao longo do ano (em relação ao mesmo período do ano anterior)",5.6
"199804","Agropecuária - total","Taxa acumulada ao longo do ano (em relação ao mesmo período do ano anterior)",3.4
"199901","Agropecuária - total","Taxa acumulada ao longo do ano (em relação ao mesmo período do ano anterior)",12.6
"199902","Agropecuária - total","Taxa acumulada ao longo do ano (em relação ao mesmo período do ano anterior)",6.8
"199903","Agropecuária - total","Taxa acumulada ao longo do ano (em relação ao mesmo período do ano anterior)",5.7
"199904","Agropecuária - total","Taxa acumulada ao longo do ano (em relação ao mesmo período do ano anterior)",6.5
"200001","Agropecuária - total","Taxa acumulada ao longo do ano (em relação ao mesmo período do ano anterior)",6.2
"200002","Agropecuária - total","Taxa acumulada ao longo do ano (em relação ao mesmo período do ano anterior)",4.8
"200003","Agropecuária - total","Taxa acumulada ao longo do ano (em relação ao mesmo período do ano anterior)",3.7
"200004","Agropecuária - total","Taxa acumulada ao longo do ano (em relação ao mesmo período do ano anterior)",2.7
"200101","Agropecuária - total","Taxa acumulada ao longo do ano (em relação ao mesmo período do ano anterior)",2.9
"200102","Agropecuária - total","Taxa acumulada ao longo do ano (em relação ao mesmo período do ano anterior)",3
"200103","Agropecuária - total","Taxa acumulada ao longo do ano (em relação ao mesmo período do ano anterior)",3.9
"200104","Agropecuária - total","Taxa acumulada ao longo do ano (em relação ao mesmo período do ano anterior)",5.2
"200201","Agropecuária - total","Taxa acumulada ao longo do ano (em relação ao mesmo período do ano anterior)",4.7
"200202","Agropecuária - total","Taxa acumulada ao longo do ano (em relação ao mesmo período do ano anterior)",6
"200203","Agropecuária - total","Taxa acumulada ao longo do ano (em relação ao mesmo período do ano anterior)",7.8
"200204","Agropecuária - total","Taxa acumulada ao longo do ano (em relação ao mesmo período do ano anterior)",8
"200301","Agropecuária - total","Taxa acumulada ao longo do ano (em relação ao mesmo período do ano anterior)",15.4
"200302","Agropecuária - total","Taxa acumulada ao longo do ano (em relação ao mesmo período do ano anterior)",14.4
"200303","Agropecuária - total","Taxa acumulada ao longo do ano (em relação ao mesmo período do ano anterior)",10.1
"200304","Agropecuária - total","Taxa acumulada ao longo do ano (em relação ao mesmo período do ano anterior)",8.3
"200401","Agropecuária - total","Taxa acumulada ao longo do ano (em relação ao mesmo período do ano anterior)",0
"200402","Agropecuária - total","Taxa acumulada ao longo do ano (em relação ao mesmo período do ano anterior)",1
"200403","Agropecuária - total","Taxa acumulada ao longo do ano (em relação ao mesmo período do ano anterior)",2.1
"200404","Agropecuária - total","Taxa acumulada ao longo do ano (em relação ao mesmo período do ano anterior)",2
"200501","Agropecuária - total","Taxa acumulada ao longo do ano (em relação ao mesmo período do ano anterior)",3.2
"200502","Agropecuária - total","Taxa acumulada ao longo do ano (em relação ao mesmo período do ano anterior)",2.8
"200503","Agropecuária - total","Taxa acumulada ao longo do ano (em relação ao mesmo período do ano anterior)",1.3
"200504","Agropecuária - total","Taxa acumulada ao longo do ano (em relação ao mesmo período do ano anterior)",1.1
"200601","Agropecuária - total","Taxa acumulada ao longo do ano (em relação ao mesmo período do ano anterior)",0.5
"200602","Agropecuária - total","Taxa acumulada ao longo do ano (em relação ao mesmo período do ano anterior)",0.1
"200603","Agropecuária - total","Taxa acumulada ao longo do ano (em relação ao mesmo período do ano anterior)",3.4
"200604","Agropecuária - total","Taxa acumulada ao longo do ano (em relação ao mesmo período do ano anterior)",4.6
"200701","Agropecuária - total","Taxa acumulada ao longo do ano (em relação ao mesmo período do ano anterior)",3.9
"200702","Agropecuária - total","Taxa acumulada ao longo do ano (em relação ao mesmo período do ano anterior)",2.2
"200703","Agropecuária - total","Taxa acumulada ao longo do ano (em relação ao mesmo período do ano anterior)",3
"200704","Agropecuária - total","Taxa acumulada ao longo do ano (em relação ao mesmo período do ano anterior)",3.2
"200801","Agropecuária - total","Taxa acumulada ao longo do ano (em relação ao mesmo período do ano anterior)",4.8
"200802","Agropecuária - total","Taxa acumulada ao longo do ano (em relação ao mesmo período do ano anterior)",7.9
"200803","Agropecuária - total","Taxa acumulada ao longo do ano (em relação ao mesmo período do ano anterior)",6.9
"200804","Agropecuária - total","Taxa acumulada ao longo do ano (em relação ao mesmo período do ano anterior)",5.8
"200901","Agropecuária - total","Taxa acumulada ao longo do ano (em relação ao mesmo período do ano anterior)",-1.4
"200902","Agropecuária - total","Taxa acumulada ao longo do ano (em relação ao mesmo período do ano anterior)",-3.5
"200903","Agropecuária - total","Taxa acumulada ao longo do ano (em relação ao mesmo período do ano anterior)",-4.8
"200904","Agropecuária - total","Taxa acumulada ao longo do ano (em relação ao mesmo período do ano anterior)",-3.7
"201001","Agropecuária - total","Taxa acumulada ao longo do ano (em relação ao mesmo período do ano anterior)",6.9
"201002","Agropecuária - total","Taxa acumulada ao longo do ano (em relação ao mesmo período do ano anterior)",8.4
"201003","Agropecuária - total","Taxa acumulada ao longo do ano (em relação ao mesmo período do ano anterior)",7.5
"201004","Agropecuária - total","Taxa acumulada ao longo do ano (em relação ao mesmo período do ano anterior)",6.7
"201101","Agropecuária - total","Taxa acumulada ao longo do ano (em relação ao mesmo período do ano anterior)",5.4
"201102","Agropecuária - total","Taxa acumulada ao longo do ano (em relação ao mesmo período do ano anterior)",3
"201103","Agropecuária - total","Taxa acumulada ao longo do ano (em relação ao mesmo período do ano anterior)",4.5
"201104","Agropecuária - total","Taxa acumulada ao longo do ano (em relação ao mesmo período do ano anterior)",5.6
"201201","Agropecuária - total","Taxa acumulada ao longo do ano (em relação ao mesmo período do ano anterior)",-11.2
"201202","Agropecuária - total","Taxa acumulada ao longo do ano (em relação ao mesmo período do ano anterior)",-5.8
"201203","Agropecuária - total","Taxa acumulada ao longo do ano (em relação ao mesmo período do ano anterior)",-2.4
"201204","Agropecuária - total","Taxa acumulada ao longo do ano (em relação ao mesmo período do ano anterior)",-3.1
"201301","Agropecuária - total","Taxa acumulada ao longo do ano (em relação ao mesmo período do ano anterior)",21.5
"201302","Agropecuária - total","Taxa acumulada ao longo do ano (em relação ao mesmo período do ano anterior)",15.6
"201303","Agropecuária - total","Taxa acumulada ao longo do ano (em relação ao mesmo período do ano anterior)",9.3
"201304","Agropecuária - total","Taxa acumulada ao longo do ano (em relação ao mesmo período do ano anterior)",8.4
"201401","Agropecuária - total","Taxa acumulada ao longo do ano (em relação ao mesmo período do ano anterior)",6.9
"201402","Agropecuária - total","Taxa acumulada ao longo do ano (em relação ao mesmo período do ano anterior)",3.6
"201403","Agropecuária - total","Taxa acumulada ao longo do ano (em relação ao mesmo período do ano anterior)",2.8
"201404","Agropecuária - total","Taxa acumulada ao longo do ano (em relação ao mesmo período do ano anterior)",2.8
"201501","Agropecuária - total","Taxa acumulada ao longo do ano (em relação ao mesmo período do ano anterior)",7.1
"201502","Agropecuária - total","Taxa acumulada ao longo do ano (em relação ao mesmo período do ano anterior)",5.9
"201503","Agropecuária - total","Taxa acumulada ao longo do ano (em relação ao mesmo período do ano anterior)",4
"201504","Agropecuária - total","Taxa acumulada ao longo do ano (em relação ao mesmo período do ano anterior)",3.3
"201601","Agropecuária - total","Taxa acumulada ao longo do ano (em relação ao mesmo período do ano anterior)",-7.6
"201602","Agropecuária - total","Taxa acumulada ao longo do ano (em relação ao mesmo período do ano anterior)",-6.5
"201603","Agropecuária - total","Taxa acumulada ao longo do ano (em relação ao mesmo período do ano anterior)",-5.9
"201604","Agropecuária - total","Taxa acumulada ao longo do ano (em relação ao mesmo período do ano anterior)",-5.2
"201701","Agropecuária - total","Taxa acumulada ao longo do ano (em relação ao mesmo período do ano anterior)",20.4
"201702","Agropecuária - total","Taxa acumulada ao longo do ano (em relação ao mesmo período do ano anterior)",18.3
"201703","Agropecuária - total","Taxa acumulada ao longo do ano (em relação ao mesmo período do ano anterior)",16
"201704","Agropecuária - total","Taxa acumulada ao longo do ano (em relação ao mesmo período do ano anterior)",14.2
"201801","Agropecuária - total","Taxa acumulada ao longo do ano (em relação ao mesmo período do ano anterior)",-2.6
"201802","Agropecuária - total","Taxa acumulada ao longo do ano (em relação ao mesmo período do ano anterior)",-1
"201803","Agropecuária - total","Taxa acumulada ao longo do ano (em relação ao mesmo período do ano anterior)",0.6
"201804","Agropecuária - total","Taxa acumulada ao longo do ano (em relação ao mesmo período do ano anterior)",1.3
"201901","Agropecuária - total","Taxa acumulada ao longo do ano (em relação ao mesmo período do ano anterior)",0.5
"201902","Agropecuária - total","Taxa acumulada ao longo do ano (em relação ao mesmo período do ano anterior)",0.6
"201903","Agropecuária - total","Taxa acumulada ao longo do ano (em relação ao mesmo período do ano anterior)",0.7
"201904","Agropecuária - total","Taxa acumulada ao longo do ano (em relação ao mesmo período do ano anterior)",0.4
"202001","Agropecuária - total","Taxa acumulada ao longo do ano (em relação ao mesmo período do ano anterior)",7.1
"202002","Agropecuária - total","Taxa acumulada ao longo do ano (em relação ao mesmo período do ano anterior)",6.3
"202003","Agropecuária - total","Taxa acumulada ao longo do ano (em relação ao mesmo período do ano anterior)",5
"202004","Agropecuária - total","Taxa acumulada ao longo do ano (em relação ao mesmo período do ano anterior)",4.2
"202101","Agropecuária - total","Taxa acumulada ao longo do ano (em relação ao mesmo período do ano anterior)",4
"202102","Agropecuária - total","Taxa acumulada ao longo do ano (em relação ao mesmo período do ano anterior)",1.2
"202103","Agropecuária - total","Taxa acumulada ao longo do ano (em relação ao mesmo período do ano anterior)",-1.1
"202104","Agropecuária - total","Taxa acumulada ao longo do ano (em relação ao mesmo período do ano anterior)",0
"202201","Agropecuária - total","Taxa acumulada ao longo do ano (em relação ao mesmo período do ano anterior)",-6.6
"202202","Agropecuária - total","Taxa acumulada ao longo do ano (em relação ao mesmo período do ano anterior)",-4
"202203","Agropecuária - total","Taxa acumulada ao longo do ano (em relação ao mesmo período do ano anterior)",-0.6
"202204","Agropecuária - total","Taxa acumulada ao longo do ano (em relação ao mesmo período do ano anterior)",-1.1
"202301","Agropecuária - total","Taxa acumulada ao longo do ano (em relação ao mesmo período do ano anterior)",24.3
"202302","Agropecuária - total","Taxa acumulada ao longo do ano (em relação ao mesmo período do ano anterior)",23.5
"202303","Agropecuária - total","Taxa acumulada ao longo do ano (em relação ao mesmo período do ano anterior)",19.4
"202304","Agropecuária - total","Taxa acumulada ao longo do ano (em relação ao mesmo período do ano anterior)",16.3
"202401","Agropecuária - total","Taxa acumulada ao longo do ano (em relação ao mesmo período do ano anterior)",-6.9
"202402","Agropecuária - total","Taxa acumulada ao longo do ano (em relação ao mesmo período do ano anterior)",-5.4
"202403","Agropecuária - total","Taxa acumulada ao longo do ano (em relação ao mesmo período do ano anterior)",-4.1
"202404","Agropecuária - total","Taxa acumulada ao longo do ano (em relação ao mesmo período do ano anterior)",-3.7
"202501","Agropecuária - total","Taxa acumulada ao longo do ano (em relação ao mesmo período do ano anterior)",12.9
"202502","Agropecuária - total","Taxa acumulada ao longo do ano (em relação ao mesmo período do ano anterior)",12.2
"202503","Agropecuária - total","Taxa acumulada ao longo do ano (em relação ao mesmo período do ano anterior)",11.6
"202504","Agropecuária - total","Taxa acumulada ao longo do ano (em relação ao mesmo período do ano anterior)",11.7
"202601","Agropecuária - total","Taxa acumulada ao longo do ano (em relação ao mesmo período do ano anterior)",0.7
"202602","Agropecuária - total","Taxa acumulada ao longo do ano (em relação ao mesmo período do ano anterior)",3.6
"199601","Indústria - total","Taxa acumulada ao longo do ano (em relação ao mesmo período do ano anterior)",-6
"199602","Indústria - total","Taxa acumulada ao longo do ano (em relação ao mesmo período do ano anterior)",-4.5
"199603","Indústria - total","Taxa acumulada ao longo do ano (em relação ao mesmo período do ano anterior)",0.8
"199604","Indústria - total","Taxa acumulada ao longo do ano (em relação ao mesmo período do ano anterior)",1
"199701","Indústria - total","Taxa acumulada ao longo do ano (em relação ao mesmo período do ano anterior)",3.3
"199702","Indústria - total","Taxa acumulada ao longo do ano (em relação ao mesmo período do ano anterior)",5.7
"199703","Indústria - total","Taxa acumulada ao longo do ano (em relação ao mesmo período do ano anterior)",3.7
"199704","Indústria - total","Taxa acumulada ao longo do ano (em relação ao mesmo período do ano anterior)",4.4
"199801","Indústria - total","Taxa acumulada ao longo do ano (em relação ao mesmo período do ano anterior)",0.1
"199802","Indústria - total","Taxa acumulada ao longo do ano (em relação ao mesmo período do ano anterior)",-0.1
"199803","Indústria - total","Taxa acumulada ao longo do ano (em relação ao mesmo período do ano anterior)",-1
"199804","Indústria - total","Taxa acumulada ao longo do ano (em relação ao mesmo período do ano anterior)",-2.1
"199901","Indústria - total","Taxa acumulada ao longo do ano (em relação ao mesmo período do ano anterior)",-4.2
"199902","Indústria - total","Taxa acumulada ao longo do ano (em relação ao mesmo período do ano anterior)",-4.3
"199903","Indústria - total","Taxa acumulada ao longo do ano (em relação ao mesmo período do ano anterior)",-4
"199904","Indústria - total","Taxa acumulada ao longo do ano (em relação ao mesmo período do ano anterior)",-2.6
"200001","Indústria - total","Taxa acumulada ao longo do ano (em relação ao mesmo período do ano anterior)",4.6
"200002","Indústria - total","Taxa acumulada ao longo do ano (em relação ao mesmo período do ano anterior)",4.2
"200003","Indústria - total","Taxa acumulada ao longo do ano (em relação ao mesmo período do ano anterior)",4.3
"200004","Indústria - total","Taxa acumulada ao longo do ano (em relação ao mesmo período do ano anterior)",4.4
"200101","Indústria - total","Taxa acumulada ao longo do ano (em relação ao mesmo período do ano anterior)",4.1
"200102","Indústria - total","Taxa acumulada ao longo do ano (em relação ao mesmo período do ano anterior)",2.2
"200103","Indústria - total","Taxa acumulada ao longo do ano (em relação ao mesmo período do ano anterior)",0.5
"200104","Indústria - total","Taxa acumulada ao longo do ano (em relação ao mesmo período do ano anterior)",-0.6
"200201","Indústria - total","Taxa acumulada ao longo do ano (em relação ao mesmo período do ano anterior)",-2.3
"200202","Indústria - total","Taxa acumulada ao longo do ano (em relação ao mesmo período do ano anterior)",0
"200203","Indústria - total","Taxa acumulada ao longo do ano (em relação ao mesmo período do ano anterior)",2
"200204","Indústria - total","Taxa acumulada ao longo do ano (em relação ao mesmo período do ano anterior)",3.8
"200301","Indústria - total","Taxa acumulada ao longo do ano (em relação ao mesmo período do ano anterior)",0.1
"200302","Indústria - total","Taxa acumulada ao longo do ano (em relação ao mesmo período do ano anterior)",-1
"200303","Indústria - total","Taxa acumulada ao longo do ano (em relação ao mesmo período do ano anterior)",0
"200304","Indústria - total","Taxa acumulada ao longo do ano (em relação ao mesmo período do ano anterior)",0.1
"200401","Indústria - total","Taxa acumulada ao longo do ano (em relação ao mesmo período do ano anterior)",7.4
"200402","Indústria - total","Taxa acumulada ao longo do ano (em relação ao mesmo período do ano anterior)",8.2
"200403","Indústria - total","Taxa acumulada ao longo do ano (em relação ao mesmo período do ano anterior)",8.4
"200404","Indústria - total","Taxa acumulada ao longo do ano (em relação ao mesmo período do ano anterior)",8.2
"200501","Indústria - total","Taxa acumulada ao longo do ano (em relação ao mesmo período do ano anterior)",4.2
"200502","Indústria - total","Taxa acumulada ao longo do ano (em relação ao mesmo período do ano anterior)",4.7
"200503","Indústria - total","Taxa acumulada ao longo do ano (em relação ao mesmo período do ano anterior)",2.6
"200504","Indústria - total","Taxa acumulada ao longo do ano (em relação ao mesmo período do ano anterior)",2
"200601","Indústria - total","Taxa acumulada ao longo do ano (em relação ao mesmo período do ano anterior)",3.3
"200602","Indústria - total","Taxa acumulada ao longo do ano (em relação ao mesmo período do ano anterior)",0.6
"200603","Indústria - total","Taxa acumulada ao longo do ano (em relação ao mesmo período do ano anterior)",1.3
"200604","Indústria - total","Taxa acumulada ao longo do ano (em relação ao mesmo período do ano anterior)",2
"200701","Indústria - total","Taxa acumulada ao longo do ano (em relação ao mesmo período do ano anterior)",4.1
"200702","Indústria - total","Taxa acumulada ao longo do ano (em relação ao mesmo período do ano anterior)",6.5
"200703","Indústria - total","Taxa acumulada ao longo do ano (em relação ao mesmo período do ano anterior)",6.7
"200704","Indústria - total","Taxa acumulada ao longo do ano (em relação ao mesmo período do ano anterior)",6.2
"200801","Indústria - total","Taxa acumulada ao longo do ano (em relação ao mesmo período do ano anterior)",7.1
"200802","Indústria - total","Taxa acumulada ao longo do ano (em relação ao mesmo período do ano anterior)",6.1
"200803","Indústria - total","Taxa acumulada ao longo do ano (em relação ao mesmo período do ano anterior)",6.4
"200804","Indústria - total","Taxa acumulada ao longo do ano (em relação ao mesmo período do ano anterior)",4.1
"200901","Indústria - total","Taxa acumulada ao longo do ano (em relação ao mesmo período do ano anterior)",-10.8
"200902","Indústria - total","Taxa acumulada ao longo do ano (em relação ao mesmo período do ano anterior)",-9.3
"200903","Indústria - total","Taxa acumulada ao longo do ano (em relação ao mesmo período do ano anterior)",-8.1
"200904","Indústria - total","Taxa acumulada ao longo do ano (em relação ao mesmo período do ano anterior)",-4.7
"201001","Indústria - total","Taxa acumulada ao longo do ano (em relação ao mesmo período do ano anterior)",15.3
"201002","Indústria - total","Taxa acumulada ao longo do ano (em relação ao mesmo período do ano anterior)",14.1
"201003","Indústria - total","Taxa acumulada ao longo do ano (em relação ao mesmo período do ano anterior)",12
"201004","Indústria - total","Taxa acumulada ao longo do ano (em relação ao mesmo período do ano anterior)",10.2
"201101","Indústria - total","Taxa acumulada ao longo do ano (em relação ao mesmo período do ano anterior)",5.7
"201102","Indústria - total","Taxa acumulada ao longo do ano (em relação ao mesmo período do ano anterior)",5.4
"201103","Indústria - total","Taxa acumulada ao longo do ano (em relação ao mesmo período do ano anterior)",4.9
"201104","Indústria - total","Taxa acumulada ao longo do ano (em relação ao mesmo período do ano anterior)",4.1
"201201","Indústria - total","Taxa acumulada ao longo do ano (em relação ao mesmo período do ano anterior)",2.4
"201202","Indústria - total","Taxa acumulada ao longo do ano (em relação ao mesmo período do ano anterior)",-0.5
"201203","Indústria - total","Taxa acumulada ao longo do ano (em relação ao mesmo período do ano anterior)",-0.5
"201204","Indústria - total","Taxa acumulada ao longo do ano (em relação ao mesmo período do ano anterior)",-0.7
"201301","Indústria - total","Taxa acumulada ao longo do ano (em relação ao mesmo período do ano anterior)",-1.4
"201302","Indústria - total","Taxa acumulada ao longo do ano (em relação ao mesmo período do ano anterior)",1.5
"201303","Indústria - total","Taxa acumulada ao longo do ano (em relação ao mesmo período do ano anterior)",2
"201304","Indústria - total","Taxa acumulada ao longo do ano (em relação ao mesmo período do ano anterior)",2.2
"201401","Indústria - total","Taxa acumulada ao longo do ano (em relação ao mesmo período do ano anterior)",3.9
"201402","Indústria - total","Taxa acumulada ao longo do ano (em relação ao mesmo período do ano anterior)",0
"201403","Indústria - total","Taxa acumulada ao longo do ano (em relação ao mesmo período do ano anterior)",-1.2
"201404","Indústria - total","Taxa acumulada ao longo do ano (em relação ao mesmo período do ano anterior)",-1.5
"201501","Indústria - total","Taxa acumulada ao longo do ano (em relação ao mesmo período do ano anterior)",-4.1
"201502","Indústria - total","Taxa acumulada ao longo do ano (em relação ao mesmo período do ano anterior)",-4.5
"201503","Indústria - total","Taxa acumulada ao longo do ano (em relação ao mesmo período do ano anterior)",-4.9
"201504","Indústria - total","Taxa acumulada ao longo do ano (em relação ao mesmo período do ano anterior)",-5.8
"201601","Indústria - total","Taxa acumulada ao longo do ano (em relação ao mesmo período do ano anterior)",-7.4
"201602","Indústria - total","Taxa acumulada ao longo do ano (em relação ao mesmo período do ano anterior)",-5.7
"201603","Indústria - total","Taxa acumulada ao longo do ano (em relação ao mesmo período do ano anterior)",-4.9
"201604","Indústria - total","Taxa acumulada ao longo do ano (em relação ao mesmo período do ano anterior)",-4.6
"201701","Indústria - total","Taxa acumulada ao longo do ano (em relação ao mesmo período do ano anterior)",-1.9
"201702","Indústria - total","Taxa acumulada ao longo do ano (em relação ao mesmo período do ano anterior)",-2.1
"201703","Indústria - total","Taxa acumulada ao longo do ano (em relação ao mesmo período do ano anterior)",-1.5
"201704","Indústria - total","Taxa acumulada ao longo do ano (em relação ao mesmo período do ano anterior)",-0.5
"201801","Indústria - total","Taxa acumulada ao longo do ano (em relação ao mesmo período do ano anterior)",1.3
"201802","Indústria - total","Taxa acumulada ao longo do ano (em relação ao mesmo período do ano anterior)",1.2
"201803","Indústria - total","Taxa acumulada ao longo do ano (em relação ao mesmo período do ano anterior)",1.2
"201804","Indústria - total","Taxa acumulada ao longo do ano (em relação ao mesmo período do ano anterior)",0.7
"201901","Indústria - total","Taxa acumulada ao longo do ano (em relação ao mesmo período do ano anterior)",-1.5
"201902","Indústria - total","Taxa acumulada ao longo do ano (em relação ao mesmo período do ano anterior)",-0.9
"201903","Indústria - total","Taxa acumulada ao longo do ano (em relação ao mesmo período do ano anterior)",-0.8
"201904","Indústria - total","Taxa acumulada ao longo do ano (em relação ao mesmo período do ano anterior)",-0.7
"202001","Indústria - total","Taxa acumulada ao longo do ano (em relação ao mesmo período do ano anterior)",-1.2
"202002","Indústria - total","Taxa acumulada ao longo do ano (em relação ao mesmo período do ano anterior)",-7.3
"202003","Indústria - total","Taxa acumulada ao longo do ano (em relação ao mesmo período do ano anterior)",-4.7
"202004","Indústria - total","Taxa acumulada ao longo do ano (em relação ao mesmo período do ano anterior)",-3
"202101","Indústria - total","Taxa acumulada ao longo do ano (em relação ao mesmo período do ano anterior)",6.2
"202102","Indústria - total","Taxa acumulada ao longo do ano (em relação ao mesmo período do ano anterior)",12.2
"202103","Indústria - total","Taxa acumulada ao longo do ano (em relação ao mesmo período do ano anterior)",8.2
"202104","Indústria - total","Taxa acumulada ao longo do ano (em relação ao mesmo período do ano anterior)",5
"202201","Indústria - total","Taxa acumulada ao longo do ano (em relação ao mesmo período do ano anterior)",-2.3
"202202","Indústria - total","Taxa acumulada ao longo do ano (em relação ao mesmo período do ano anterior)",-0.6
"202203","Indústria - total","Taxa acumulada ao longo do ano (em relação ao mesmo período do ano anterior)",0.5
"202204","Indústria - total","Taxa acumulada ao longo do ano (em relação ao mesmo período do ano anterior)",1.5
"202301","Indústria - total","Taxa acumulada ao longo do ano (em relação ao mesmo período do ano anterior)",1.6
"202302","Indústria - total","Taxa acumulada ao longo do ano (em relação ao mesmo período do ano anterior)",1.3
"202303","Indústria - total","Taxa acumulada ao longo do ano (em relação ao mesmo período do ano anterior)",1.2
"202304","Indústria - total","Taxa acumulada ao longo do ano (em relação ao mesmo período do ano anterior)",1.7
"202401","Indústria - total","Taxa acumulada ao longo do ano (em relação ao mesmo período do ano anterior)",3
"202402","Indústria - total","Taxa acumulada ao longo do ano (em relação ao mesmo período do ano anterior)",3.5
"202403","Indústria - total","Taxa acumulada ao longo do ano (em relação ao mesmo período do ano anterior)",3.4
"202404","Indústria - total","Taxa acumulada ao longo do ano (em relação ao mesmo período do ano anterior)",3.1
"202501","Indústria - total","Taxa acumulada ao longo do ano (em relação ao mesmo período do ano anterior)",2.4
"202502","Indústria - total","Taxa acumulada ao longo do ano (em relação ao mesmo período do ano anterior)",1.7
"202503","Indústria - total","Taxa acumulada ao longo do ano (em relação ao mesmo período do ano anterior)",1.7
"202504","Indústria - total","Taxa acumulada ao longo do ano (em relação ao mesmo período do ano anterior)",1.4
"202601","Indústria - total","Taxa acumulada ao longo do ano (em relação ao mesmo período do ano anterior)",1.6
"202602","Indústria - total","Taxa acumulada ao longo do ano (em relação ao mesmo período do ano anterior)",1.6
"199601","Serviços - total","Taxa acumulada ao longo do ano (em relação ao mesmo período do ano anterior)",2.7
"199602","Serviços - total","Taxa acumulada ao longo do ano (em relação ao mesmo período do ano anterior)",3.2
"199603","Serviços - total","Taxa acumulada ao longo do ano (em relação ao mesmo período do ano anterior)",3.2
"199604","Serviços - total","Taxa acumulada ao longo do ano (em relação ao mesmo período do ano anterior)",2.3
"199701","Serviços - total","Taxa acumulada ao longo do ano (em relação ao mesmo período do ano anterior)",1.9
"199702","Serviços - total","Taxa acumulada ao longo do ano (em relação ao mesmo período do ano anterior)",2.1
"199703","Serviços - total","Taxa acumulada ao longo do ano (em relação ao mesmo período do ano anterior)",1.8
"199704","Serviços - total","Taxa acumulada ao longo do ano (em relação ao mesmo período do ano anterior)",2.5
"199801","Serviços - total","Taxa acumulada ao longo do ano (em relação ao mesmo período do ano anterior)",1.4
"199802","Serviços - total","Taxa acumulada ao longo do ano (em relação ao mesmo período do ano anterior)",1.6
"199803","Serviços - total","Taxa acumulada ao longo do ano (em relação ao mesmo período do ano anterior)",1.7
"199804","Serviços - total","Taxa acumulada ao longo do ano (em relação ao mesmo período do ano anterior)",1.4
"199901","Serviços - total","Taxa acumulada ao longo do ano (em relação ao mesmo período do ano anterior)",2.8
"199902","Serviços - total","Taxa acumulada ao longo do ano (em relação ao mesmo período do ano anterior)",2.2
"199903","Serviços - total","Taxa acumulada ao longo do ano (em relação ao mesmo período do ano anterior)",1.8
"199904","Serviços - total","Taxa acumulada ao longo do ano (em relação ao mesmo período do ano anterior)",1.8
"200001","Serviços - total","Taxa acumulada ao longo do ano (em relação ao mesmo período do ano anterior)",3.1
"200002","Serviços - total","Taxa acumulada ao longo do ano (em relação ao mesmo período do ano anterior)",3.2
"200003","Serviços - total","Taxa acumulada ao longo do ano (em relação ao mesmo período do ano anterior)",3.6
"200004","Serviços - total","Taxa acumulada ao longo do ano (em relação ao mesmo período do ano anterior)",3.8
"200101","Serviços - total","Taxa acumulada ao longo do ano (em relação ao mesmo período do ano anterior)",2.4
"200102","Serviços - total","Taxa acumulada ao longo do ano (em relação ao mesmo período do ano anterior)",2.8
"200103","Serviços - total","Taxa acumulada ao longo do ano (em relação ao mesmo período do ano anterior)",2.4
"200104","Serviços - total","Taxa acumulada ao longo do ano (em relação ao mesmo período do ano anterior)",2.1
"200201","Serviços - total","Taxa acumulada ao longo do ano (em relação ao mesmo período do ano anterior)",2.9
"200202","Serviços - total","Taxa acumulada ao longo do ano (em relação ao mesmo período do ano anterior)",2.7
"200203","Serviços - total","Taxa acumulada ao longo do ano (em relação ao mesmo período do ano anterior)",2.9
"200204","Serviços - total","Taxa acumulada ao longo do ano (em relação ao mesmo período do ano anterior)",3.1
"200301","Serviços - total","Taxa acumulada ao longo do ano (em relação ao mesmo período do ano anterior)",1.8
"200302","Serviços - total","Taxa acumulada ao longo do ano (em relação ao mesmo período do ano anterior)",1.4
"200303","Serviços - total","Taxa acumulada ao longo do ano (em relação ao mesmo período do ano anterior)",1
"200304","Serviços - total","Taxa acumulada ao longo do ano (em relação ao mesmo período do ano anterior)",1
"200401","Serviços - total","Taxa acumulada ao longo do ano (em relação ao mesmo período do ano anterior)",3.3
"200402","Serviços - total","Taxa acumulada ao longo do ano (em relação ao mesmo período do ano anterior)",4.5
"200403","Serviços - total","Taxa acumulada ao longo do ano (em relação ao mesmo período do ano anterior)",4.7
"200404","Serviços - total","Taxa acumulada ao longo do ano (em relação ao mesmo período do ano anterior)",5
"200501","Serviços - total","Taxa acumulada ao longo do ano (em relação ao mesmo período do ano anterior)",4.5
"200502","Serviços - total","Taxa acumulada ao longo do ano (em relação ao mesmo período do ano anterior)",4.4
"200503","Serviços - total","Taxa acumulada ao longo do ano (em relação ao mesmo período do ano anterior)",4.1
"200504","Serviços - total","Taxa acumulada ao longo do ano (em relação ao mesmo período do ano anterior)",3.7
"200601","Serviços - total","Taxa acumulada ao longo do ano (em relação ao mesmo período do ano anterior)",4.6
"200602","Serviços - total","Taxa acumulada ao longo do ano (em relação ao mesmo período do ano anterior)",4.2
"200603","Serviços - total","Taxa acumulada ao longo do ano (em relação ao mesmo período do ano anterior)",4.3
"200604","Serviços - total","Taxa acumulada ao longo do ano (em relação ao mesmo período do ano anterior)",4.3
"200701","Serviços - total","Taxa acumulada ao longo do ano (em relação ao mesmo período do ano anterior)",5.7
"200702","Serviços - total","Taxa acumulada ao longo do ano (em relação ao mesmo período do ano anterior)",5.8
"200703","Serviços - total","Taxa acumulada ao longo do ano (em relação ao mesmo período do ano anterior)",5.7
"200704","Serviços - total","Taxa acumulada ao longo do ano (em relação ao mesmo período do ano anterior)",5.8
"200801","Serviços - total","Taxa acumulada ao longo do ano (em relação ao mesmo período do ano anterior)",5.3
"200802","Serviços - total","Taxa acumulada ao longo do ano (em relação ao mesmo período do ano anterior)",5.5
"200803","Serviços - total","Taxa acumulada ao longo do ano (em relação ao mesmo período do ano anterior)",5.8
"200804","Serviços - total","Taxa acumulada ao longo do ano (em relação ao mesmo período do ano anterior)",4.8
"200901","Serviços - total","Taxa acumulada ao longo do ano (em relação ao mesmo período do ano anterior)",1
"200902","Serviços - total","Taxa acumulada ao longo do ano (em relação ao mesmo período do ano anterior)",0.8
"200903","Serviços - total","Taxa acumulada ao longo do ano (em relação ao mesmo período do ano anterior)",1
"200904","Serviços - total","Taxa acumulada ao longo do ano (em relação ao mesmo período do ano anterior)",2.1
"201001","Serviços - total","Taxa acumulada ao longo do ano (em relação ao mesmo período do ano anterior)",6.2
"201002","Serviços - total","Taxa acumulada ao longo do ano (em relação ao mesmo período do ano anterior)",6.1
"201003","Serviços - total","Taxa acumulada ao longo do ano (em relação ao mesmo período do ano anterior)",6
"201004","Serviços - total","Taxa acumulada ao longo do ano (em relação ao mesmo período do ano anterior)",5.8
"201101","Serviços - total","Taxa acumulada ao longo do ano (em relação ao mesmo período do ano anterior)",4.7
"201102","Serviços - total","Taxa acumulada ao longo do ano (em relação ao mesmo período do ano anterior)",4.5
"201103","Serviços - total","Taxa acumulada ao longo do ano (em relação ao mesmo período do ano anterior)",3.9
"201104","Serviços - total","Taxa acumulada ao longo do ano (em relação ao mesmo período do ano anterior)",3.5
"201201","Serviços - total","Taxa acumulada ao longo do ano (em relação ao mesmo período do ano anterior)",2.2
"201202","Serviços - total","Taxa acumulada ao longo do ano (em relação ao mesmo período do ano anterior)",2.3
"201203","Serviços - total","Taxa acumulada ao longo do ano (em relação ao mesmo período do ano anterior)",2.6
"201204","Serviços - total","Taxa acumulada ao longo do ano (em relação ao mesmo período do ano anterior)",2.9
"201301","Serviços - total","Taxa acumulada ao longo do ano (em relação ao mesmo período do ano anterior)",2.8
"201302","Serviços - total","Taxa acumulada ao longo do ano (em relação ao mesmo período do ano anterior)",2.9
"201303","Serviços - total","Taxa acumulada ao longo do ano (em relação ao mesmo período do ano anterior)",2.9
"201304","Serviços - total","Taxa acumulada ao longo do ano (em relação ao mesmo período do ano anterior)",2.8
"201401","Serviços - total","Taxa acumulada ao longo do ano (em relação ao mesmo período do ano anterior)",2.8
"201402","Serviços - total","Taxa acumulada ao longo do ano (em relação ao mesmo período do ano anterior)",1.7
"201403","Serviços - total","Taxa acumulada ao longo do ano (em relação ao mesmo período do ano anterior)",1.3
"201404","Serviços - total","Taxa acumulada ao longo do ano (em relação ao mesmo período do ano anterior)",1
"201501","Serviços - total","Taxa acumulada ao longo do ano (em relação ao mesmo período do ano anterior)",-1.2
"201502","Serviços - total","Taxa acumulada ao longo do ano (em relação ao mesmo período do ano anterior)",-1.7
"201503","Serviços - total","Taxa acumulada ao longo do ano (em relação ao mesmo período do ano anterior)",-2.3
"201504","Serviços - total","Taxa acumulada ao longo do ano (em relação ao mesmo período do ano anterior)",-2.7
"201601","Serviços - total","Taxa acumulada ao longo do ano (em relação ao mesmo período do ano anterior)",-3.2
"201602","Serviços - total","Taxa acumulada ao longo do ano (em relação ao mesmo período do ano anterior)",-2.7
"201603","Serviços - total","Taxa acumulada ao longo do ano (em relação ao mesmo período do ano anterior)",-2.3
"201604","Serviços - total","Taxa acumulada ao longo do ano (em relação ao mesmo período do ano anterior)",-2.2
"201701","Serviços - total","Taxa acumulada ao longo do ano (em relação ao mesmo período do ano anterior)",-1.2
"201702","Serviços - total","Taxa acumulada ao longo do ano (em relação ao mesmo período do ano anterior)",-0.5
"201703","Serviços - total","Taxa acumulada ao longo do ano (em relação ao mesmo período do ano anterior)",0.2
"201704","Serviços - total","Taxa acumulada ao longo do ano (em relação ao mesmo período do ano anterior)",0.8
"201801","Serviços - total","Taxa acumulada ao longo do ano (em relação ao mesmo período do ano anterior)",2.7
"201802","Serviços - total","Taxa acumulada ao longo do ano (em relação ao mesmo período do ano anterior)",2.4
"201803","Serviços - total","Taxa acumulada ao longo do ano (em relação ao mesmo período do ano anterior)",2.3
"201804","Serviços - total","Taxa acumulada ao longo do ano (em relação ao mesmo período do ano anterior)",2.1
"201901","Serviços - total","Taxa acumulada ao longo do ano (em relação ao mesmo período do ano anterior)",1.6
"201902","Serviços - total","Taxa acumulada ao longo do ano (em relação ao mesmo período do ano anterior)",1.5
"201903","Serviços - total","Taxa acumulada ao longo do ano (em relação ao mesmo período do ano anterior)",1.4
"201904","Serviços - total","Taxa acumulada ao longo do ano (em relação ao mesmo período do ano anterior)",1.5
"202001","Serviços - total","Taxa acumulada ao longo do ano (em relação ao mesmo período do ano anterior)",0.3
"202002","Serviços - total","Taxa acumulada ao longo do ano (em relação ao mesmo período do ano anterior)",-4.8
"202003","Serviços - total","Taxa acumulada ao longo do ano (em relação ao mesmo período do ano anterior)",-4.5
"202004","Serviços - total","Taxa acumulada ao longo do ano (em relação ao mesmo período do ano anterior)",-3.7
"202101","Serviços - total","Taxa acumulada ao longo do ano (em relação ao mesmo período do ano anterior)",-0.5
"202102","Serviços - total","Taxa acumulada ao longo do ano (em relação ao mesmo período do ano anterior)",4.9
"202103","Serviços - total","Taxa acumulada ao longo do ano (em relação ao mesmo período do ano anterior)",5.2
"202104","Serviços - total","Taxa acumulada ao longo do ano (em relação ao mesmo período do ano anterior)",4.8
"202201","Serviços - total","Taxa acumulada ao longo do ano (em relação ao mesmo período do ano anterior)",3.7
"202202","Serviços - total","Taxa acumulada ao longo do ano (em relação ao mesmo período do ano anterior)",4.2
"202203","Serviços - total","Taxa acumulada ao longo do ano (em relação ao mesmo período do ano anterior)",4.5
"202204","Serviços - total","Taxa acumulada ao longo do ano (em relação ao mesmo período do ano anterior)",4.3
"202301","Serviços - total","Taxa acumulada ao longo do ano (em relação ao mesmo período do ano anterior)",3.5
"202302","Serviços - total","Taxa acumulada ao longo do ano (em relação ao mesmo período do ano anterior)",3.3
"202303","Serviços - total","Taxa acumulada ao longo do ano (em relação ao mesmo período do ano anterior)",3
"202304","Serviços - total","Taxa acumulada ao longo do ano (em relação ao mesmo período do ano anterior)",2.8
"202401","Serviços - total","Taxa acumulada ao longo do ano (em relação ao mesmo período do ano anterior)",3.5
"202402","Serviços - total","Taxa acumulada ao longo do ano (em relação ao mesmo período do ano anterior)",3.7
"202403","Serviços - total","Taxa acumulada ao longo do ano (em relação ao mesmo período do ano anterior)",3.9
"202404","Serviços - total","Taxa acumulada ao longo do ano (em relação ao mesmo período do ano anterior)",3.8
"202501","Serviços - total","Taxa acumulada ao longo do ano (em relação ao mesmo período do ano anterior)",2.1
"202502","Serviços - total","Taxa acumulada ao longo do ano (em relação ao mesmo período do ano anterior)",2
"202503","Serviços - total","Taxa acumulada ao longo do ano (em relação ao mesmo período do ano anterior)",1.8
"202504","Serviços - total","Taxa acumulada ao longo do ano (em relação ao mesmo período do ano anterior)",1.8
"202601","Serviços - total","Taxa acumulada ao longo do ano (em relação ao mesmo período do ano anterior)",2.1
"202602","Serviços - total","Taxa acumulada ao longo do ano (em relação ao mesmo período do ano anterior)",1.8
"199601","Despesa de consumo das famílias","Taxa acumulada ao longo do ano (em relação ao mesmo período do ano anterior)",-1.2
"199602","Despesa de consumo das famílias","Taxa acumulada ao longo do ano (em relação ao mesmo período do ano anterior)",0.3
"199603","Despesa de consumo das famílias","Taxa acumulada ao longo do ano (em relação ao mesmo período do ano anterior)",2
"199604","Despesa de consumo das famílias","Taxa acumulada ao longo do ano (em relação ao mesmo período do ano anterior)",3.2
"199701","Despesa de consumo das famílias","Taxa acumulada ao longo do ano (em relação ao mesmo período do ano anterior)",7.9
"199702","Despesa de consumo das famílias","Taxa acumulada ao longo do ano (em relação ao mesmo período do ano anterior)",6.9
"199703","Despesa de consumo das famílias","Taxa acumulada ao longo do ano (em relação ao mesmo período do ano anterior)",5.2
"199704","Despesa de consumo das famílias","Taxa acumulada ao longo do ano (em relação ao mesmo período do ano anterior)",3
"199801","Despesa de consumo das famílias","Taxa acumulada ao longo do ano (em relação ao mesmo período do ano anterior)",-0.5
"199802","Despesa de consumo das famílias","Taxa acumulada ao longo do ano (em relação ao mesmo período do ano anterior)",-0.8
"199803","Despesa de consumo das famílias","Taxa acumulada ao longo do ano (em relação ao mesmo período do ano anterior)",-0.5
"199804","Despesa de consumo das famílias","Taxa acumulada ao longo do ano (em relação ao mesmo período do ano anterior)",-0.7
"199901","Despesa de consumo das famílias","Taxa acumulada ao longo do ano (em relação ao mesmo período do ano anterior)",-0.9
"199902","Despesa de consumo das famílias","Taxa acumulada ao longo do ano (em relação ao mesmo período do ano anterior)",-0.8
"199903","Despesa de consumo das famílias","Taxa acumulada ao longo do ano (em relação ao mesmo período do ano anterior)",-0.5
"199904","Despesa de consumo das famílias","Taxa acumulada ao longo do ano (em relação ao mesmo período do ano anterior)",0.4
"200001","Despesa de consumo das famílias","Taxa acumulada ao longo do ano (em relação ao mesmo período do ano anterior)",3
"200002","Despesa de consumo das famílias","Taxa acumulada ao longo do ano (em relação ao mesmo período do ano anterior)",3.6
"200003","Despesa de consumo das famílias","Taxa acumulada ao longo do ano (em relação ao mesmo período do ano anterior)",4
"200004","Despesa de consumo das famílias","Taxa acumulada ao longo do ano (em relação ao mesmo período do ano anterior)",4
"200101","Despesa de consumo das famílias","Taxa acumulada ao longo do ano (em relação ao mesmo período do ano anterior)",4
"200102","Despesa de consumo das famílias","Taxa acumulada ao longo do ano (em relação ao mesmo período do ano anterior)",3.6
"200103","Despesa de consumo das famílias","Taxa acumulada ao longo do ano (em relação ao mesmo período do ano anterior)",1.7
"200104","Despesa de consumo das famílias","Taxa acumulada ao longo do ano (em relação ao mesmo período do ano anterior)",0.8
"200201","Despesa de consumo das famílias","Taxa acumulada ao longo do ano (em relação ao mesmo período do ano anterior)",0.2
"200202","Despesa de consumo das famílias","Taxa acumulada ao longo do ano (em relação ao mesmo período do ano anterior)",0.5
"200203","Despesa de consumo das famílias","Taxa acumulada ao longo do ano (em relação ao mesmo período do ano anterior)",1.2
"200204","Despesa de consumo das famílias","Taxa acumulada ao longo do ano (em relação ao mesmo período do ano anterior)",1.3
"200301","Despesa de consumo das famílias","Taxa acumulada ao longo do ano (em relação ao mesmo período do ano anterior)",0
"200302","Despesa de consumo das famílias","Taxa acumulada ao longo do ano (em relação ao mesmo período do ano anterior)",-1
"200303","Despesa de consumo das famílias","Taxa acumulada ao longo do ano (em relação ao mesmo período do ano anterior)",-0.9
"200304","Despesa de consumo das famílias","Taxa acumulada ao longo do ano (em relação ao mesmo período do ano anterior)",-0.5
"200401","Despesa de consumo das famílias","Taxa acumulada ao longo do ano (em relação ao mesmo período do ano anterior)",0.9
"200402","Despesa de consumo das famílias","Taxa acumulada ao longo do ano (em relação ao mesmo período do ano anterior)",2
"200403","Despesa de consumo das famílias","Taxa acumulada ao longo do ano (em relação ao mesmo período do ano anterior)",3
"200404","Despesa de consumo das famílias","Taxa acumulada ao longo do ano (em relação ao mesmo período do ano anterior)",3.9
"200501","Despesa de consumo das famílias","Taxa acumulada ao longo do ano (em relação ao mesmo período do ano anterior)",5.3
"200502","Despesa de consumo das famílias","Taxa acumulada ao longo do ano (em relação ao mesmo período do ano anterior)",5.1
"200503","Despesa de consumo das famílias","Taxa acumulada ao longo do ano (em relação ao mesmo período do ano anterior)",4.8
"200504","Despesa de consumo das famílias","Taxa acumulada ao longo do ano (em relação ao mesmo período do ano anterior)",4.4
"200601","Despesa de consumo das famílias","Taxa acumulada ao longo do ano (em relação ao mesmo período do ano anterior)",4.9
"200602","Despesa de consumo das famílias","Taxa acumulada ao longo do ano (em relação ao mesmo período do ano anterior)",5.4
"200603","Despesa de consumo das famílias","Taxa acumulada ao longo do ano (em relação ao mesmo período do ano anterior)",5.3
"200604","Despesa de consumo das famílias","Taxa acumulada ao longo do ano (em relação ao mesmo período do ano anterior)",5.3
"200701","Despesa de consumo das famílias","Taxa acumulada ao longo do ano (em relação ao mesmo período do ano anterior)",6.4
"200702","Despesa de consumo das famílias","Taxa acumulada ao longo do ano (em relação ao mesmo período do ano anterior)",6.3
"200703","Despesa de consumo das famílias","Taxa acumulada ao longo do ano (em relação ao mesmo período do ano anterior)",6.1
"200704","Despesa de consumo das famílias","Taxa acumulada ao longo do ano (em relação ao mesmo período do ano anterior)",6.4
"200801","Despesa de consumo das famílias","Taxa acumulada ao longo do ano (em relação ao mesmo período do ano anterior)",7.2
"200802","Despesa de consumo das famílias","Taxa acumulada ao longo do ano (em relação ao mesmo período do ano anterior)",7.1
"200803","Despesa de consumo das famílias","Taxa acumulada ao longo do ano (em relação ao mesmo período do ano anterior)",7.5
"200804","Despesa de consumo das famílias","Taxa acumulada ao longo do ano (em relação ao mesmo período do ano anterior)",6.5
"200901","Despesa de consumo das famílias","Taxa acumulada ao longo do ano (em relação ao mesmo período do ano anterior)",2.3
"200902","Despesa de consumo das famílias","Taxa acumulada ao longo do ano (em relação ao mesmo período do ano anterior)",3.1
"200903","Despesa de consumo das famílias","Taxa acumulada ao longo do ano (em relação ao mesmo período do ano anterior)",3.6
"200904","Despesa de consumo das famílias","Taxa acumulada ao longo do ano (em relação ao mesmo período do ano anterior)",4.5
"201001","Despesa de consumo das famílias","Taxa acumulada ao longo do ano (em relação ao mesmo período do ano anterior)",7.5
"201002","Despesa de consumo das famílias","Taxa acumulada ao longo do ano (em relação ao mesmo período do ano anterior)",6.4
"201003","Despesa de consumo das famílias","Taxa acumulada ao longo do ano (em relação ao mesmo período do ano anterior)",6
"201004","Despesa de consumo das famílias","Taxa acumulada ao longo do ano (em relação ao mesmo período do ano anterior)",6.2
"201101","Despesa de consumo das famílias","Taxa acumulada ao longo do ano (em relação ao mesmo período do ano anterior)",6.4
"201102","Despesa de consumo das famílias","Taxa acumulada ao longo do ano (em relação ao mesmo período do ano anterior)",6.5
"201103","Despesa de consumo das famílias","Taxa acumulada ao longo do ano (em relação ao mesmo período do ano anterior)",5.6
"201104","Despesa de consumo das famílias","Taxa acumulada ao longo do ano (em relação ao mesmo período do ano anterior)",4.8
"201201","Despesa de consumo das famílias","Taxa acumulada ao longo do ano (em relação ao mesmo período do ano anterior)",3
"201202","Despesa de consumo das famílias","Taxa acumulada ao longo do ano (em relação ao mesmo período do ano anterior)",2.6
"201203","Despesa de consumo das famílias","Taxa acumulada ao longo do ano (em relação ao mesmo período do ano anterior)",3
"201204","Despesa de consumo das famílias","Taxa acumulada ao longo do ano (em relação ao mesmo período do ano anterior)",3.5
"201301","Despesa de consumo das famílias","Taxa acumulada ao longo do ano (em relação ao mesmo período do ano anterior)",3.8
"201302","Despesa de consumo das famílias","Taxa acumulada ao longo do ano (em relação ao mesmo período do ano anterior)",4
"201303","Despesa de consumo das famílias","Taxa acumulada ao longo do ano (em relação ao mesmo período do ano anterior)",3.8
"201304","Despesa de consumo das famílias","Taxa acumulada ao longo do ano (em relação ao mesmo período do ano anterior)",3.5
"201401","Despesa de consumo das famílias","Taxa acumulada ao longo do ano (em relação ao mesmo período do ano anterior)",3.6
"201402","Despesa de consumo das famílias","Taxa acumulada ao longo do ano (em relação ao mesmo período do ano anterior)",2.5
"201403","Despesa de consumo das famílias","Taxa acumulada ao longo do ano (em relação ao mesmo período do ano anterior)",2.1
"201404","Despesa de consumo das famílias","Taxa acumulada ao longo do ano (em relação ao mesmo período do ano anterior)",2.3
"201501","Despesa de consumo das famílias","Taxa acumulada ao longo do ano (em relação ao mesmo período do ano anterior)",-0.6
"201502","Despesa de consumo das famílias","Taxa acumulada ao longo do ano (em relação ao mesmo período do ano anterior)",-1.4
"201503","Despesa de consumo das famílias","Taxa acumulada ao longo do ano (em relação ao mesmo período do ano anterior)",-2.3
"201504","Despesa de consumo das famílias","Taxa acumulada ao longo do ano (em relação ao mesmo período do ano anterior)",-3.2
"201601","Despesa de consumo das famílias","Taxa acumulada ao longo do ano (em relação ao mesmo período do ano anterior)",-5.6
"201602","Despesa de consumo das famílias","Taxa acumulada ao longo do ano (em relação ao mesmo período do ano anterior)",-5.1
"201603","Despesa de consumo das famílias","Taxa acumulada ao longo do ano (em relação ao mesmo período do ano anterior)",-4.3
"201604","Despesa de consumo das famílias","Taxa acumulada ao longo do ano (em relação ao mesmo período do ano anterior)",-3.8
"201701","Despesa de consumo das famílias","Taxa acumulada ao longo do ano (em relação ao mesmo período do ano anterior)",-0.5
"201702","Despesa de consumo das famílias","Taxa acumulada ao longo do ano (em relação ao mesmo período do ano anterior)",0.5
"201703","Despesa de consumo das famílias","Taxa acumulada ao longo do ano (em relação ao mesmo período do ano anterior)",1.4
"201704","Despesa de consumo das famílias","Taxa acumulada ao longo do ano (em relação ao mesmo período do ano anterior)",2
"201801","Despesa de consumo das famílias","Taxa acumulada ao longo do ano (em relação ao mesmo período do ano anterior)",3.7
"201802","Despesa de consumo das famílias","Taxa acumulada ao longo do ano (em relação ao mesmo período do ano anterior)",2.9
"201803","Despesa de consumo das famílias","Taxa acumulada ao longo do ano (em relação ao mesmo período do ano anterior)",2.6
"201804","Despesa de consumo das famílias","Taxa acumulada ao longo do ano (em relação ao mesmo período do ano anterior)",2.4
"201901","Despesa de consumo das famílias","Taxa acumulada ao longo do ano (em relação ao mesmo período do ano anterior)",2.3
"201902","Despesa de consumo das famílias","Taxa acumulada ao longo do ano (em relação ao mesmo período do ano anterior)",2.4
"201903","Despesa de consumo das famílias","Taxa acumulada ao longo do ano (em relação ao mesmo período do ano anterior)",2.4
"201904","Despesa de consumo das famílias","Taxa acumulada ao longo do ano (em relação ao mesmo período do ano anterior)",2.6
"202001","Despesa de consumo das famílias","Taxa acumulada ao longo do ano (em relação ao mesmo período do ano anterior)",0.4
"202002","Despesa de consumo das famílias","Taxa acumulada ao longo do ano (em relação ao mesmo período do ano anterior)",-5.4
"202003","Despesa de consumo das famílias","Taxa acumulada ao longo do ano (em relação ao mesmo período do ano anterior)",-5.3
"202004","Despesa de consumo das famílias","Taxa acumulada ao longo do ano (em relação ao mesmo período do ano anterior)",-4.6
"202101","Despesa de consumo das famílias","Taxa acumulada ao longo do ano (em relação ao mesmo período do ano anterior)",-1.5
"202102","Despesa de consumo das famílias","Taxa acumulada ao longo do ano (em relação ao mesmo período do ano anterior)",3.8
"202103","Despesa de consumo das famílias","Taxa acumulada ao longo do ano (em relação ao mesmo período do ano anterior)",3.8
"202104","Despesa de consumo das famílias","Taxa acumulada ao longo do ano (em relação ao mesmo período do ano anterior)",3
"202201","Despesa de consumo das famílias","Taxa acumulada ao longo do ano (em relação ao mesmo período do ano anterior)",1.7
"202202","Despesa de consumo das famílias","Taxa acumulada ao longo do ano (em relação ao mesmo período do ano anterior)",3.6
"202203","Despesa de consumo das famílias","Taxa acumulada ao longo do ano (em relação ao mesmo período do ano anterior)",4
"202204","Despesa de consumo das famílias","Taxa acumulada ao longo do ano (em relação ao mesmo período do ano anterior)",4.1
"202301","Despesa de consumo das famílias","Taxa acumulada ao longo do ano (em relação ao mesmo período do ano anterior)",4
"202302","Despesa de consumo das famílias","Taxa acumulada ao longo do ano (em relação ao mesmo período do ano anterior)",3.6
"202303","Despesa de consumo das famílias","Taxa acumulada ao longo do ano (em relação ao mesmo período do ano anterior)",3.5
"202304","Despesa de consumo das famílias","Taxa acumulada ao longo do ano (em relação ao mesmo período do ano anterior)",3.2
"202401","Despesa de consumo das famílias","Taxa acumulada ao longo do ano (em relação ao mesmo período do ano anterior)",5.2
"202402","Despesa de consumo das famílias","Taxa acumulada ao longo do ano (em relação ao mesmo período do ano anterior)",5.3
"202403","Despesa de consumo das famílias","Taxa acumulada ao longo do ano (em relação ao mesmo período do ano anterior)",5.5
"202404","Despesa de consumo das famílias","Taxa acumulada ao longo do ano (em relação ao mesmo período do ano anterior)",5.1
"202501","Despesa de consumo das famílias","Taxa acumulada ao longo do ano (em relação ao mesmo período do ano anterior)",2.2
"202502","Despesa de consumo das famílias","Taxa acumulada ao longo do ano (em relação ao mesmo período do ano anterior)",2
"202503","Despesa de consumo das famílias","Taxa acumulada ao longo do ano (em relação ao mesmo período do ano anterior)",1.4
"202504","Despesa de consumo das famílias","Taxa acumulada ao longo do ano (em relação ao mesmo período do ano anterior)",1.3
"202601","Despesa de consumo das famílias","Taxa acumulada ao longo do ano (em relação ao mesmo período do ano anterior)",1.7
"202602","Despesa de consumo das famílias","Taxa acumulada ao longo do ano (em relação ao mesmo período do ano anterior)",1.1
"199601","Despesa de consumo da administração pública","Taxa acumulada ao longo do ano (em relação ao mesmo período do ano anterior)",-3.3
"199602","Despesa de consumo da administração pública","Taxa acumulada ao longo do ano (em relação ao mesmo período do ano anterior)",-1.7
"199603","Despesa de consumo da administração pública","Taxa acumulada ao longo do ano (em relação ao mesmo período do ano anterior)",-0.2
"199604","Despesa de consumo da administração pública","Taxa acumulada ao longo do ano (em relação ao mesmo período do ano anterior)",-1.8
"199701","Despesa de consumo da administração pública","Taxa acumulada ao longo do ano (em relação ao mesmo período do ano anterior)",1.2
"199702","Despesa de consumo da administração pública","Taxa acumulada ao longo do ano (em relação ao mesmo período do ano anterior)",0.2
"199703","Despesa de consumo da administração pública","Taxa acumulada ao longo do ano (em relação ao mesmo período do ano anterior)",-1.9
"199704","Despesa de consumo da administração pública","Taxa acumulada ao longo do ano (em relação ao mesmo período do ano anterior)",1.2
"199801","Despesa de consumo da administração pública","Taxa acumulada ao longo do ano (em relação ao mesmo período do ano anterior)",1.2
"199802","Despesa de consumo da administração pública","Taxa acumulada ao longo do ano (em relação ao mesmo período do ano anterior)",1.7
"199803","Despesa de consumo da administração pública","Taxa acumulada ao longo do ano (em relação ao mesmo período do ano anterior)",3
"199804","Despesa de consumo da administração pública","Taxa acumulada ao longo do ano (em relação ao mesmo período do ano anterior)",3.2
"199901","Despesa de consumo da administração pública","Taxa acumulada ao longo do ano (em relação ao mesmo período do ano anterior)",0.7
"199902","Despesa de consumo da administração pública","Taxa acumulada ao longo do ano (em relação ao mesmo período do ano anterior)",0.9
"199903","Despesa de consumo da administração pública","Taxa acumulada ao longo do ano (em relação ao mesmo período do ano anterior)",0.9
"199904","Despesa de consumo da administração pública","Taxa acumulada ao longo do ano (em relação ao mesmo período do ano anterior)",1.7
"200001","Despesa de consumo da administração pública","Taxa acumulada ao longo do ano (em relação ao mesmo período do ano anterior)",3.6
"200002","Despesa de consumo da administração pública","Taxa acumulada ao longo do ano (em relação ao mesmo período do ano anterior)",2.4
"200003","Despesa de consumo da administração pública","Taxa acumulada ao longo do ano (em relação ao mesmo período do ano anterior)",0.8
"200004","Despesa de consumo da administração pública","Taxa acumulada ao longo do ano (em relação ao mesmo período do ano anterior)",-0.2
"200101","Despesa de consumo da administração pública","Taxa acumulada ao longo do ano (em relação ao mesmo período do ano anterior)",1.1
"200102","Despesa de consumo da administração pública","Taxa acumulada ao longo do ano (em relação ao mesmo período do ano anterior)",1.7
"200103","Despesa de consumo da administração pública","Taxa acumulada ao longo do ano (em relação ao mesmo período do ano anterior)",2.3
"200104","Despesa de consumo da administração pública","Taxa acumulada ao longo do ano (em relação ao mesmo período do ano anterior)",2.6
"200201","Despesa de consumo da administração pública","Taxa acumulada ao longo do ano (em relação ao mesmo período do ano anterior)",4.3
"200202","Despesa de consumo da administração pública","Taxa acumulada ao longo do ano (em relação ao mesmo período do ano anterior)",4.2
"200203","Despesa de consumo da administração pública","Taxa acumulada ao longo do ano (em relação ao mesmo período do ano anterior)",4.2
"200204","Despesa de consumo da administração pública","Taxa acumulada ao longo do ano (em relação ao mesmo período do ano anterior)",3.8
"200301","Despesa de consumo da administração pública","Taxa acumulada ao longo do ano (em relação ao mesmo período do ano anterior)",-0.8
"200302","Despesa de consumo da administração pública","Taxa acumulada ao longo do ano (em relação ao mesmo período do ano anterior)",-0.2
"200303","Despesa de consumo da administração pública","Taxa acumulada ao longo do ano (em relação ao mesmo período do ano anterior)",0.5
"200304","Despesa de consumo da administração pública","Taxa acumulada ao longo do ano (em relação ao mesmo período do ano anterior)",1.6
"200401","Despesa de consumo da administração pública","Taxa acumulada ao longo do ano (em relação ao mesmo período do ano anterior)",3.6
"200402","Despesa de consumo da administração pública","Taxa acumulada ao longo do ano (em relação ao mesmo período do ano anterior)",5.1
"200403","Despesa de consumo da administração pública","Taxa acumulada ao longo do ano (em relação ao mesmo período do ano anterior)",4.8
"200404","Despesa de consumo da administração pública","Taxa acumulada ao longo do ano (em relação ao mesmo período do ano anterior)",3.9
"200501","Despesa de consumo da administração pública","Taxa acumulada ao longo do ano (em relação ao mesmo período do ano anterior)",3.7
"200502","Despesa de consumo da administração pública","Taxa acumulada ao longo do ano (em relação ao mesmo período do ano anterior)",2.1
"200503","Despesa de consumo da administração pública","Taxa acumulada ao longo do ano (em relação ao mesmo período do ano anterior)",2
"200504","Despesa de consumo da administração pública","Taxa acumulada ao longo do ano (em relação ao mesmo período do ano anterior)",2
"200601","Despesa de consumo da administração pública","Taxa acumulada ao longo do ano (em relação ao mesmo período do ano anterior)",3
"200602","Despesa de consumo da administração pública","Taxa acumulada ao longo do ano (em relação ao mesmo período do ano anterior)",2.7
"200603","Despesa de consumo da administração pública","Taxa acumulada ao longo do ano (em relação ao mesmo período do ano anterior)",2.6
"200604","Despesa de consumo da administração pública","Taxa acumulada ao longo do ano (em relação ao mesmo período do ano anterior)",3.6
"200701","Despesa de consumo da administração pública","Taxa acumulada ao longo do ano (em relação ao mesmo período do ano anterior)",4.3
"200702","Despesa de consumo da administração pública","Taxa acumulada ao longo do ano (em relação ao mesmo período do ano anterior)",5.5
"200703","Despesa de consumo da administração pública","Taxa acumulada ao longo do ano (em relação ao mesmo período do ano anterior)",5.3
"200704","Despesa de consumo da administração pública","Taxa acumulada ao longo do ano (em relação ao mesmo período do ano anterior)",4.1
"200801","Despesa de consumo da administração pública","Taxa acumulada ao longo do ano (em relação ao mesmo período do ano anterior)",3
"200802","Despesa de consumo da administração pública","Taxa acumulada ao longo do ano (em relação ao mesmo período do ano anterior)",1.7
"200803","Despesa de consumo da administração pública","Taxa acumulada ao longo do ano (em relação ao mesmo período do ano anterior)",2.4
"200804","Despesa de consumo da administração pública","Taxa acumulada ao longo do ano (em relação ao mesmo período do ano anterior)",2
"200901","Despesa de consumo da administração pública","Taxa acumulada ao longo do ano (em relação ao mesmo período do ano anterior)",3.2
"200902","Despesa de consumo da administração pública","Taxa acumulada ao longo do ano (em relação ao mesmo período do ano anterior)",2.7
"200903","Despesa de consumo da administração pública","Taxa acumulada ao longo do ano (em relação ao mesmo período do ano anterior)",1.9
"200904","Despesa de consumo da administração pública","Taxa acumulada ao longo do ano (em relação ao mesmo período do ano anterior)",2.9
"201001","Despesa de consumo da administração pública","Taxa acumulada ao longo do ano (em relação ao mesmo período do ano anterior)",3
"201002","Despesa de consumo da administração pública","Taxa acumulada ao longo do ano (em relação ao mesmo período do ano anterior)",4.1
"201003","Despesa de consumo da administração pública","Taxa acumulada ao longo do ano (em relação ao mesmo período do ano anterior)",4.3
"201004","Despesa de consumo da administração pública","Taxa acumulada ao longo do ano (em relação ao mesmo período do ano anterior)",3.9
"201101","Despesa de consumo da administração pública","Taxa acumulada ao longo do ano (em relação ao mesmo período do ano anterior)",2.6
"201102","Despesa de consumo da administração pública","Taxa acumulada ao longo do ano (em relação ao mesmo período do ano anterior)",2.9
"201103","Despesa de consumo da administração pública","Taxa acumulada ao longo do ano (em relação ao mesmo período do ano anterior)",2.5
"201104","Despesa de consumo da administração pública","Taxa acumulada ao longo do ano (em relação ao mesmo período do ano anterior)",2.2
"201201","Despesa de consumo da administração pública","Taxa acumulada ao longo do ano (em relação ao mesmo período do ano anterior)",2.1
"201202","Despesa de consumo da administração pública","Taxa acumulada ao longo do ano (em relação ao mesmo período do ano anterior)",2.1
"201203","Despesa de consumo da administração pública","Taxa acumulada ao longo do ano (em relação ao mesmo período do ano anterior)",2
"201204","Despesa de consumo da administração pública","Taxa acumulada ao longo do ano (em relação ao mesmo período do ano anterior)",2.3
"201301","Despesa de consumo da administração pública","Taxa acumulada ao longo do ano (em relação ao mesmo período do ano anterior)",-0.1
"201302","Despesa de consumo da administração pública","Taxa acumulada ao longo do ano (em relação ao mesmo período do ano anterior)",0.5
"201303","Despesa de consumo da administração pública","Taxa acumulada ao longo do ano (em relação ao mesmo período do ano anterior)",1.2
"201304","Despesa de consumo da administração pública","Taxa acumulada ao longo do ano (em relação ao mesmo período do ano anterior)",1.5
"201401","Despesa de consumo da administração pública","Taxa acumulada ao longo do ano (em relação ao mesmo período do ano anterior)",2
"201402","Despesa de consumo da administração pública","Taxa acumulada ao longo do ano (em relação ao mesmo período do ano anterior)",1.6
"201403","Despesa de consumo da administração pública","Taxa acumulada ao longo do ano (em relação ao mesmo período do ano anterior)",1.4
"201404","Despesa de consumo da administração pública","Taxa acumulada ao longo do ano (em relação ao mesmo período do ano anterior)",0.8
"201501","Despesa de consumo da administração pública","Taxa acumulada ao longo do ano (em relação ao mesmo período do ano anterior)",-0.4
"201502","Despesa de consumo da administração pública","Taxa acumulada ao longo do ano (em relação ao mesmo período do ano anterior)",-1
"201503","Despesa de consumo da administração pública","Taxa acumulada ao longo do ano (em relação ao mesmo período do ano anterior)",-1.3
"201504","Despesa de consumo da administração pública","Taxa acumulada ao longo do ano (em relação ao mesmo período do ano anterior)",-1.4
"201601","Despesa de consumo da administração pública","Taxa acumulada ao longo do ano (em relação ao mesmo período do ano anterior)",-0.1
"201602","Despesa de consumo da administração pública","Taxa acumulada ao longo do ano (em relação ao mesmo período do ano anterior)",0.2
"201603","Despesa de consumo da administração pública","Taxa acumulada ao longo do ano (em relação ao mesmo período do ano anterior)",0.1
"201604","Despesa de consumo da administração pública","Taxa acumulada ao longo do ano (em relação ao mesmo período do ano anterior)",0.2
"201701","Despesa de consumo da administração pública","Taxa acumulada ao longo do ano (em relação ao mesmo período do ano anterior)",-1.6
"201702","Despesa de consumo da administração pública","Taxa acumulada ao longo do ano (em relação ao mesmo período do ano anterior)",-1.2
"201703","Despesa de consumo da administração pública","Taxa acumulada ao longo do ano (em relação ao mesmo período do ano anterior)",-1.1
"201704","Despesa de consumo da administração pública","Taxa acumulada ao longo do ano (em relação ao mesmo período do ano anterior)",-0.7
"201801","Despesa de consumo da administração pública","Taxa acumulada ao longo do ano (em relação ao mesmo período do ano anterior)",1
"201802","Despesa de consumo da administração pública","Taxa acumulada ao longo do ano (em relação ao mesmo período do ano anterior)",1.1
"201803","Despesa de consumo da administração pública","Taxa acumulada ao longo do ano (em relação ao mesmo período do ano anterior)",1.3
"201804","Despesa de consumo da administração pública","Taxa acumulada ao longo do ano (em relação ao mesmo período do ano anterior)",0.8
"201901","Despesa de consumo da administração pública","Taxa acumulada ao longo do ano (em relação ao mesmo período do ano anterior)",-0.4
"201902","Despesa de consumo da administração pública","Taxa acumulada ao longo do ano (em relação ao mesmo período do ano anterior)",-0.4
"201903","Despesa de consumo da administração pública","Taxa acumulada ao longo do ano (em relação ao mesmo período do ano anterior)",-0.7
"201904","Despesa de consumo da administração pública","Taxa acumulada ao longo do ano (em relação ao mesmo período do ano anterior)",-0.5
"202001","Despesa de consumo da administração pública","Taxa acumulada ao longo do ano (em relação ao mesmo período do ano anterior)",-0.1
"202002","Despesa de consumo da administração pública","Taxa acumulada ao longo do ano (em relação ao mesmo período do ano anterior)",-4.1
"202003","Despesa de consumo da administração pública","Taxa acumulada ao longo do ano (em relação ao mesmo período do ano anterior)",-4.2
"202004","Despesa de consumo da administração pública","Taxa acumulada ao longo do ano (em relação ao mesmo período do ano anterior)",-3.7
"202101","Despesa de consumo da administração pública","Taxa acumulada ao longo do ano (em relação ao mesmo período do ano anterior)",-2.1
"202102","Despesa de consumo da administração pública","Taxa acumulada ao longo do ano (em relação ao mesmo período do ano anterior)",2.9
"202103","Despesa de consumo da administração pública","Taxa acumulada ao longo do ano (em relação ao mesmo período do ano anterior)",4
"202104","Despesa de consumo da administração pública","Taxa acumulada ao longo do ano (em relação ao mesmo período do ano anterior)",4.2
"202201","Despesa de consumo da administração pública","Taxa acumulada ao longo do ano (em relação ao mesmo período do ano anterior)",4
"202202","Despesa de consumo da administração pública","Taxa acumulada ao longo do ano (em relação ao mesmo período do ano anterior)",2.9
"202203","Despesa de consumo da administração pública","Taxa acumulada ao longo do ano (em relação ao mesmo período do ano anterior)",2.8
"202204","Despesa de consumo da administração pública","Taxa acumulada ao longo do ano (em relação ao mesmo período do ano anterior)",2.1
"202301","Despesa de consumo da administração pública","Taxa acumulada ao longo do ano (em relação ao mesmo período do ano anterior)",1.5
"202302","Despesa de consumo da administração pública","Taxa acumulada ao longo do ano (em relação ao mesmo período do ano anterior)",3.2
"202303","Despesa de consumo da administração pública","Taxa acumulada ao longo do ano (em relação ao mesmo período do ano anterior)",3.3
"202304","Despesa de consumo da administração pública","Taxa acumulada ao longo do ano (em relação ao mesmo período do ano anterior)",3.8
"202401","Despesa de consumo da administração pública","Taxa acumulada ao longo do ano (em relação ao mesmo período do ano anterior)",3.6
"202402","Despesa de consumo da administração pública","Taxa acumulada ao longo do ano (em relação ao mesmo período do ano anterior)",2.8
"202403","Despesa de consumo da administração pública","Taxa acumulada ao longo do ano (em relação ao mesmo período do ano anterior)",2.7
"202404","Despesa de consumo da administração pública","Taxa acumulada ao longo do ano (em relação ao mesmo período do ano anterior)",2
"202501","Despesa de consumo da administração pública","Taxa acumulada ao longo do ano (em relação ao mesmo período do ano anterior)",2
"202502","Despesa de consumo da administração pública","Taxa acumulada ao longo do ano (em relação ao mesmo período do ano anterior)",1.4
"202503","Despesa de consumo da administração pública","Taxa acumulada ao longo do ano (em relação ao mesmo período do ano anterior)",1.6
"202504","Despesa de consumo da administração pública","Taxa acumulada ao longo do ano (em relação ao mesmo período do ano anterior)",2.1
"202601","Despesa de consumo da administração pública","Taxa acumulada ao longo do ano (em relação ao mesmo período do ano anterior)",2.8
"202602","Despesa de consumo da administração pública","Taxa acumulada ao longo do ano (em relação ao mesmo período do ano anterior)",2.9
"199601","Formação bruta de capital fixo","Taxa acumulada ao longo do ano (em relação ao mesmo período do ano anterior)",-12.7
"199602","Formação bruta de capital fixo","Taxa acumulada ao longo do ano (em relação ao mesmo período do ano anterior)",-8.4
"199603","Formação bruta de capital fixo","Taxa acumulada ao longo do ano (em relação ao mesmo período do ano anterior)",-2.6
"199604","Formação bruta de capital fixo","Taxa acumulada ao longo do ano (em relação ao mesmo período do ano anterior)",1.2
"199701","Formação bruta de capital fixo","Taxa acumulada ao longo do ano (em relação ao mesmo período do ano anterior)",11.3
"199702","Formação bruta de capital fixo","Taxa acumulada ao longo do ano (em relação ao mesmo período do ano anterior)",11
"199703","Formação bruta de capital fixo","Taxa acumulada ao longo do ano (em relação ao mesmo período do ano anterior)",10.1
"199704","Formação bruta de capital fixo","Taxa acumulada ao longo do ano (em relação ao mesmo período do ano anterior)",8.4
"199801","Formação bruta de capital fixo","Taxa acumulada ao longo do ano (em relação ao mesmo período do ano anterior)",3.5
"199802","Formação bruta de capital fixo","Taxa acumulada ao longo do ano (em relação ao mesmo período do ano anterior)",2.8
"199803","Formação bruta de capital fixo","Taxa acumulada ao longo do ano (em relação ao mesmo período do ano anterior)",1.4
"199804","Formação bruta de capital fixo","Taxa acumulada ao longo do ano (em relação ao mesmo período do ano anterior)",-0.2
"199901","Formação bruta de capital fixo","Taxa acumulada ao longo do ano (em relação ao mesmo período do ano anterior)",-8.4
"199902","Formação bruta de capital fixo","Taxa acumulada ao longo do ano (em relação ao mesmo período do ano anterior)",-9.4
"199903","Formação bruta de capital fixo","Taxa acumulada ao longo do ano (em relação ao mesmo período do ano anterior)",-10.1
"199904","Formação bruta de capital fixo","Taxa acumulada ao longo do ano (em relação ao mesmo período do ano anterior)",-8.9
"200001","Formação bruta de capital fixo","Taxa acumulada ao longo do ano (em relação ao mesmo período do ano anterior)",-0.3
"200002","Formação bruta de capital fixo","Taxa acumulada ao longo do ano (em relação ao mesmo período do ano anterior)",1.8
"200003","Formação bruta de capital fixo","Taxa acumulada ao longo do ano (em relação ao mesmo período do ano anterior)",3.5
"200004","Formação bruta de capital fixo","Taxa acumulada ao longo do ano (em relação ao mesmo período do ano anterior)",4.8
"200101","Formação bruta de capital fixo","Taxa acumulada ao longo do ano (em relação ao mesmo período do ano anterior)",10.2
"200102","Formação bruta de capital fixo","Taxa acumulada ao longo do ano (em relação ao mesmo período do ano anterior)",6
"200103","Formação bruta de capital fixo","Taxa acumulada ao longo do ano (em relação ao mesmo período do ano anterior)",4.3
"200104","Formação bruta de capital fixo","Taxa acumulada ao longo do ano (em relação ao mesmo período do ano anterior)",1.3
"200201","Formação bruta de capital fixo","Taxa acumulada ao longo do ano (em relação ao mesmo período do ano anterior)",-7.9
"200202","Formação bruta de capital fixo","Taxa acumulada ao longo do ano (em relação ao mesmo período do ano anterior)",-6.1
"200203","Formação bruta de capital fixo","Taxa acumulada ao longo do ano (em relação ao mesmo período do ano anterior)",-4.2
"200204","Formação bruta de capital fixo","Taxa acumulada ao longo do ano (em relação ao mesmo período do ano anterior)",-1.4
"200301","Formação bruta de capital fixo","Taxa acumulada ao longo do ano (em relação ao mesmo período do ano anterior)",3.1
"200302","Formação bruta de capital fixo","Taxa acumulada ao longo do ano (em relação ao mesmo período do ano anterior)",-2
"200303","Formação bruta de capital fixo","Taxa acumulada ao longo do ano (em relação ao mesmo período do ano anterior)",-3.7
"200304","Formação bruta de capital fixo","Taxa acumulada ao longo do ano (em relação ao mesmo período do ano anterior)",-4
"200401","Formação bruta de capital fixo","Taxa acumulada ao longo do ano (em relação ao mesmo período do ano anterior)",0.9
"200402","Formação bruta de capital fixo","Taxa acumulada ao longo do ano (em relação ao mesmo período do ano anterior)",6.3
"200403","Formação bruta de capital fixo","Taxa acumulada ao longo do ano (em relação ao mesmo período do ano anterior)",8.9
"200404","Formação bruta de capital fixo","Taxa acumulada ao longo do ano (em relação ao mesmo período do ano anterior)",8.5
"200501","Formação bruta de capital fixo","Taxa acumulada ao longo do ano (em relação ao mesmo período do ano anterior)",1.4
"200502","Formação bruta de capital fixo","Taxa acumulada ao longo do ano (em relação ao mesmo período do ano anterior)",2.2
"200503","Formação bruta de capital fixo","Taxa acumulada ao longo do ano (em relação ao mesmo período do ano anterior)",1.7
"200504","Formação bruta de capital fixo","Taxa acumulada ao longo do ano (em relação ao mesmo período do ano anterior)",2
"200601","Formação bruta de capital fixo","Taxa acumulada ao longo do ano (em relação ao mesmo período do ano anterior)",8.8
"200602","Formação bruta de capital fixo","Taxa acumulada ao longo do ano (em relação ao mesmo período do ano anterior)",6.1
"200603","Formação bruta de capital fixo","Taxa acumulada ao longo do ano (em relação ao mesmo período do ano anterior)",6
"200604","Formação bruta de capital fixo","Taxa acumulada ao longo do ano (em relação ao mesmo período do ano anterior)",6.7
"200701","Formação bruta de capital fixo","Taxa acumulada ao longo do ano (em relação ao mesmo período do ano anterior)",7.2
"200702","Formação bruta de capital fixo","Taxa acumulada ao longo do ano (em relação ao mesmo período do ano anterior)",9.8
"200703","Formação bruta de capital fixo","Taxa acumulada ao longo do ano (em relação ao mesmo período do ano anterior)",11.4
"200704","Formação bruta de capital fixo","Taxa acumulada ao longo do ano (em relação ao mesmo período do ano anterior)",12
"200801","Formação bruta de capital fixo","Taxa acumulada ao longo do ano (em relação ao mesmo período do ano anterior)",12
"200802","Formação bruta de capital fixo","Taxa acumulada ao longo do ano (em relação ao mesmo período do ano anterior)",12.9
"200803","Formação bruta de capital fixo","Taxa acumulada ao longo do ano (em relação ao mesmo período do ano anterior)",14.7
"200804","Formação bruta de capital fixo","Taxa acumulada ao longo do ano (em relação ao mesmo período do ano anterior)",12.3
"200901","Formação bruta de capital fixo","Taxa acumulada ao longo do ano (em relação ao mesmo período do ano anterior)",-9.5
"200902","Formação bruta de capital fixo","Taxa acumulada ao longo do ano (em relação ao mesmo período do ano anterior)",-8.9
"200903","Formação bruta de capital fixo","Taxa acumulada ao longo do ano (em relação ao mesmo período do ano anterior)",-7
"200904","Formação bruta de capital fixo","Taxa acumulada ao longo do ano (em relação ao mesmo período do ano anterior)",-2.1
"201001","Formação bruta de capital fixo","Taxa acumulada ao longo do ano (em relação ao mesmo período do ano anterior)",29
"201002","Formação bruta de capital fixo","Taxa acumulada ao longo do ano (em relação ao mesmo período do ano anterior)",25.8
"201003","Formação bruta de capital fixo","Taxa acumulada ao longo do ano (em relação ao mesmo período do ano anterior)",21.8
"201004","Formação bruta de capital fixo","Taxa acumulada ao longo do ano (em relação ao mesmo período do ano anterior)",17.9
"201101","Formação bruta de capital fixo","Taxa acumulada ao longo do ano (em relação ao mesmo período do ano anterior)",8.2
"201102","Formação bruta de capital fixo","Taxa acumulada ao longo do ano (em relação ao mesmo período do ano anterior)",8.2
"201103","Formação bruta de capital fixo","Taxa acumulada ao longo do ano (em relação ao mesmo período do ano anterior)",7.3
"201104","Formação bruta de capital fixo","Taxa acumulada ao longo do ano (em relação ao mesmo período do ano anterior)",6.8
"201201","Formação bruta de capital fixo","Taxa acumulada ao longo do ano (em relação ao mesmo período do ano anterior)",3.1
"201202","Formação bruta de capital fixo","Taxa acumulada ao longo do ano (em relação ao mesmo período do ano anterior)",2.1
"201203","Formação bruta de capital fixo","Taxa acumulada ao longo do ano (em relação ao mesmo período do ano anterior)",0.8
"201204","Formação bruta de capital fixo","Taxa acumulada ao longo do ano (em relação ao mesmo período do ano anterior)",0.8
"201301","Formação bruta de capital fixo","Taxa acumulada ao longo do ano (em relação ao mesmo período do ano anterior)",3
"201302","Formação bruta de capital fixo","Taxa acumulada ao longo do ano (em relação ao mesmo período do ano anterior)",5.8
"201303","Formação bruta de capital fixo","Taxa acumulada ao longo do ano (em relação ao mesmo período do ano anterior)",6.3
"201304","Formação bruta de capital fixo","Taxa acumulada ao longo do ano (em relação ao mesmo período do ano anterior)",5.8
"201401","Formação bruta de capital fixo","Taxa acumulada ao longo do ano (em relação ao mesmo período do ano anterior)",4.2
"201402","Formação bruta de capital fixo","Taxa acumulada ao longo do ano (em relação ao mesmo período do ano anterior)",-1.3
"201403","Formação bruta de capital fixo","Taxa acumulada ao longo do ano (em relação ao mesmo período do ano anterior)",-3.5
"201404","Formação bruta de capital fixo","Taxa acumulada ao longo do ano (em relação ao mesmo período do ano anterior)",-4.2
"201501","Formação bruta de capital fixo","Taxa acumulada ao longo do ano (em relação ao mesmo período do ano anterior)",-9.4
"201502","Formação bruta de capital fixo","Taxa acumulada ao longo do ano (em relação ao mesmo período do ano anterior)",-10.8
"201503","Formação bruta de capital fixo","Taxa acumulada ao longo do ano (em relação ao mesmo período do ano anterior)",-12.2
"201504","Formação bruta de capital fixo","Taxa acumulada ao longo do ano (em relação ao mesmo período do ano anterior)",-13.9
"201601","Formação bruta de capital fixo","Taxa acumulada ao longo do ano (em relação ao mesmo período do ano anterior)",-18.7
"201602","Formação bruta de capital fixo","Taxa acumulada ao longo do ano (em relação ao mesmo período do ano anterior)",-14.8
"201603","Formação bruta de capital fixo","Taxa acumulada ao longo do ano (em relação ao mesmo período do ano anterior)",-13.5
"201604","Formação bruta de capital fixo","Taxa acumulada ao longo do ano (em relação ao mesmo período do ano anterior)",-12.1
"201701","Formação bruta de capital fixo","Taxa acumulada ao longo do ano (em relação ao mesmo período do ano anterior)",-5.3
"201702","Formação bruta de capital fixo","Taxa acumulada ao longo do ano (em relação ao mesmo período do ano anterior)",-6.5
"201703","Formação bruta de capital fixo","Taxa acumulada ao longo do ano (em relação ao mesmo período do ano anterior)",-4.6
"201704","Formação bruta de capital fixo","Taxa acumulada ao longo do ano (em relação ao mesmo período do ano anterior)",-2.6
"201801","Formação bruta de capital fixo","Taxa acumulada ao longo do ano (em relação ao mesmo período do ano anterior)",3.4
"201802","Formação bruta de capital fixo","Taxa acumulada ao longo do ano (em relação ao mesmo período do ano anterior)",3.7
"201803","Formação bruta de capital fixo","Taxa acumulada ao longo do ano (em relação ao mesmo período do ano anterior)",5.6
"201804","Formação bruta de capital fixo","Taxa acumulada ao longo do ano (em relação ao mesmo período do ano anterior)",5.2
"201901","Formação bruta de capital fixo","Taxa acumulada ao longo do ano (em relação ao mesmo período do ano anterior)",3
"201902","Formação bruta de capital fixo","Taxa acumulada ao longo do ano (em relação ao mesmo período do ano anterior)",5.2
"201903","Formação bruta de capital fixo","Taxa acumulada ao longo do ano (em relação ao mesmo período do ano anterior)",5.1
"201904","Formação bruta de capital fixo","Taxa acumulada ao longo do ano (em relação ao mesmo período do ano anterior)",4
"202001","Formação bruta de capital fixo","Taxa acumulada ao longo do ano (em relação ao mesmo período do ano anterior)",7
"202002","Formação bruta de capital fixo","Taxa acumulada ao longo do ano (em relação ao mesmo período do ano anterior)",-4.1
"202003","Formação bruta de capital fixo","Taxa acumulada ao longo do ano (em relação ao mesmo período do ano anterior)",-5.8
"202004","Formação bruta de capital fixo","Taxa acumulada ao longo do ano (em relação ao mesmo período do ano anterior)",-1.7
"202101","Formação bruta de capital fixo","Taxa acumulada ao longo do ano (em relação ao mesmo período do ano anterior)",11.7
"202102","Formação bruta de capital fixo","Taxa acumulada ao longo do ano (em relação ao mesmo período do ano anterior)",18.5
"202103","Formação bruta de capital fixo","Taxa acumulada ao longo do ano (em relação ao mesmo período do ano anterior)",17.2
"202104","Formação bruta de capital fixo","Taxa acumulada ao longo do ano (em relação ao mesmo período do ano anterior)",12.9
"202201","Formação bruta de capital fixo","Taxa acumulada ao longo do ano (em relação ao mesmo período do ano anterior)",-5.9
"202202","Formação bruta de capital fixo","Taxa acumulada ao longo do ano (em relação ao mesmo período do ano anterior)",-2
"202203","Formação bruta de capital fixo","Taxa acumulada ao longo do ano (em relação ao mesmo período do ano anterior)",0.4
"202204","Formação bruta de capital fixo","Taxa acumulada ao longo do ano (em relação ao mesmo período do ano anterior)",1.1
"202301","Formação bruta de capital fixo","Taxa acumulada ao longo do ano (em relação ao mesmo período do ano anterior)",1.5
"202302","Formação bruta de capital fixo","Taxa acumulada ao longo do ano (em relação ao mesmo período do ano anterior)",-0.1
"202303","Formação bruta de capital fixo","Taxa acumulada ao longo do ano (em relação ao mesmo período do ano anterior)",-2.5
"202304","Formação bruta de capital fixo","Taxa acumulada ao longo do ano (em relação ao mesmo período do ano anterior)",-3
"202401","Formação bruta de capital fixo","Taxa acumulada ao longo do ano (em relação ao mesmo período do ano anterior)",2.6
"202402","Formação bruta de capital fixo","Taxa acumulada ao longo do ano (em relação ao mesmo período do ano anterior)",3.9
"202403","Formação bruta de capital fixo","Taxa acumulada ao longo do ano (em relação ao mesmo período do ano anterior)",6.1
"202404","Formação bruta de capital fixo","Taxa acumulada ao longo do ano (em relação ao mesmo período do ano anterior)",6.9
"202501","Formação bruta de capital fixo","Taxa acumulada ao longo do ano (em relação ao mesmo período do ano anterior)",9
"202502","Formação bruta de capital fixo","Taxa acumulada ao longo do ano (em relação ao mesmo período do ano anterior)",6.5
"202503","Formação bruta de capital fixo","Taxa acumulada ao longo do ano (em relação ao mesmo período do ano anterior)",5
"202504","Formação bruta de capital fixo","Taxa acumulada ao longo do ano (em relação ao mesmo período do ano anterior)",2.9
"202601","Formação bruta de capital fixo","Taxa acumulada ao longo do ano (em relação ao mesmo período do ano anterior)",-1.4
"202602","Formação bruta de capital fixo","Taxa acumulada ao longo do ano (em relação ao mesmo período do ano anterior)",0
"199601","Exportação de bens e serviços","Taxa acumulada ao longo do ano (em relação ao mesmo período do ano anterior)",4.7
"199602","Exportação de bens e serviços","Taxa acumulada ao longo do ano (em relação ao mesmo período do ano anterior)",4.6
"199603","Exportação de bens e serviços","Taxa acumulada ao longo do ano (em relação ao mesmo período do ano anterior)",1.6
"199604","Exportação de bens e serviços","Taxa acumulada ao longo do ano (em relação ao mesmo período do ano anterior)",-0.4
"199701","Exportação de bens e serviços","Taxa acumulada ao longo do ano (em relação ao mesmo período do ano anterior)",-0.5
"199702","Exportação de bens e serviços","Taxa acumulada ao longo do ano (em relação ao mesmo período do ano anterior)",7.3
"199703","Exportação de bens e serviços","Taxa acumulada ao longo do ano (em relação ao mesmo período do ano anterior)",10.8
"199704","Exportação de bens e serviços","Taxa acumulada ao longo do ano (em relação ao mesmo período do ano anterior)",11
"199801","Exportação de bens e serviços","Taxa acumulada ao longo do ano (em relação ao mesmo período do ano anterior)",10.4
"199802","Exportação de bens e serviços","Taxa acumulada ao longo do ano (em relação ao mesmo período do ano anterior)",7.3
"199803","Exportação de bens e serviços","Taxa acumulada ao longo do ano (em relação ao mesmo período do ano anterior)",4.5
"199804","Exportação de bens e serviços","Taxa acumulada ao longo do ano (em relação ao mesmo período do ano anterior)",4.9
"199901","Exportação de bens e serviços","Taxa acumulada ao longo do ano (em relação ao mesmo período do ano anterior)",-0.1
"199902","Exportação de bens e serviços","Taxa acumulada ao longo do ano (em relação ao mesmo período do ano anterior)",-0.6
"199903","Exportação de bens e serviços","Taxa acumulada ao longo do ano (em relação ao mesmo período do ano anterior)",0.8
"199904","Exportação de bens e serviços","Taxa acumulada ao longo do ano (em relação ao mesmo período do ano anterior)",5.7
"200001","Exportação de bens e serviços","Taxa acumulada ao longo do ano (em relação ao mesmo período do ano anterior)",20.7
"200002","Exportação de bens e serviços","Taxa acumulada ao longo do ano (em relação ao mesmo período do ano anterior)",15.5
"200003","Exportação de bens e serviços","Taxa acumulada ao longo do ano (em relação ao mesmo período do ano anterior)",16.6
"200004","Exportação de bens e serviços","Taxa acumulada ao longo do ano (em relação ao mesmo período do ano anterior)",12.9
"200101","Exportação de bens e serviços","Taxa acumulada ao longo do ano (em relação ao mesmo período do ano anterior)",11.2
"200102","Exportação de bens e serviços","Taxa acumulada ao longo do ano (em relação ao mesmo período do ano anterior)",12.6
"200103","Exportação de bens e serviços","Taxa acumulada ao longo do ano (em relação ao mesmo período do ano anterior)",9.1
"200104","Exportação de bens e serviços","Taxa acumulada ao longo do ano (em relação ao mesmo período do ano anterior)",9.2
"200201","Exportação de bens e serviços","Taxa acumulada ao longo do ano (em relação ao mesmo período do ano anterior)",-4.6
"200202","Exportação de bens e serviços","Taxa acumulada ao longo do ano (em relação ao mesmo período do ano anterior)",-8
"200203","Exportação de bens e serviços","Taxa acumulada ao longo do ano (em relação ao mesmo período do ano anterior)",1.8
"200204","Exportação de bens e serviços","Taxa acumulada ao longo do ano (em relação ao mesmo período do ano anterior)",6.5
"200301","Exportação de bens e serviços","Taxa acumulada ao longo do ano (em relação ao mesmo período do ano anterior)",14.7
"200302","Exportação de bens e serviços","Taxa acumulada ao longo do ano (em relação ao mesmo período do ano anterior)",21.2
"200303","Exportação de bens e serviços","Taxa acumulada ao longo do ano (em relação ao mesmo período do ano anterior)",13.1
"200304","Exportação de bens e serviços","Taxa acumulada ao longo do ano (em relação ao mesmo período do ano anterior)",11
"200401","Exportação de bens e serviços","Taxa acumulada ao longo do ano (em relação ao mesmo período do ano anterior)",18.2
"200402","Exportação de bens e serviços","Taxa acumulada ao longo do ano (em relação ao mesmo período do ano anterior)",15.4
"200403","Exportação de bens e serviços","Taxa acumulada ao longo do ano (em relação ao mesmo período do ano anterior)",14.8
"200404","Exportação de bens e serviços","Taxa acumulada ao longo do ano (em relação ao mesmo período do ano anterior)",14.5
"200501","Exportação de bens e serviços","Taxa acumulada ao longo do ano (em relação ao mesmo período do ano anterior)",9.9
"200502","Exportação de bens e serviços","Taxa acumulada ao longo do ano (em relação ao mesmo período do ano anterior)",10.5
"200503","Exportação de bens e serviços","Taxa acumulada ao longo do ano (em relação ao mesmo período do ano anterior)",10.7
"200504","Exportação de bens e serviços","Taxa acumulada ao longo do ano (em relação ao mesmo período do ano anterior)",9.6
"200601","Exportação de bens e serviços","Taxa acumulada ao longo do ano (em relação ao mesmo período do ano anterior)",8.5
"200602","Exportação de bens e serviços","Taxa acumulada ao longo do ano (em relação ao mesmo período do ano anterior)",3.1
"200603","Exportação de bens e serviços","Taxa acumulada ao longo do ano (em relação ao mesmo período do ano anterior)",4.8
"200604","Exportação de bens e serviços","Taxa acumulada ao longo do ano (em relação ao mesmo período do ano anterior)",4.8
"200701","Exportação de bens e serviços","Taxa acumulada ao longo do ano (em relação ao mesmo período do ano anterior)",5.5
"200702","Exportação de bens e serviços","Taxa acumulada ao longo do ano (em relação ao mesmo período do ano anterior)",9.2
"200703","Exportação de bens e serviços","Taxa acumulada ao longo do ano (em relação ao mesmo período do ano anterior)",6.2
"200704","Exportação de bens e serviços","Taxa acumulada ao longo do ano (em relação ao mesmo período do ano anterior)",6.2
"200801","Exportação de bens e serviços","Taxa acumulada ao longo do ano (em relação ao mesmo período do ano anterior)",-1.8
"200802","Exportação de bens e serviços","Taxa acumulada ao longo do ano (em relação ao mesmo período do ano anterior)",2.2
"200803","Exportação de bens e serviços","Taxa acumulada ao longo do ano (em relação ao mesmo período do ano anterior)",2.6
"200804","Exportação de bens e serviços","Taxa acumulada ao longo do ano (em relação ao mesmo período do ano anterior)",0.4
"200901","Exportação de bens e serviços","Taxa acumulada ao longo do ano (em relação ao mesmo período do ano anterior)",-14.1
"200902","Exportação de bens e serviços","Taxa acumulada ao longo do ano (em relação ao mesmo período do ano anterior)",-11.9
"200903","Exportação de bens e serviços","Taxa acumulada ao longo do ano (em relação ao mesmo período do ano anterior)",-11
"200904","Exportação de bens e serviços","Taxa acumulada ao longo do ano (em relação ao mesmo período do ano anterior)",-9.2
"201001","Exportação de bens e serviços","Taxa acumulada ao longo do ano (em relação ao mesmo período do ano anterior)",15.5
"201002","Exportação de bens e serviços","Taxa acumulada ao longo do ano (em relação ao mesmo período do ano anterior)",10.8
"201003","Exportação de bens e serviços","Taxa acumulada ao longo do ano (em relação ao mesmo período do ano anterior)",11.1
"201004","Exportação de bens e serviços","Taxa acumulada ao longo do ano (em relação ao mesmo período do ano anterior)",11.7
"201101","Exportação de bens e serviços","Taxa acumulada ao longo do ano (em relação ao mesmo período do ano anterior)",4.2
"201102","Exportação de bens e serviços","Taxa acumulada ao longo do ano (em relação ao mesmo período do ano anterior)",5.4
"201103","Exportação de bens e serviços","Taxa acumulada ao longo do ano (em relação ao mesmo período do ano anterior)",5.1
"201104","Exportação de bens e serviços","Taxa acumulada ao longo do ano (em relação ao mesmo período do ano anterior)",4.8
"201201","Exportação de bens e serviços","Taxa acumulada ao longo do ano (em relação ao mesmo período do ano anterior)",5.3
"201202","Exportação de bens e serviços","Taxa acumulada ao longo do ano (em relação ao mesmo período do ano anterior)",1.9
"201203","Exportação de bens e serviços","Taxa acumulada ao longo do ano (em relação ao mesmo período do ano anterior)",-0.1
"201204","Exportação de bens e serviços","Taxa acumulada ao longo do ano (em relação ao mesmo período do ano anterior)",0.7
"201301","Exportação de bens e serviços","Taxa acumulada ao longo do ano (em relação ao mesmo período do ano anterior)",-5
"201302","Exportação de bens e serviços","Taxa acumulada ao longo do ano (em relação ao mesmo período do ano anterior)",0.7
"201303","Exportação de bens e serviços","Taxa acumulada ao longo do ano (em relação ao mesmo período do ano anterior)",1.3
"201304","Exportação de bens e serviços","Taxa acumulada ao longo do ano (em relação ao mesmo período do ano anterior)",1.8
"201401","Exportação de bens e serviços","Taxa acumulada ao longo do ano (em relação ao mesmo período do ano anterior)",2.4
"201402","Exportação de bens e serviços","Taxa acumulada ao longo do ano (em relação ao mesmo período do ano anterior)",0.6
"201403","Exportação de bens e serviços","Taxa acumulada ao longo do ano (em relação ao mesmo período do ano anterior)",1.8
"201404","Exportação de bens e serviços","Taxa acumulada ao longo do ano (em relação ao mesmo período do ano anterior)",-1.6
"201501","Exportação de bens e serviços","Taxa acumulada ao longo do ano (em relação ao mesmo período do ano anterior)",4.1
"201502","Exportação de bens e serviços","Taxa acumulada ao longo do ano (em relação ao mesmo período do ano anterior)",6.7
"201503","Exportação de bens e serviços","Taxa acumulada ao longo do ano (em relação ao mesmo período do ano anterior)",5
"201504","Exportação de bens e serviços","Taxa acumulada ao longo do ano (em relação ao mesmo período do ano anterior)",6.8
"201601","Exportação de bens e serviços","Taxa acumulada ao longo do ano (em relação ao mesmo período do ano anterior)",12.1
"201602","Exportação de bens e serviços","Taxa acumulada ao longo do ano (em relação ao mesmo período do ano anterior)",6.9
"201603","Exportação de bens e serviços","Taxa acumulada ao longo do ano (em relação ao mesmo período do ano anterior)",4.1
"201604","Exportação de bens e serviços","Taxa acumulada ao longo do ano (em relação ao mesmo período do ano anterior)",0.9
"201701","Exportação de bens e serviços","Taxa acumulada ao longo do ano (em relação ao mesmo período do ano anterior)",1.5
"201702","Exportação de bens e serviços","Taxa acumulada ao longo do ano (em relação ao mesmo período do ano anterior)",1.8
"201703","Exportação de bens e serviços","Taxa acumulada ao longo do ano (em relação ao mesmo período do ano anterior)",3.7
"201704","Exportação de bens e serviços","Taxa acumulada ao longo do ano (em relação ao mesmo período do ano anterior)",4.9
"201801","Exportação de bens e serviços","Taxa acumulada ao longo do ano (em relação ao mesmo período do ano anterior)",5
"201802","Exportação de bens e serviços","Taxa acumulada ao longo do ano (em relação ao mesmo período do ano anterior)",1.1
"201803","Exportação de bens e serviços","Taxa acumulada ao longo do ano (em relação ao mesmo período do ano anterior)",1.6
"201804","Exportação de bens e serviços","Taxa acumulada ao longo do ano (em relação ao mesmo período do ano anterior)",4.1
"201901","Exportação de bens e serviços","Taxa acumulada ao longo do ano (em relação ao mesmo período do ano anterior)",-2.1
"201902","Exportação de bens e serviços","Taxa acumulada ao longo do ano (em relação ao mesmo período do ano anterior)",-0.8
"201903","Exportação de bens e serviços","Taxa acumulada ao longo do ano (em relação ao mesmo período do ano anterior)",-1.7
"201904","Exportação de bens e serviços","Taxa acumulada ao longo do ano (em relação ao mesmo período do ano anterior)",-2.6
"202001","Exportação de bens e serviços","Taxa acumulada ao longo do ano (em relação ao mesmo período do ano anterior)",-2.7
"202002","Exportação de bens e serviços","Taxa acumulada ao longo do ano (em relação ao mesmo período do ano anterior)",-1.2
"202003","Exportação de bens e serviços","Taxa acumulada ao longo do ano (em relação ao mesmo período do ano anterior)",-1.3
"202004","Exportação de bens e serviços","Taxa acumulada ao longo do ano (em relação ao mesmo período do ano anterior)",-2.3
"202101","Exportação de bens e serviços","Taxa acumulada ao longo do ano (em relação ao mesmo período do ano anterior)",-0.4
"202102","Exportação de bens e serviços","Taxa acumulada ao longo do ano (em relação ao mesmo período do ano anterior)",6.4
"202103","Exportação de bens e serviços","Taxa acumulada ao longo do ano (em relação ao mesmo período do ano anterior)",5
"202104","Exportação de bens e serviços","Taxa acumulada ao longo do ano (em relação ao mesmo período do ano anterior)",4.4
"202201","Exportação de bens e serviços","Taxa acumulada ao longo do ano (em relação ao mesmo período do ano anterior)",8.7
"202202","Exportação de bens e serviços","Taxa acumulada ao longo do ano (em relação ao mesmo período do ano anterior)",1.6
"202203","Exportação de bens e serviços","Taxa acumulada ao longo do ano (em relação ao mesmo período do ano anterior)",3.8
"202204","Exportação de bens e serviços","Taxa acumulada ao longo do ano (em relação ao mesmo período do ano anterior)",5.7
"202301","Exportação de bens e serviços","Taxa acumulada ao longo do ano (em relação ao mesmo período do ano anterior)",7.1
"202302","Exportação de bens e serviços","Taxa acumulada ao longo do ano (em relação ao mesmo período do ano anterior)",9.4
"202303","Exportação de bens e serviços","Taxa acumulada ao longo do ano (em relação ao mesmo período do ano anterior)",9.5
"202304","Exportação de bens e serviços","Taxa acumulada ao longo do ano (em relação ao mesmo período do ano anterior)",8.9
"202401","Exportação de bens e serviços","Taxa acumulada ao longo do ano (em relação ao mesmo período do ano anterior)",5.9
"202402","Exportação de bens e serviços","Taxa acumulada ao longo do ano (em relação ao mesmo período do ano anterior)",5
"202403","Exportação de bens e serviços","Taxa acumulada ao longo do ano (em relação ao mesmo período do ano anterior)",3.9
"202404","Exportação de bens e serviços","Taxa acumulada ao longo do ano (em relação ao mesmo período do ano anterior)",2.8
"202501","Exportação de bens e serviços","Taxa acumulada ao longo do ano (em relação ao mesmo período do ano anterior)",1.2
"202502","Exportação de bens e serviços","Taxa acumulada ao longo do ano (em relação ao mesmo período do ano anterior)",1.7
"202503","Exportação de bens e serviços","Taxa acumulada ao longo do ano (em relação ao mesmo período do ano anterior)",3.6
"202504","Exportação de bens e serviços","Taxa acumulada ao longo do ano (em relação ao mesmo período do ano anterior)",6.2
"202601","Exportação de bens e serviços","Taxa acumulada ao longo do ano (em relação ao mesmo período do ano anterior)",7.4
"202602","Exportação de bens e serviços","Taxa acumulada ao longo do ano (em relação ao mesmo período do ano anterior)",5.5
"199601","Importação de bens e serviços (-)","Taxa acumulada ao longo do ano (em relação ao mesmo período do ano anterior)",-16.2
"199602","Importação de bens e serviços (-)","Taxa acumulada ao longo do ano (em relação ao mesmo período do ano anterior)",-11.2
"199603","Importação de bens e serviços (-)","Taxa acumulada ao longo do ano (em relação ao mesmo período do ano anterior)",-2.6
"199604","Importação de bens e serviços (-)","Taxa acumulada ao longo do ano (em relação ao mesmo período do ano anterior)",5.6
"199701","Importação de bens e serviços (-)","Taxa acumulada ao longo do ano (em relação ao mesmo período do ano anterior)",27.5
"199702","Importação de bens e serviços (-)","Taxa acumulada ao longo do ano (em relação ao mesmo período do ano anterior)",25.5
"199703","Importação de bens e serviços (-)","Taxa acumulada ao longo do ano (em relação ao mesmo período do ano anterior)",21.8
"199704","Importação de bens e serviços (-)","Taxa acumulada ao longo do ano (em relação ao mesmo período do ano anterior)",14.6
"199801","Importação de bens e serviços (-)","Taxa acumulada ao longo do ano (em relação ao mesmo período do ano anterior)",7.9
"199802","Importação de bens e serviços (-)","Taxa acumulada ao longo do ano (em relação ao mesmo período do ano anterior)",2.4
"199803","Importação de bens e serviços (-)","Taxa acumulada ao longo do ano (em relação ao mesmo período do ano anterior)",0.8
"199804","Importação de bens e serviços (-)","Taxa acumulada ao longo do ano (em relação ao mesmo período do ano anterior)",-0.1
"199901","Importação de bens e serviços (-)","Taxa acumulada ao longo do ano (em relação ao mesmo período do ano anterior)",-17.9
"199902","Importação de bens e serviços (-)","Taxa acumulada ao longo do ano (em relação ao mesmo período do ano anterior)",-16.4
"199903","Importação de bens e serviços (-)","Taxa acumulada ao longo do ano (em relação ao mesmo período do ano anterior)",-17.2
"199904","Importação de bens e serviços (-)","Taxa acumulada ao longo do ano (em relação ao mesmo período do ano anterior)",-15.1
"200001","Importação de bens e serviços (-)","Taxa acumulada ao longo do ano (em relação ao mesmo período do ano anterior)",4.1
"200002","Importação de bens e serviços (-)","Taxa acumulada ao longo do ano (em relação ao mesmo período do ano anterior)",5.8
"200003","Importação de bens e serviços (-)","Taxa acumulada ao longo do ano (em relação ao mesmo período do ano anterior)",10
"200004","Importação de bens e serviços (-)","Taxa acumulada ao longo do ano (em relação ao mesmo período do ano anterior)",10.8
"200101","Importação de bens e serviços (-)","Taxa acumulada ao longo do ano (em relação ao mesmo período do ano anterior)",24.3
"200102","Importação de bens e serviços (-)","Taxa acumulada ao longo do ano (em relação ao mesmo período do ano anterior)",18.2
"200103","Importação de bens e serviços (-)","Taxa acumulada ao longo do ano (em relação ao mesmo período do ano anterior)",9.4
"200104","Importação de bens e serviços (-)","Taxa acumulada ao longo do ano (em relação ao mesmo período do ano anterior)",3.3
"200201","Importação de bens e serviços (-)","Taxa acumulada ao longo do ano (em relação ao mesmo período do ano anterior)",-18.6
"200202","Importação de bens e serviços (-)","Taxa acumulada ao longo do ano (em relação ao mesmo período do ano anterior)",-17.5
"200203","Importação de bens e serviços (-)","Taxa acumulada ao longo do ano (em relação ao mesmo período do ano anterior)",-14.6
"200204","Importação de bens e serviços (-)","Taxa acumulada ao longo do ano (em relação ao mesmo período do ano anterior)",-13.3
"200301","Importação de bens e serviços (-)","Taxa acumulada ao longo do ano (em relação ao mesmo período do ano anterior)",-4.6
"200302","Importação de bens e serviços (-)","Taxa acumulada ao longo do ano (em relação ao mesmo período do ano anterior)",-4.4
"200303","Importação de bens e serviços (-)","Taxa acumulada ao longo do ano (em relação ao mesmo período do ano anterior)",-4.1
"200304","Importação de bens e serviços (-)","Taxa acumulada ao longo do ano (em relação ao mesmo período do ano anterior)",-0.5
"200401","Importação de bens e serviços (-)","Taxa acumulada ao longo do ano (em relação ao mesmo período do ano anterior)",10.3
"200402","Importação de bens e serviços (-)","Taxa acumulada ao longo do ano (em relação ao mesmo período do ano anterior)",11.3
"200403","Importação de bens e serviços (-)","Taxa acumulada ao longo do ano (em relação ao mesmo período do ano anterior)",11.9
"200404","Importação de bens e serviços (-)","Taxa acumulada ao longo do ano (em relação ao mesmo período do ano anterior)",10.4
"200501","Importação de bens e serviços (-)","Taxa acumulada ao longo do ano (em relação ao mesmo período do ano anterior)",8.9
"200502","Importação de bens e serviços (-)","Taxa acumulada ao longo do ano (em relação ao mesmo período do ano anterior)",8.6
"200503","Importação de bens e serviços (-)","Taxa acumulada ao longo do ano (em relação ao mesmo período do ano anterior)",8.3
"200504","Importação de bens e serviços (-)","Taxa acumulada ao longo do ano (em relação ao mesmo período do ano anterior)",7.5
"200601","Importação de bens e serviços (-)","Taxa acumulada ao longo do ano (em relação ao mesmo período do ano anterior)",14.8
"200602","Importação de bens e serviços (-)","Taxa acumulada ao longo do ano (em relação ao mesmo período do ano anterior)",13.9
"200603","Importação de bens e serviços (-)","Taxa acumulada ao longo do ano (em relação ao mesmo período do ano anterior)",16.2
"200604","Importação de bens e serviços (-)","Taxa acumulada ao longo do ano (em relação ao mesmo período do ano anterior)",17.8
"200701","Importação de bens e serviços (-)","Taxa acumulada ao longo do ano (em relação ao mesmo período do ano anterior)",19.4
"200702","Importação de bens e serviços (-)","Taxa acumulada ao longo do ano (em relação ao mesmo período do ano anterior)",18.4
"200703","Importação de bens e serviços (-)","Taxa acumulada ao longo do ano (em relação ao mesmo período do ano anterior)",18.8
"200704","Importação de bens e serviços (-)","Taxa acumulada ao longo do ano (em relação ao mesmo período do ano anterior)",19.6
"200801","Importação de bens e serviços (-)","Taxa acumulada ao longo do ano (em relação ao mesmo período do ano anterior)",15.5
"200802","Importação de bens e serviços (-)","Taxa acumulada ao longo do ano (em relação ao mesmo período do ano anterior)",19.6
"200803","Importação de bens e serviços (-)","Taxa acumulada ao longo do ano (em relação ao mesmo período do ano anterior)",20.3
"200804","Importação de bens e serviços (-)","Taxa acumulada ao longo do ano (em relação ao mesmo período do ano anterior)",17
"200901","Importação de bens e serviços (-)","Taxa acumulada ao longo do ano (em relação ao mesmo período do ano anterior)",-13
"200902","Importação de bens e serviços (-)","Taxa acumulada ao longo do ano (em relação ao mesmo período do ano anterior)",-12.8
"200903","Importação de bens e serviços (-)","Taxa acumulada ao longo do ano (em relação ao mesmo período do ano anterior)",-12.3
"200904","Importação de bens e serviços (-)","Taxa acumulada ao longo do ano (em relação ao mesmo período do ano anterior)",-7.6
"201001","Importação de bens e serviços (-)","Taxa acumulada ao longo do ano (em relação ao mesmo período do ano anterior)",39
"201002","Importação de bens e serviços (-)","Taxa acumulada ao longo do ano (em relação ao mesmo período do ano anterior)",37.5
"201003","Importação de bens e serviços (-)","Taxa acumulada ao longo do ano (em relação ao mesmo período do ano anterior)",37.4
"201004","Importação de bens e serviços (-)","Taxa acumulada ao longo do ano (em relação ao mesmo período do ano anterior)",33.6
"201101","Importação de bens e serviços (-)","Taxa acumulada ao longo do ano (em relação ao mesmo período do ano anterior)",11.7
"201102","Importação de bens e serviços (-)","Taxa acumulada ao longo do ano (em relação ao mesmo período do ano anterior)",12.9
"201103","Importação de bens e serviços (-)","Taxa acumulada ao longo do ano (em relação ao mesmo período do ano anterior)",10.3
"201104","Importação de bens e serviços (-)","Taxa acumulada ao longo do ano (em relação ao mesmo período do ano anterior)",9.4
"201201","Importação de bens e serviços (-)","Taxa acumulada ao longo do ano (em relação ao mesmo período do ano anterior)",6.6
"201202","Importação de bens e serviços (-)","Taxa acumulada ao longo do ano (em relação ao mesmo período do ano anterior)",4.4
"201203","Importação de bens e serviços (-)","Taxa acumulada ao longo do ano (em relação ao mesmo período do ano anterior)",0.9
"201204","Importação de bens e serviços (-)","Taxa acumulada ao longo do ano (em relação ao mesmo período do ano anterior)",1.1
"201301","Importação de bens e serviços (-)","Taxa acumulada ao longo do ano (em relação ao mesmo período do ano anterior)",6.8
"201302","Importação de bens e serviços (-)","Taxa acumulada ao longo do ano (em relação ao mesmo período do ano anterior)",6.7
"201303","Importação de bens e serviços (-)","Taxa acumulada ao longo do ano (em relação ao mesmo período do ano anterior)",8.2
"201304","Importação de bens e serviços (-)","Taxa acumulada ao longo do ano (em relação ao mesmo período do ano anterior)",6.7
"201401","Importação de bens e serviços (-)","Taxa acumulada ao longo do ano (em relação ao mesmo período do ano anterior)",-0.1
"201402","Importação de bens e serviços (-)","Taxa acumulada ao longo do ano (em relação ao mesmo período do ano anterior)",-2.2
"201403","Importação de bens e serviços (-)","Taxa acumulada ao longo do ano (em relação ao mesmo período do ano anterior)",-1.2
"201404","Importação de bens e serviços (-)","Taxa acumulada ao longo do ano (em relação ao mesmo período do ano anterior)",-2.3
"201501","Importação de bens e serviços (-)","Taxa acumulada ao longo do ano (em relação ao mesmo período do ano anterior)",-5.3
"201502","Importação de bens e serviços (-)","Taxa acumulada ao longo do ano (em relação ao mesmo período do ano anterior)",-8.2
"201503","Importação de bens e serviços (-)","Taxa acumulada ao longo do ano (em relação ao mesmo período do ano anterior)",-12.3
"201504","Importação de bens e serviços (-)","Taxa acumulada ao longo do ano (em relação ao mesmo período do ano anterior)",-14.2
"201601","Importação de bens e serviços (-)","Taxa acumulada ao longo do ano (em relação ao mesmo período do ano anterior)",-21.7
"201602","Importação de bens e serviços (-)","Taxa acumulada ao longo do ano (em relação ao mesmo período do ano anterior)",-16.3
"201603","Importação de bens e serviços (-)","Taxa acumulada ao longo do ano (em relação ao mesmo período do ano anterior)",-13.3
"201604","Importação de bens e serviços (-)","Taxa acumulada ao longo do ano (em relação ao mesmo período do ano anterior)",-10.3
"201701","Importação de bens e serviços (-)","Taxa acumulada ao longo do ano (em relação ao mesmo período do ano anterior)",11.4
"201702","Importação de bens e serviços (-)","Taxa acumulada ao longo do ano (em relação ao mesmo período do ano anterior)",4.8
"201703","Importação de bens e serviços (-)","Taxa acumulada ao longo do ano (em relação ao mesmo período do ano anterior)",5.7
"201704","Importação de bens e serviços (-)","Taxa acumulada ao longo do ano (em relação ao mesmo período do ano anterior)",6.7
"201801","Importação de bens e serviços (-)","Taxa acumulada ao longo do ano (em relação ao mesmo período do ano anterior)",7.4
"201802","Importação de bens e serviços (-)","Taxa acumulada ao longo do ano (em relação ao mesmo período do ano anterior)",6.5
"201803","Importação de bens e serviços (-)","Taxa acumulada ao longo do ano (em relação ao mesmo período do ano anterior)",8.9
"201804","Importação de bens e serviços (-)","Taxa acumulada ao longo do ano (em relação ao mesmo período do ano anterior)",7.7
"201901","Importação de bens e serviços (-)","Taxa acumulada ao longo do ano (em relação ao mesmo período do ano anterior)",-2.7
"201902","Importação de bens e serviços (-)","Taxa acumulada ao longo do ano (em relação ao mesmo período do ano anterior)",1.1
"201903","Importação de bens e serviços (-)","Taxa acumulada ao longo do ano (em relação ao mesmo período do ano anterior)",1.5
"201904","Importação de bens e serviços (-)","Taxa acumulada ao longo do ano (em relação ao mesmo período do ano anterior)",1.3
"202001","Importação de bens e serviços (-)","Taxa acumulada ao longo do ano (em relação ao mesmo período do ano anterior)",5.8
"202002","Importação de bens e serviços (-)","Taxa acumulada ao longo do ano (em relação ao mesmo período do ano anterior)",-4.4
"202003","Importação de bens e serviços (-)","Taxa acumulada ao longo do ano (em relação ao mesmo período do ano anterior)",-11.8
"202004","Importação de bens e serviços (-)","Taxa acumulada ao longo do ano (em relação ao mesmo período do ano anterior)",-9.5
"202101","Importação de bens e serviços (-)","Taxa acumulada ao longo do ano (em relação ao mesmo período do ano anterior)",8.5
"202102","Importação de bens e serviços (-)","Taxa acumulada ao longo do ano (em relação ao mesmo período do ano anterior)",14.8
"202103","Importação de bens e serviços (-)","Taxa acumulada ao longo do ano (em relação ao mesmo período do ano anterior)",17.4
"202104","Importação de bens e serviços (-)","Taxa acumulada ao longo do ano (em relação ao mesmo período do ano anterior)",13.8
"202201","Importação de bens e serviços (-)","Taxa acumulada ao longo do ano (em relação ao mesmo período do ano anterior)",-10.2
"202202","Importação de bens e serviços (-)","Taxa acumulada ao longo do ano (em relação ao mesmo período do ano anterior)",-5.3
"202203","Importação de bens e serviços (-)","Taxa acumulada ao longo do ano (em relação ao mesmo período do ano anterior)",0.1
"202204","Importação de bens e serviços (-)","Taxa acumulada ao longo do ano (em relação ao mesmo período do ano anterior)",1
"202301","Importação de bens e serviços (-)","Taxa acumulada ao longo do ano (em relação ao mesmo período do ano anterior)",1.7
"202302","Importação de bens e serviços (-)","Taxa acumulada ao longo do ano (em relação ao mesmo período do ano anterior)",1.4
"202303","Importação de bens e serviços (-)","Taxa acumulada ao longo do ano (em relação ao mesmo período do ano anterior)",-1.3
"202304","Importação de bens e serviços (-)","Taxa acumulada ao longo do ano (em relação ao mesmo período do ano anterior)",-1.2
"202401","Importação de bens e serviços (-)","Taxa acumulada ao longo do ano (em relação ao mesmo período do ano anterior)",10.8
"202402","Importação de bens e serviços (-)","Taxa acumulada ao longo do ano (em relação ao mesmo período do ano anterior)",13.2
"202403","Importação de bens e serviços (-)","Taxa acumulada ao longo do ano (em relação ao mesmo período do ano anterior)",15.2
"202404","Importação de bens e serviços (-)","Taxa acumulada ao longo do ano (em relação ao mesmo período do ano anterior)",15.6
"202501","Importação de bens e serviços (-)","Taxa acumulada ao longo do ano (em relação ao mesmo período do ano anterior)",13.3
"202502","Importação de bens e serviços (-)","Taxa acumulada ao longo do ano (em relação ao mesmo período do ano anterior)",8.4
"202503","Importação de bens e serviços (-)","Taxa acumulada ao longo do ano (em relação ao mesmo período do ano anterior)",6.2
"202504","Importação de bens e serviços (-)","Taxa acumulada ao longo do ano (em relação ao mesmo período do ano anterior)",4.5
"202601","Importação de bens e serviços (-)","Taxa acumulada ao longo do ano (em relação ao mesmo período do ano anterior)",1.2
"202602","Importação de bens e serviços (-)","Taxa acumulada ao longo do ano (em relação ao mesmo período do ano anterior)",3.4
"199602","PIB a preços de mercado","Taxa trimestre contra trimestre imediatamente anterior",1.2
"199603","PIB a preços de mercado","Taxa trimestre contra trimestre imediatamente anterior",3.7
"199604","PIB a preços de mercado","Taxa trimestre contra trimestre imediatamente anterior",-1
"199701","PIB a preços de mercado","Taxa trimestre contra trimestre imediatamente anterior",1.1
"199702","PIB a preços de mercado","Taxa trimestre contra trimestre imediatamente anterior",0.5
"199703","PIB a preços de mercado","Taxa trimestre contra trimestre imediatamente anterior",1.3
"199704","PIB a preços de mercado","Taxa trimestre contra trimestre imediatamente anterior",0.8
"199801","PIB a preços de mercado","Taxa trimestre contra trimestre imediatamente anterior",-2
"199802","PIB a preços de mercado","Taxa trimestre contra trimestre imediatamente anterior",1.7
"199803","PIB a preços de mercado","Taxa trimestre contra trimestre imediatamente anterior",0
"199804","PIB a preços de mercado","Taxa trimestre contra trimestre imediatamente anterior",-1.1
"199901","PIB a preços de mercado","Taxa trimestre contra trimestre imediatamente anterior",0.2
"199902","PIB a preços de mercado","Taxa trimestre contra trimestre imediatamente anterior",0.5
"199903","PIB a preços de mercado","Taxa trimestre contra trimestre imediatamente anterior",0
"199904","PIB a preços de mercado","Taxa trimestre contra trimestre imediatamente anterior",1.4
"200001","PIB a preços de mercado","Taxa trimestre contra trimestre imediatamente anterior",1.1
"200002","PIB a preços de mercado","Taxa trimestre contra trimestre imediatamente anterior",1.4
"200003","PIB a preços de mercado","Taxa trimestre contra trimestre imediatamente anterior",1.2
"200004","PIB a preços de mercado","Taxa trimestre contra trimestre imediatamente anterior",1.2
"200101","PIB a preços de mercado","Taxa trimestre contra trimestre imediatamente anterior",0.3
"200102","PIB a preços de mercado","Taxa trimestre contra trimestre imediatamente anterior",-0.5
"200103","PIB a preços de mercado","Taxa trimestre contra trimestre imediatamente anterior",-0.5
"200104","PIB a preços de mercado","Taxa trimestre contra trimestre imediatamente anterior",-0.3
"200201","PIB a preços de mercado","Taxa trimestre contra trimestre imediatamente anterior",2.5
"200202","PIB a preços de mercado","Taxa trimestre contra trimestre imediatamente anterior",0.2
"200203","PIB a preços de mercado","Taxa trimestre contra trimestre imediatamente anterior",1.4
"200204","PIB a preços de mercado","Taxa trimestre contra trimestre imediatamente anterior",1
"200301","PIB a preços de mercado","Taxa trimestre contra trimestre imediatamente anterior",-0.4
"200302","PIB a preços de mercado","Taxa trimestre contra trimestre imediatamente anterior",-0.8
"200303","PIB a preços de mercado","Taxa trimestre contra trimestre imediatamente anterior",0.9
"200304","PIB a preços de mercado","Taxa trimestre contra trimestre imediatamente anterior",1
"200401","PIB a preços de mercado","Taxa trimestre contra trimestre imediatamente anterior",1.4
"200402","PIB a preços de mercado","Taxa trimestre contra trimestre imediatamente anterior",2.8
"200403","PIB a preços de mercado","Taxa trimestre contra trimestre imediatamente anterior",1.3
"200404","PIB a preços de mercado","Taxa trimestre contra trimestre imediatamente anterior",0.8
"200501","PIB a preços de mercado","Taxa trimestre contra trimestre imediatamente anterior",0.9
"200502","PIB a preços de mercado","Taxa trimestre contra trimestre imediatamente anterior",1.1
"200503","PIB a preços de mercado","Taxa trimestre contra trimestre imediatamente anterior",-0.6
"200504","PIB a preços de mercado","Taxa trimestre contra trimestre imediatamente anterior",1.3
"200601","PIB a preços de mercado","Taxa trimestre contra trimestre imediatamente anterior",1.6
"200602","PIB a preços de mercado","Taxa trimestre contra trimestre imediatamente anterior",0.3
"200603","PIB a preços de mercado","Taxa trimestre contra trimestre imediatamente anterior",1.7
"200604","PIB a preços de mercado","Taxa trimestre contra trimestre imediatamente anterior",1.2
"200701","PIB a preços de mercado","Taxa trimestre contra trimestre imediatamente anterior",1.9
"200702","PIB a preços de mercado","Taxa trimestre contra trimestre imediatamente anterior",1.7
"200703","PIB a preços de mercado","Taxa trimestre contra trimestre imediatamente anterior",1
"200704","PIB a preços de mercado","Taxa trimestre contra trimestre imediatamente anterior",1.5
"200801","PIB a preços de mercado","Taxa trimestre contra trimestre imediatamente anterior",1.3
"200802","PIB a preços de mercado","Taxa trimestre contra trimestre imediatamente anterior",2
"200803","PIB a preços de mercado","Taxa trimestre contra trimestre imediatamente anterior",1.6
"200804","PIB a preços de mercado","Taxa trimestre contra trimestre imediatamente anterior",-3.8
"200901","PIB a preços de mercado","Taxa trimestre contra trimestre imediatamente anterior",-1.4
"200902","PIB a preços de mercado","Taxa trimestre contra trimestre imediatamente anterior",1.8
"200903","PIB a preços de mercado","Taxa trimestre contra trimestre imediatamente anterior",2.3
"200904","PIB a preços de mercado","Taxa trimestre contra trimestre imediatamente anterior",2.6
"201001","PIB a preços de mercado","Taxa trimestre contra trimestre imediatamente anterior",2.1
"201002","PIB a preços de mercado","Taxa trimestre contra trimestre imediatamente anterior",1.3
"201003","PIB a preços de mercado","Taxa trimestre contra trimestre imediatamente anterior",0.9
"201004","PIB a preços de mercado","Taxa trimestre contra trimestre imediatamente anterior",1.4
"201101","PIB a preços de mercado","Taxa trimestre contra trimestre imediatamente anterior",1.3
"201102","PIB a preços de mercado","Taxa trimestre contra trimestre imediatamente anterior",1
"201103","PIB a preços de mercado","Taxa trimestre contra trimestre imediatamente anterior",-0.2
"201104","PIB a preços de mercado","Taxa trimestre contra trimestre imediatamente anterior",0.9
"201201","PIB a preços de mercado","Taxa trimestre contra trimestre imediatamente anterior",-1.4
"201202","PIB a preços de mercado","Taxa trimestre contra trimestre imediatamente anterior",1.8
"201203","PIB a preços de mercado","Taxa trimestre contra trimestre imediatamente anterior",1.7
"201204","PIB a preços de mercado","Taxa trimestre contra trimestre imediatamente anterior",0
"201301","PIB a preços de mercado","Taxa trimestre contra trimestre imediatamente anterior",0.5
"201302","PIB a preços de mercado","Taxa trimestre contra trimestre imediatamente anterior",1.4
"201303","PIB a preços de mercado","Taxa trimestre contra trimestre imediatamente anterior",0.5
"201304","PIB a preços de mercado","Taxa trimestre contra trimestre imediatamente anterior",0.2
"201401","PIB a preços de mercado","Taxa trimestre contra trimestre imediatamente anterior",0.8
"201402","PIB a preços de mercado","Taxa trimestre contra trimestre imediatamente anterior",-1.5
"201403","PIB a preços de mercado","Taxa trimestre contra trimestre imediatamente anterior",-0.1
"201404","PIB a preços de mercado","Taxa trimestre contra trimestre imediatamente anterior",0.5
"201501","PIB a preços de mercado","Taxa trimestre contra trimestre imediatamente anterior",-0.8
"201502","PIB a preços de mercado","Taxa trimestre contra trimestre imediatamente anterior",-2.4
"201503","PIB a preços de mercado","Taxa trimestre contra trimestre imediatamente anterior",-1.6
"201504","PIB a preços de mercado","Taxa trimestre contra trimestre imediatamente anterior",-0.8
"201601","PIB a preços de mercado","Taxa trimestre contra trimestre imediatamente anterior",-1.4
"201602","PIB a preços de mercado","Taxa trimestre contra trimestre imediatamente anterior",0.3
"201603","PIB a preços de mercado","Taxa trimestre contra trimestre imediatamente anterior",-0.5
"201604","PIB a preços de mercado","Taxa trimestre contra trimestre imediatamente anterior",-0.1
"201701","PIB a preços de mercado","Taxa trimestre contra trimestre imediatamente anterior",1
"201702","PIB a preços de mercado","Taxa trimestre contra trimestre imediatamente anterior",0.8
"201703","PIB a preços de mercado","Taxa trimestre contra trimestre imediatamente anterior",0.2
"201704","PIB a preços de mercado","Taxa trimestre contra trimestre imediatamente anterior",0.5
"201801","PIB a preços de mercado","Taxa trimestre contra trimestre imediatamente anterior",0.6
"201802","PIB a preços de mercado","Taxa trimestre contra trimestre imediatamente anterior",-0.1
"201803","PIB a preços de mercado","Taxa trimestre contra trimestre imediatamente anterior",1
"201804","PIB a preços de mercado","Taxa trimestre contra trimestre imediatamente anterior",-0.3
"201901","PIB a preços de mercado","Taxa trimestre contra trimestre imediatamente anterior",0.3
"201902","PIB a preços de mercado","Taxa trimestre contra trimestre imediatamente anterior",0.6
"201903","PIB a preços de mercado","Taxa trimestre contra trimestre imediatamente anterior",0
"201904","PIB a preços de mercado","Taxa trimestre contra trimestre imediatamente anterior",0.9
"202001","PIB a preços de mercado","Taxa trimestre contra trimestre imediatamente anterior",-2.3
"202002","PIB a preços de mercado","Taxa trimestre contra trimestre imediatamente anterior",-8.9
"202003","PIB a preços de mercado","Taxa trimestre contra trimestre imediatamente anterior",7.9
"202004","PIB a preços de mercado","Taxa trimestre contra trimestre imediatamente anterior",3.8
"202101","PIB a preços de mercado","Taxa trimestre contra trimestre imediatamente anterior",0.9
"202102","PIB a preços de mercado","Taxa trimestre contra trimestre imediatamente anterior",-0.7
"202103","PIB a preços de mercado","Taxa trimestre contra trimestre imediatamente anterior",0.1
"202104","PIB a preços de mercado","Taxa trimestre contra trimestre imediatamente anterior",1.3
"202201","PIB a preços de mercado","Taxa trimestre contra trimestre imediatamente anterior",0.7
"202202","PIB a preços de mercado","Taxa trimestre contra trimestre imediatamente anterior",1.1
"202203","PIB a preços de mercado","Taxa trimestre contra trimestre imediatamente anterior",1.1
"202204","PIB a preços de mercado","Taxa trimestre contra trimestre imediatamente anterior",0.4
"202301","PIB a preços de mercado","Taxa trimestre contra trimestre imediatamente anterior",1.3
"202302","PIB a preços de mercado","Taxa trimestre contra trimestre imediatamente anterior",0.8
"202303","PIB a preços de mercado","Taxa trimestre contra trimestre imediatamente anterior",0.1
"202304","PIB a preços de mercado","Taxa trimestre contra trimestre imediatamente anterior",0.4
"202401","PIB a preços de mercado","Taxa trimestre contra trimestre imediatamente anterior",0.7
"202402","PIB a preços de mercado","Taxa trimestre contra trimestre imediatamente anterior",1.7
"202403","PIB a preços de mercado","Taxa trimestre contra trimestre imediatamente anterior",0.9
"202404","PIB a preços de mercado","Taxa trimestre contra trimestre imediatamente anterior",0.1
"202501","PIB a preços de mercado","Taxa trimestre contra trimestre imediatamente anterior",1.3
"202502","PIB a preços de mercado","Taxa trimestre contra trimestre imediatamente anterior",0.4
"202503","PIB a preços de mercado","Taxa trimestre contra trimestre imediatamente anterior",0.1
"202504","PIB a preços de mercado","Taxa trimestre contra trimestre imediatamente anterior",0.2
"202601","PIB a preços de mercado","Taxa trimestre contra trimestre imediatamente anterior",1.1
"202602","PIB a preços de mercado","Taxa trimestre contra trimestre imediatamente anterior",0.5
"199602","Agropecuária - total","Taxa trimestre contra trimestre imediatamente anterior",1.4
"199603","Agropecuária - total","Taxa trimestre contra trimestre imediatamente anterior",5.4
"199604","Agropecuária - total","Taxa trimestre contra trimestre imediatamente anterior",23.6
"199701","Agropecuária - total","Taxa trimestre contra trimestre imediatamente anterior",-19
"199702","Agropecuária - total","Taxa trimestre contra trimestre imediatamente anterior",-1.5
"199703","Agropecuária - total","Taxa trimestre contra trimestre imediatamente anterior",3.2
"199704","Agropecuária - total","Taxa trimestre contra trimestre imediatamente anterior",8.6
"199801","Agropecuária - total","Taxa trimestre contra trimestre imediatamente anterior",-11
"199802","Agropecuária - total","Taxa trimestre contra trimestre imediatamente anterior",12.5
"199803","Agropecuária - total","Taxa trimestre contra trimestre imediatamente anterior",-2.6
"199804","Agropecuária - total","Taxa trimestre contra trimestre imediatamente anterior",-2.1
"199901","Agropecuária - total","Taxa trimestre contra trimestre imediatamente anterior",4.2
"199902","Agropecuária - total","Taxa trimestre contra trimestre imediatamente anterior",1.7
"199903","Agropecuária - total","Taxa trimestre contra trimestre imediatamente anterior",0.5
"199904","Agropecuária - total","Taxa trimestre contra trimestre imediatamente anterior",3.8
"200001","Agropecuária - total","Taxa trimestre contra trimestre imediatamente anterior",-0.6
"200002","Agropecuária - total","Taxa trimestre contra trimestre imediatamente anterior",-0.4
"200003","Agropecuária - total","Taxa trimestre contra trimestre imediatamente anterior",-0.9
"200004","Agropecuária - total","Taxa trimestre contra trimestre imediatamente anterior",0.6
"200101","Agropecuária - total","Taxa trimestre contra trimestre imediatamente anterior",3.1
"200102","Agropecuária - total","Taxa trimestre contra trimestre imediatamente anterior",0.2
"200103","Agropecuária - total","Taxa trimestre contra trimestre imediatamente anterior",2.3
"200104","Agropecuária - total","Taxa trimestre contra trimestre imediatamente anterior",5.2
"200201","Agropecuária - total","Taxa trimestre contra trimestre imediatamente anterior",-2.9
"200202","Agropecuária - total","Taxa trimestre contra trimestre imediatamente anterior",2.4
"200203","Agropecuária - total","Taxa trimestre contra trimestre imediatamente anterior",7
"200204","Agropecuária - total","Taxa trimestre contra trimestre imediatamente anterior",2.8
"200301","Agropecuária - total","Taxa trimestre contra trimestre imediatamente anterior",2.3
"200302","Agropecuária - total","Taxa trimestre contra trimestre imediatamente anterior",0
"200303","Agropecuária - total","Taxa trimestre contra trimestre imediatamente anterior",-2.9
"200304","Agropecuária - total","Taxa trimestre contra trimestre imediatamente anterior",1.7
"200401","Agropecuária - total","Taxa trimestre contra trimestre imediatamente anterior",1.2
"200402","Agropecuária - total","Taxa trimestre contra trimestre imediatamente anterior",1.7
"200403","Agropecuária - total","Taxa trimestre contra trimestre imediatamente anterior",0
"200404","Agropecuária - total","Taxa trimestre contra trimestre imediatamente anterior",-1.2
"200501","Agropecuária - total","Taxa trimestre contra trimestre imediatamente anterior",2.5
"200502","Agropecuária - total","Taxa trimestre contra trimestre imediatamente anterior",1.3
"200503","Agropecuária - total","Taxa trimestre contra trimestre imediatamente anterior",-4.7
"200504","Agropecuária - total","Taxa trimestre contra trimestre imediatamente anterior",0.9
"200601","Agropecuária - total","Taxa trimestre contra trimestre imediatamente anterior",3.4
"200602","Agropecuária - total","Taxa trimestre contra trimestre imediatamente anterior",1.2
"200603","Agropecuária - total","Taxa trimestre contra trimestre imediatamente anterior",4.3
"200604","Agropecuária - total","Taxa trimestre contra trimestre imediatamente anterior",0.5
"200701","Agropecuária - total","Taxa trimestre contra trimestre imediatamente anterior",-1.6
"200702","Agropecuária - total","Taxa trimestre contra trimestre imediatamente anterior",-2.1
"200703","Agropecuária - total","Taxa trimestre contra trimestre imediatamente anterior",7.5
"200704","Agropecuária - total","Taxa trimestre contra trimestre imediatamente anterior",0
"200801","Agropecuária - total","Taxa trimestre contra trimestre imediatamente anterior",-0.1
"200802","Agropecuária - total","Taxa trimestre contra trimestre imediatamente anterior",3.2
"200803","Agropecuária - total","Taxa trimestre contra trimestre imediatamente anterior",1.9
"200804","Agropecuária - total","Taxa trimestre contra trimestre imediatamente anterior",-4
"200901","Agropecuária - total","Taxa trimestre contra trimestre imediatamente anterior",-2.7
"200902","Agropecuária - total","Taxa trimestre contra trimestre imediatamente anterior",-1.1
"200903","Agropecuária - total","Taxa trimestre contra trimestre imediatamente anterior",0.9
"200904","Agropecuária - total","Taxa trimestre contra trimestre imediatamente anterior",4.3
"201001","Agropecuária - total","Taxa trimestre contra trimestre imediatamente anterior",1.9
"201002","Agropecuária - total","Taxa trimestre contra trimestre imediatamente anterior",2.3
"201003","Agropecuária - total","Taxa trimestre contra trimestre imediatamente anterior",-2.3
"201004","Agropecuária - total","Taxa trimestre contra trimestre imediatamente anterior",1.8
"201101","Agropecuária - total","Taxa trimestre contra trimestre imediatamente anterior",2.3
"201102","Agropecuária - total","Taxa trimestre contra trimestre imediatamente anterior",-1
"201103","Agropecuária - total","Taxa trimestre contra trimestre imediatamente anterior",5.1
"201104","Agropecuária - total","Taxa trimestre contra trimestre imediatamente anterior",5
"201201","Agropecuária - total","Taxa trimestre contra trimestre imediatamente anterior",-19.6
"201202","Agropecuária - total","Taxa trimestre contra trimestre imediatamente anterior",12.3
"201203","Agropecuária - total","Taxa trimestre contra trimestre imediatamente anterior",11.3
"201204","Agropecuária - total","Taxa trimestre contra trimestre imediatamente anterior",-5.1
"201301","Agropecuária - total","Taxa trimestre contra trimestre imediatamente anterior",0.8
"201302","Agropecuária - total","Taxa trimestre contra trimestre imediatamente anterior",3.3
"201303","Agropecuária - total","Taxa trimestre contra trimestre imediatamente anterior",-0.3
"201304","Agropecuária - total","Taxa trimestre contra trimestre imediatamente anterior",1.4
"201401","Agropecuária - total","Taxa trimestre contra trimestre imediatamente anterior",0.7
"201402","Agropecuária - total","Taxa trimestre contra trimestre imediatamente anterior",-1.7
"201403","Agropecuária - total","Taxa trimestre contra trimestre imediatamente anterior",2.2
"201404","Agropecuária - total","Taxa trimestre contra trimestre imediatamente anterior",2.8
"201501","Agropecuária - total","Taxa trimestre contra trimestre imediatamente anterior",2.2
"201502","Agropecuária - total","Taxa trimestre contra trimestre imediatamente anterior",-2.9
"201503","Agropecuária - total","Taxa trimestre contra trimestre imediatamente anterior",-0.8
"201504","Agropecuária - total","Taxa trimestre contra trimestre imediatamente anterior",2.3
"201601","Agropecuária - total","Taxa trimestre contra trimestre imediatamente anterior",-7.2
"201602","Agropecuária - total","Taxa trimestre contra trimestre imediatamente anterior",0.1
"201603","Agropecuária - total","Taxa trimestre contra trimestre imediatamente anterior",1.7
"201604","Agropecuária - total","Taxa trimestre contra trimestre imediatamente anterior",5
"201701","Agropecuária - total","Taxa trimestre contra trimestre imediatamente anterior",11.9
"201702","Agropecuária - total","Taxa trimestre contra trimestre imediatamente anterior",-3.2
"201703","Agropecuária - total","Taxa trimestre contra trimestre imediatamente anterior",-2.2
"201704","Agropecuária - total","Taxa trimestre contra trimestre imediatamente anterior",0.7
"201801","Agropecuária - total","Taxa trimestre contra trimestre imediatamente anterior",1.7
"201802","Agropecuária - total","Taxa trimestre contra trimestre imediatamente anterior",0.4
"201803","Agropecuária - total","Taxa trimestre contra trimestre imediatamente anterior",2.1
"201804","Agropecuária - total","Taxa trimestre contra trimestre imediatamente anterior",1.7
"201901","Agropecuária - total","Taxa trimestre contra trimestre imediatamente anterior",-4.3
"201902","Agropecuária - total","Taxa trimestre contra trimestre imediatamente anterior",1.4
"201903","Agropecuária - total","Taxa trimestre contra trimestre imediatamente anterior",2.2
"201904","Agropecuária - total","Taxa trimestre contra trimestre imediatamente anterior",1
"202001","Agropecuária - total","Taxa trimestre contra trimestre imediatamente anterior",1.5
"202002","Agropecuária - total","Taxa trimestre contra trimestre imediatamente anterior",0.6
"202003","Agropecuária - total","Taxa trimestre contra trimestre imediatamente anterior",-1.4
"202004","Agropecuária - total","Taxa trimestre contra trimestre imediatamente anterior",0.8
"202101","Agropecuária - total","Taxa trimestre contra trimestre imediatamente anterior",3.7
"202102","Agropecuária - total","Taxa trimestre contra trimestre imediatamente anterior",-5.2
"202103","Agropecuária - total","Taxa trimestre contra trimestre imediatamente anterior",-5.9
"202104","Agropecuária - total","Taxa trimestre contra trimestre imediatamente anterior",15.9
"202201","Agropecuária - total","Taxa trimestre contra trimestre imediatamente anterior",-9.6
"202202","Agropecuária - total","Taxa trimestre contra trimestre imediatamente anterior",-0.8
"202203","Agropecuária - total","Taxa trimestre contra trimestre imediatamente anterior",4.8
"202204","Agropecuária - total","Taxa trimestre contra trimestre imediatamente anterior",4.2
"202301","Agropecuária - total","Taxa trimestre contra trimestre imediatamente anterior",15
"202302","Agropecuária - total","Taxa trimestre contra trimestre imediatamente anterior",-4
"202303","Agropecuária - total","Taxa trimestre contra trimestre imediatamente anterior",-4.3
"202304","Agropecuária - total","Taxa trimestre contra trimestre imediatamente anterior",-2.5
"202401","Agropecuária - total","Taxa trimestre contra trimestre imediatamente anterior",3.6
"202402","Agropecuária - total","Taxa trimestre contra trimestre imediatamente anterior",-1.6
"202403","Agropecuária - total","Taxa trimestre contra trimestre imediatamente anterior",0.5
"202404","Agropecuária - total","Taxa trimestre contra trimestre imediatamente anterior",-2.2
"202501","Agropecuária - total","Taxa trimestre contra trimestre imediatamente anterior",16.1
"202502","Agropecuária - total","Taxa trimestre contra trimestre imediatamente anterior",-3.2
"202503","Agropecuária - total","Taxa trimestre contra trimestre imediatamente anterior",0.5
"202504","Agropecuária - total","Taxa trimestre contra trimestre imediatamente anterior",0.7
"202601","Agropecuária - total","Taxa trimestre contra trimestre imediatamente anterior",2.3
"202602","Agropecuária - total","Taxa trimestre contra trimestre imediatamente anterior",2.8
"199602","Indústria - total","Taxa trimestre contra trimestre imediatamente anterior",-3.7
"199603","Indústria - total","Taxa trimestre contra trimestre imediatamente anterior",9
"199604","Indústria - total","Taxa trimestre contra trimestre imediatamente anterior",-6.1
"199701","Indústria - total","Taxa trimestre contra trimestre imediatamente anterior",5.1
"199702","Indústria - total","Taxa trimestre contra trimestre imediatamente anterior",-0.1
"199703","Indústria - total","Taxa trimestre contra trimestre imediatamente anterior",1.9
"199704","Indústria - total","Taxa trimestre contra trimestre imediatamente anterior",-0.4
"199801","Indústria - total","Taxa trimestre contra trimestre imediatamente anterior",-2.2
"199802","Indústria - total","Taxa trimestre contra trimestre imediatamente anterior",1.3
"199803","Indústria - total","Taxa trimestre contra trimestre imediatamente anterior",-1.3
"199804","Indústria - total","Taxa trimestre contra trimestre imediatamente anterior",-3.1
"199901","Indústria - total","Taxa trimestre contra trimestre imediatamente anterior",-0.5
"199902","Indústria - total","Taxa trimestre contra trimestre imediatamente anterior",-0.1
"199903","Indústria - total","Taxa trimestre contra trimestre imediatamente anterior",0.3
"199904","Indústria - total","Taxa trimestre contra trimestre imediatamente anterior",1.9
"200001","Indústria - total","Taxa trimestre contra trimestre imediatamente anterior",1.3
"200002","Indústria - total","Taxa trimestre contra trimestre imediatamente anterior",1.1
"200003","Indústria - total","Taxa trimestre contra trimestre imediatamente anterior",0.4
"200004","Indústria - total","Taxa trimestre contra trimestre imediatamente anterior",1.6
"200101","Indústria - total","Taxa trimestre contra trimestre imediatamente anterior",0.6
"200102","Indústria - total","Taxa trimestre contra trimestre imediatamente anterior",-1.8
"200103","Indústria - total","Taxa trimestre contra trimestre imediatamente anterior",-3.1
"200104","Indústria - total","Taxa trimestre contra trimestre imediatamente anterior",0
"200201","Indústria - total","Taxa trimestre contra trimestre imediatamente anterior",3.8
"200202","Indústria - total","Taxa trimestre contra trimestre imediatamente anterior",1.3
"200203","Indústria - total","Taxa trimestre contra trimestre imediatamente anterior",0.7
"200204","Indústria - total","Taxa trimestre contra trimestre imediatamente anterior",3
"200301","Indústria - total","Taxa trimestre contra trimestre imediatamente anterior",-5.3
"200302","Indústria - total","Taxa trimestre contra trimestre imediatamente anterior",0.8
"200303","Indústria - total","Taxa trimestre contra trimestre imediatamente anterior",3.5
"200304","Indústria - total","Taxa trimestre contra trimestre imediatamente anterior",1.2
"200401","Indústria - total","Taxa trimestre contra trimestre imediatamente anterior",1.6
"200402","Indústria - total","Taxa trimestre contra trimestre imediatamente anterior",2.5
"200403","Indústria - total","Taxa trimestre contra trimestre imediatamente anterior",3.6
"200404","Indústria - total","Taxa trimestre contra trimestre imediatamente anterior",-0.2
"200501","Indústria - total","Taxa trimestre contra trimestre imediatamente anterior",-1.1
"200502","Indústria - total","Taxa trimestre contra trimestre imediatamente anterior",2.2
"200503","Indústria - total","Taxa trimestre contra trimestre imediatamente anterior",-2.1
"200504","Indústria - total","Taxa trimestre contra trimestre imediatamente anterior",1.2
"200601","Indústria - total","Taxa trimestre contra trimestre imediatamente anterior",1.1
"200602","Indústria - total","Taxa trimestre contra trimestre imediatamente anterior",-1.3
"200603","Indústria - total","Taxa trimestre contra trimestre imediatamente anterior",1.6
"200604","Indústria - total","Taxa trimestre contra trimestre imediatamente anterior",2.8
"200701","Indústria - total","Taxa trimestre contra trimestre imediatamente anterior",0.6
"200702","Indústria - total","Taxa trimestre contra trimestre imediatamente anterior",3.3
"200703","Indústria - total","Taxa trimestre contra trimestre imediatamente anterior",0.3
"200704","Indústria - total","Taxa trimestre contra trimestre imediatamente anterior",0.8
"200801","Indústria - total","Taxa trimestre contra trimestre imediatamente anterior",2.7
"200802","Indústria - total","Taxa trimestre contra trimestre imediatamente anterior",0.7
"200803","Indústria - total","Taxa trimestre contra trimestre imediatamente anterior",2.7
"200804","Indústria - total","Taxa trimestre contra trimestre imediatamente anterior",-7.9
"200901","Indústria - total","Taxa trimestre contra trimestre imediatamente anterior",-6.4
"200902","Indústria - total","Taxa trimestre contra trimestre imediatamente anterior",4.8
"200903","Indústria - total","Taxa trimestre contra trimestre imediatamente anterior",3.9
"200904","Indústria - total","Taxa trimestre contra trimestre imediatamente anterior",4.1
"201001","Indústria - total","Taxa trimestre contra trimestre imediatamente anterior",1.2
"201002","Indústria - total","Taxa trimestre contra trimestre imediatamente anterior",2.6
"201003","Indústria - total","Taxa trimestre contra trimestre imediatamente anterior",0.4
"201004","Indústria - total","Taxa trimestre contra trimestre imediatamente anterior",1.5
"201101","Indústria - total","Taxa trimestre contra trimestre imediatamente anterior",0.3
"201102","Indústria - total","Taxa trimestre contra trimestre imediatamente anterior",3.3
"201103","Indústria - total","Taxa trimestre contra trimestre imediatamente anterior",-1.1
"201104","Indústria - total","Taxa trimestre contra trimestre imediatamente anterior",-0.3
"201201","Indústria - total","Taxa trimestre contra trimestre imediatamente anterior",0.3
"201202","Indústria - total","Taxa trimestre contra trimestre imediatamente anterior",-2.1
"201203","Indústria - total","Taxa trimestre contra trimestre imediatamente anterior",1.6
"201204","Indústria - total","Taxa trimestre contra trimestre imediatamente anterior",-0.9
"201301","Indústria - total","Taxa trimestre contra trimestre imediatamente anterior",0.2
"201302","Indústria - total","Taxa trimestre contra trimestre imediatamente anterior",3.2
"201303","Indústria - total","Taxa trimestre contra trimestre imediatamente anterior",0.4
"201304","Indústria - total","Taxa trimestre contra trimestre imediatamente anterior",-0.8
"201401","Indústria - total","Taxa trimestre contra trimestre imediatamente anterior",0
"201402","Indústria - total","Taxa trimestre contra trimestre imediatamente anterior",-2.4
"201403","Indústria - total","Taxa trimestre contra trimestre imediatamente anterior",-0.6
"201404","Indústria - total","Taxa trimestre contra trimestre imediatamente anterior",0.8
"201501","Indústria - total","Taxa trimestre contra trimestre imediatamente anterior",-1.8
"201502","Indústria - total","Taxa trimestre contra trimestre imediatamente anterior",-3.3
"201503","Indústria - total","Taxa trimestre contra trimestre imediatamente anterior",-1.8
"201504","Indústria - total","Taxa trimestre contra trimestre imediatamente anterior",-1.8
"201601","Indústria - total","Taxa trimestre contra trimestre imediatamente anterior",-0.3
"201602","Indústria - total","Taxa trimestre contra trimestre imediatamente anterior",-0.4
"201603","Indústria - total","Taxa trimestre contra trimestre imediatamente anterior",-1.2
"201604","Indústria - total","Taxa trimestre contra trimestre imediatamente anterior",-1.8
"201701","Indústria - total","Taxa trimestre contra trimestre imediatamente anterior",0.8
"201702","Indústria - total","Taxa trimestre contra trimestre imediatamente anterior",0.4
"201703","Indústria - total","Taxa trimestre contra trimestre imediatamente anterior",0.1
"201704","Indústria - total","Taxa trimestre contra trimestre imediatamente anterior",1.1
"201801","Indústria - total","Taxa trimestre contra trimestre imediatamente anterior",0.4
"201802","Indústria - total","Taxa trimestre contra trimestre imediatamente anterior",-1.2
"201803","Indústria - total","Taxa trimestre contra trimestre imediatamente anterior",0.8
"201804","Indústria - total","Taxa trimestre contra trimestre imediatamente anterior",-0.5
"201901","Indústria - total","Taxa trimestre contra trimestre imediatamente anterior",-1
"201902","Indústria - total","Taxa trimestre contra trimestre imediatamente anterior",0.8
"201903","Indústria - total","Taxa trimestre contra trimestre imediatamente anterior",-0.1
"201904","Indústria - total","Taxa trimestre contra trimestre imediatamente anterior",0.2
"202001","Indústria - total","Taxa trimestre contra trimestre imediatamente anterior",-1.9
"202002","Indústria - total","Taxa trimestre contra trimestre imediatamente anterior",-11.6
"202003","Indústria - total","Taxa trimestre contra trimestre imediatamente anterior",15
"202004","Indústria - total","Taxa trimestre contra trimestre imediatamente anterior",2.6
"202101","Indústria - total","Taxa trimestre contra trimestre imediatamente anterior",2.1
"202102","Indústria - total","Taxa trimestre contra trimestre imediatamente anterior",-2.2
"202103","Indústria - total","Taxa trimestre contra trimestre imediatamente anterior",-1
"202104","Indústria - total","Taxa trimestre contra trimestre imediatamente anterior",-2.6
"202201","Indústria - total","Taxa trimestre contra trimestre imediatamente anterior",3.3
"202202","Indústria - total","Taxa trimestre contra trimestre imediatamente anterior",1.7
"202203","Indústria - total","Taxa trimestre contra trimestre imediatamente anterior",0.3
"202204","Indústria - total","Taxa trimestre contra trimestre imediatamente anterior",-0.6
"202301","Indústria - total","Taxa trimestre contra trimestre imediatamente anterior",0.1
"202302","Indústria - total","Taxa trimestre contra trimestre imediatamente anterior",1
"202303","Indústria - total","Taxa trimestre contra trimestre imediatamente anterior",0.6
"202304","Indústria - total","Taxa trimestre contra trimestre imediatamente anterior",1.5
"202401","Indústria - total","Taxa trimestre contra trimestre imediatamente anterior",0.5
"202402","Indústria - total","Taxa trimestre contra trimestre imediatamente anterior",0.8
"202403","Indústria - total","Taxa trimestre contra trimestre imediatamente anterior",0.6
"202404","Indústria - total","Taxa trimestre contra trimestre imediatamente anterior",0.3
"202501","Indústria - total","Taxa trimestre contra trimestre imediatamente anterior",0
"202502","Indústria - total","Taxa trimestre contra trimestre imediatamente anterior",0.7
"202503","Indústria - total","Taxa trimestre contra trimestre imediatamente anterior",0.6
"202504","Indústria - total","Taxa trimestre contra trimestre imediatamente anterior",-0.7
"202601","Indústria - total","Taxa trimestre contra trimestre imediatamente anterior",1.2
"202602","Indústria - total","Taxa trimestre contra trimestre imediatamente anterior",0.1
"199602","Serviços - total","Taxa trimestre contra trimestre imediatamente anterior",0.3
"199603","Serviços - total","Taxa trimestre contra trimestre imediatamente anterior",1.3
"199604","Serviços - total","Taxa trimestre contra trimestre imediatamente anterior",-2.1
"199701","Serviços - total","Taxa trimestre contra trimestre imediatamente anterior",2.5
"199702","Serviços - total","Taxa trimestre contra trimestre imediatamente anterior",0.5
"199703","Serviços - total","Taxa trimestre contra trimestre imediatamente anterior",0.5
"199704","Serviços - total","Taxa trimestre contra trimestre imediatamente anterior",1.2
"199801","Serviços - total","Taxa trimestre contra trimestre imediatamente anterior",-1
"199802","Serviços - total","Taxa trimestre contra trimestre imediatamente anterior",1.1
"199803","Serviços - total","Taxa trimestre contra trimestre imediatamente anterior",0.6
"199804","Serviços - total","Taxa trimestre contra trimestre imediatamente anterior",0.1
"199901","Serviços - total","Taxa trimestre contra trimestre imediatamente anterior",0.8
"199902","Serviços - total","Taxa trimestre contra trimestre imediatamente anterior",0.2
"199903","Serviços - total","Taxa trimestre contra trimestre imediatamente anterior",0.1
"199904","Serviços - total","Taxa trimestre contra trimestre imediatamente anterior",1
"200001","Serviços - total","Taxa trimestre contra trimestre imediatamente anterior",1.6
"200002","Serviços - total","Taxa trimestre contra trimestre imediatamente anterior",0.5
"200003","Serviços - total","Taxa trimestre contra trimestre imediatamente anterior",1.3
"200004","Serviços - total","Taxa trimestre contra trimestre imediatamente anterior",1.1
"200101","Serviços - total","Taxa trimestre contra trimestre imediatamente anterior",-0.5
"200102","Serviços - total","Taxa trimestre contra trimestre imediatamente anterior",1.2
"200103","Serviços - total","Taxa trimestre contra trimestre imediatamente anterior",0
"200104","Serviços - total","Taxa trimestre contra trimestre imediatamente anterior",0.4
"200201","Serviços - total","Taxa trimestre contra trimestre imediatamente anterior",1.3
"200202","Serviços - total","Taxa trimestre contra trimestre imediatamente anterior",0.7
"200203","Serviços - total","Taxa trimestre contra trimestre imediatamente anterior",1.1
"200204","Serviços - total","Taxa trimestre contra trimestre imediatamente anterior",0.6
"200301","Serviços - total","Taxa trimestre contra trimestre imediatamente anterior",-0.5
"200302","Serviços - total","Taxa trimestre contra trimestre imediatamente anterior",-0.4
"200303","Serviços - total","Taxa trimestre contra trimestre imediatamente anterior",0.9
"200304","Serviços - total","Taxa trimestre contra trimestre imediatamente anterior",1
"200401","Serviços - total","Taxa trimestre contra trimestre imediatamente anterior",1.7
"200402","Serviços - total","Taxa trimestre contra trimestre imediatamente anterior",1.6
"200403","Serviços - total","Taxa trimestre contra trimestre imediatamente anterior",1
"200404","Serviços - total","Taxa trimestre contra trimestre imediatamente anterior",1.7
"200501","Serviços - total","Taxa trimestre contra trimestre imediatamente anterior",0.1
"200502","Serviços - total","Taxa trimestre contra trimestre imediatamente anterior",1.2
"200503","Serviços - total","Taxa trimestre contra trimestre imediatamente anterior",0.7
"200504","Serviços - total","Taxa trimestre contra trimestre imediatamente anterior",0.7
"200601","Serviços - total","Taxa trimestre contra trimestre imediatamente anterior",1.6
"200602","Serviços - total","Taxa trimestre contra trimestre imediatamente anterior",0.7
"200603","Serviços - total","Taxa trimestre contra trimestre imediatamente anterior",1.3
"200604","Serviços - total","Taxa trimestre contra trimestre imediatamente anterior",0.9
"200701","Serviços - total","Taxa trimestre contra trimestre imediatamente anterior",2.6
"200702","Serviços - total","Taxa trimestre contra trimestre imediatamente anterior",1.1
"200703","Serviços - total","Taxa trimestre contra trimestre imediatamente anterior",0.8
"200704","Serviços - total","Taxa trimestre contra trimestre imediatamente anterior",1.7
"200801","Serviços - total","Taxa trimestre contra trimestre imediatamente anterior",1.6
"200802","Serviços - total","Taxa trimestre contra trimestre imediatamente anterior",1.6
"200803","Serviços - total","Taxa trimestre contra trimestre imediatamente anterior",1.2
"200804","Serviços - total","Taxa trimestre contra trimestre imediatamente anterior",-2.2
"200901","Serviços - total","Taxa trimestre contra trimestre imediatamente anterior",0.5
"200902","Serviços - total","Taxa trimestre contra trimestre imediatamente anterior",1.3
"200903","Serviços - total","Taxa trimestre contra trimestre imediatamente anterior",1.8
"200904","Serviços - total","Taxa trimestre contra trimestre imediatamente anterior",1.5
"201001","Serviços - total","Taxa trimestre contra trimestre imediatamente anterior",1.5
"201002","Serviços - total","Taxa trimestre contra trimestre imediatamente anterior",1.1
"201003","Serviços - total","Taxa trimestre contra trimestre imediatamente anterior",1.5
"201004","Serviços - total","Taxa trimestre contra trimestre imediatamente anterior",1.1
"201101","Serviços - total","Taxa trimestre contra trimestre imediatamente anterior",0.9
"201102","Serviços - total","Taxa trimestre contra trimestre imediatamente anterior",0.8
"201103","Serviços - total","Taxa trimestre contra trimestre imediatamente anterior",0
"201104","Serviços - total","Taxa trimestre contra trimestre imediatamente anterior",0.4
"201201","Serviços - total","Taxa trimestre contra trimestre imediatamente anterior",0.9
"201202","Serviços - total","Taxa trimestre contra trimestre imediatamente anterior",1.1
"201203","Serviços - total","Taxa trimestre contra trimestre imediatamente anterior",0.9
"201204","Serviços - total","Taxa trimestre contra trimestre imediatamente anterior",0.7
"201301","Serviços - total","Taxa trimestre contra trimestre imediatamente anterior",0
"201302","Serviços - total","Taxa trimestre contra trimestre imediatamente anterior",1.5
"201303","Serviços - total","Taxa trimestre contra trimestre imediatamente anterior",0.6
"201304","Serviços - total","Taxa trimestre contra trimestre imediatamente anterior",0.3
"201401","Serviços - total","Taxa trimestre contra trimestre imediatamente anterior",0.3
"201402","Serviços - total","Taxa trimestre contra trimestre imediatamente anterior",-0.5
"201403","Serviços - total","Taxa trimestre contra trimestre imediatamente anterior",0.2
"201404","Serviços - total","Taxa trimestre contra trimestre imediatamente anterior",0.1
"201501","Serviços - total","Taxa trimestre contra trimestre imediatamente anterior",-1.1
"201502","Serviços - total","Taxa trimestre contra trimestre imediatamente anterior",-1.5
"201503","Serviços - total","Taxa trimestre contra trimestre imediatamente anterior",-1
"201504","Serviços - total","Taxa trimestre contra trimestre imediatamente anterior",-0.5
"201601","Serviços - total","Taxa trimestre contra trimestre imediatamente anterior",-0.3
"201602","Serviços - total","Taxa trimestre contra trimestre imediatamente anterior",-0.4
"201603","Serviços - total","Taxa trimestre contra trimestre imediatamente anterior",-0.6
"201604","Serviços - total","Taxa trimestre contra trimestre imediatamente anterior",-0.6
"201701","Serviços - total","Taxa trimestre contra trimestre imediatamente anterior",0.3
"201702","Serviços - total","Taxa trimestre contra trimestre imediatamente anterior",1.1
"201703","Serviços - total","Taxa trimestre contra trimestre imediatamente anterior",0.5
"201704","Serviços - total","Taxa trimestre contra trimestre imediatamente anterior",0.5
"201801","Serviços - total","Taxa trimestre contra trimestre imediatamente anterior",0.6
"201802","Serviços - total","Taxa trimestre contra trimestre imediatamente anterior",0.5
"201803","Serviços - total","Taxa trimestre contra trimestre imediatamente anterior",0.5
"201804","Serviços - total","Taxa trimestre contra trimestre imediatamente anterior",-0.1
"201901","Serviços - total","Taxa trimestre contra trimestre imediatamente anterior",0.8
"201902","Serviços - total","Taxa trimestre contra trimestre imediatamente anterior",0.3
"201903","Serviços - total","Taxa trimestre contra trimestre imediatamente anterior",0.2
"201904","Serviços - total","Taxa trimestre contra trimestre imediatamente anterior",0.4
"202001","Serviços - total","Taxa trimestre contra trimestre imediatamente anterior",-0.5
"202002","Serviços - total","Taxa trimestre contra trimestre imediatamente anterior",-9.7
"202003","Serviços - total","Taxa trimestre contra trimestre imediatamente anterior",6.3
"202004","Serviços - total","Taxa trimestre contra trimestre imediatamente anterior",3.2
"202101","Serviços - total","Taxa trimestre contra trimestre imediatamente anterior",0.7
"202102","Serviços - total","Taxa trimestre contra trimestre imediatamente anterior",0.5
"202103","Serviços - total","Taxa trimestre contra trimestre imediatamente anterior",1.2
"202104","Serviços - total","Taxa trimestre contra trimestre imediatamente anterior",1.4
"202201","Serviços - total","Taxa trimestre contra trimestre imediatamente anterior",0.8
"202202","Serviços - total","Taxa trimestre contra trimestre imediatamente anterior",1.2
"202203","Serviços - total","Taxa trimestre contra trimestre imediatamente anterior",1.2
"202204","Serviços - total","Taxa trimestre contra trimestre imediatamente anterior",0.4
"202301","Serviços - total","Taxa trimestre contra trimestre imediatamente anterior",0.6
"202302","Serviços - total","Taxa trimestre contra trimestre imediatamente anterior",0.8
"202303","Serviços - total","Taxa trimestre contra trimestre imediatamente anterior",0.4
"202304","Serviços - total","Taxa trimestre contra trimestre imediatamente anterior",0.7
"202401","Serviços - total","Taxa trimestre contra trimestre imediatamente anterior",1.7
"202402","Serviços - total","Taxa trimestre contra trimestre imediatamente anterior",1
"202403","Serviços - total","Taxa trimestre contra trimestre imediatamente anterior",0.8
"202404","Serviços - total","Taxa trimestre contra trimestre imediatamente anterior",0
"202501","Serviços - total","Taxa trimestre contra trimestre imediatamente anterior",0.3
"202502","Serviços - total","Taxa trimestre contra trimestre imediatamente anterior",0.8
"202503","Serviços - total","Taxa trimestre contra trimestre imediatamente anterior",0.3
"202504","Serviços - total","Taxa trimestre contra trimestre imediatamente anterior",0.6
"202601","Serviços - total","Taxa trimestre contra trimestre imediatamente anterior",0.4
"202602","Serviços - total","Taxa trimestre contra trimestre imediatamente anterior",0.2
"199602","Despesa de consumo das famílias","Taxa trimestre contra trimestre imediatamente anterior",2.1
"199603","Despesa de consumo das famílias","Taxa trimestre contra trimestre imediatamente anterior",2.8
"199604","Despesa de consumo das famílias","Taxa trimestre contra trimestre imediatamente anterior",5.3
"199701","Despesa de consumo das famílias","Taxa trimestre contra trimestre imediatamente anterior",-2.3
"199702","Despesa de consumo das famílias","Taxa trimestre contra trimestre imediatamente anterior",0.3
"199703","Despesa de consumo das famílias","Taxa trimestre contra trimestre imediatamente anterior",-1
"199704","Despesa de consumo das famílias","Taxa trimestre contra trimestre imediatamente anterior",0.1
"199801","Despesa de consumo das famílias","Taxa trimestre contra trimestre imediatamente anterior",0
"199802","Despesa de consumo das famílias","Taxa trimestre contra trimestre imediatamente anterior",-0.3
"199803","Despesa de consumo das famílias","Taxa trimestre contra trimestre imediatamente anterior",0.3
"199804","Despesa de consumo das famílias","Taxa trimestre contra trimestre imediatamente anterior",-1.3
"199901","Despesa de consumo das famílias","Taxa trimestre contra trimestre imediatamente anterior",0.3
"199902","Despesa de consumo das famílias","Taxa trimestre contra trimestre imediatamente anterior",0.1
"199903","Despesa de consumo das famílias","Taxa trimestre contra trimestre imediatamente anterior",1
"199904","Despesa de consumo das famílias","Taxa trimestre contra trimestre imediatamente anterior",1.8
"200001","Despesa de consumo das famílias","Taxa trimestre contra trimestre imediatamente anterior",0
"200002","Despesa de consumo das famílias","Taxa trimestre contra trimestre imediatamente anterior",1.3
"200003","Despesa de consumo das famílias","Taxa trimestre contra trimestre imediatamente anterior",1.7
"200004","Despesa de consumo das famílias","Taxa trimestre contra trimestre imediatamente anterior",0.9
"200101","Despesa de consumo das famílias","Taxa trimestre contra trimestre imediatamente anterior",-0.2
"200102","Despesa de consumo das famílias","Taxa trimestre contra trimestre imediatamente anterior",0.6
"200103","Despesa de consumo das famílias","Taxa trimestre contra trimestre imediatamente anterior",-3
"200104","Despesa de consumo das famílias","Taxa trimestre contra trimestre imediatamente anterior",0.8
"200201","Despesa de consumo das famílias","Taxa trimestre contra trimestre imediatamente anterior",1.9
"200202","Despesa de consumo das famílias","Taxa trimestre contra trimestre imediatamente anterior",1.1
"200203","Despesa de consumo das famílias","Taxa trimestre contra trimestre imediatamente anterior",-1
"200204","Despesa de consumo das famílias","Taxa trimestre contra trimestre imediatamente anterior",-0.4
"200301","Despesa de consumo das famílias","Taxa trimestre contra trimestre imediatamente anterior",0.2
"200302","Despesa de consumo das famílias","Taxa trimestre contra trimestre imediatamente anterior",-0.8
"200303","Despesa de consumo das famílias","Taxa trimestre contra trimestre imediatamente anterior",0.3
"200304","Despesa de consumo das famílias","Taxa trimestre contra trimestre imediatamente anterior",0.9
"200401","Despesa de consumo das famílias","Taxa trimestre contra trimestre imediatamente anterior",0.5
"200402","Despesa de consumo das famílias","Taxa trimestre contra trimestre imediatamente anterior",1.4
"200403","Despesa de consumo das famílias","Taxa trimestre contra trimestre imediatamente anterior",2
"200404","Despesa de consumo das famílias","Taxa trimestre contra trimestre imediatamente anterior",2.5
"200501","Despesa de consumo das famílias","Taxa trimestre contra trimestre imediatamente anterior",-0.6
"200502","Despesa de consumo das famílias","Taxa trimestre contra trimestre imediatamente anterior",0.8
"200503","Despesa de consumo das famílias","Taxa trimestre contra trimestre imediatamente anterior",1.6
"200504","Despesa de consumo das famílias","Taxa trimestre contra trimestre imediatamente anterior",1.4
"200601","Despesa de consumo das famílias","Taxa trimestre contra trimestre imediatamente anterior",1
"200602","Despesa de consumo das famílias","Taxa trimestre contra trimestre imediatamente anterior",1.6
"200603","Despesa de consumo das famílias","Taxa trimestre contra trimestre imediatamente anterior",1.1
"200604","Despesa de consumo das famílias","Taxa trimestre contra trimestre imediatamente anterior",1.4
"200701","Despesa de consumo das famílias","Taxa trimestre contra trimestre imediatamente anterior",2.2
"200702","Despesa de consumo das famílias","Taxa trimestre contra trimestre imediatamente anterior",1.3
"200703","Despesa de consumo das famílias","Taxa trimestre contra trimestre imediatamente anterior",0.6
"200704","Despesa de consumo das famílias","Taxa trimestre contra trimestre imediatamente anterior",2.9
"200801","Despesa de consumo das famílias","Taxa trimestre contra trimestre imediatamente anterior",2.2
"200802","Despesa de consumo das famílias","Taxa trimestre contra trimestre imediatamente anterior",1.1
"200803","Despesa de consumo das famílias","Taxa trimestre contra trimestre imediatamente anterior",1.9
"200804","Despesa de consumo das famílias","Taxa trimestre contra trimestre imediatamente anterior",-1.6
"200901","Despesa de consumo das famílias","Taxa trimestre contra trimestre imediatamente anterior",0.9
"200902","Despesa de consumo das famílias","Taxa trimestre contra trimestre imediatamente anterior",2.9
"200903","Despesa de consumo das famílias","Taxa trimestre contra trimestre imediatamente anterior",2.3
"200904","Despesa de consumo das famílias","Taxa trimestre contra trimestre imediatamente anterior",0.7
"201001","Despesa de consumo das famílias","Taxa trimestre contra trimestre imediatamente anterior",1.4
"201002","Despesa de consumo das famílias","Taxa trimestre contra trimestre imediatamente anterior",1
"201003","Despesa de consumo das famílias","Taxa trimestre contra trimestre imediatamente anterior",2.2
"201004","Despesa de consumo das famílias","Taxa trimestre contra trimestre imediatamente anterior",2.1
"201101","Despesa de consumo das famílias","Taxa trimestre contra trimestre imediatamente anterior",0.9
"201102","Despesa de consumo das famílias","Taxa trimestre contra trimestre imediatamente anterior",1.3
"201103","Despesa de consumo das famílias","Taxa trimestre contra trimestre imediatamente anterior",-0.4
"201104","Despesa de consumo das famílias","Taxa trimestre contra trimestre imediatamente anterior",0.5
"201201","Despesa de consumo das famílias","Taxa trimestre contra trimestre imediatamente anterior",1.4
"201202","Despesa de consumo das famílias","Taxa trimestre contra trimestre imediatamente anterior",0.8
"201203","Despesa de consumo das famílias","Taxa trimestre contra trimestre imediatamente anterior",1.3
"201204","Despesa de consumo das famílias","Taxa trimestre contra trimestre imediatamente anterior",1.1
"201301","Despesa de consumo das famílias","Taxa trimestre contra trimestre imediatamente anterior",0.5
"201302","Despesa de consumo das famílias","Taxa trimestre contra trimestre imediatamente anterior",1.3
"201303","Despesa de consumo das famílias","Taxa trimestre contra trimestre imediatamente anterior",0.6
"201304","Despesa de consumo das famílias","Taxa trimestre contra trimestre imediatamente anterior",-0.1
"201401","Despesa de consumo das famílias","Taxa trimestre contra trimestre imediatamente anterior",1.6
"201402","Despesa de consumo das famílias","Taxa trimestre contra trimestre imediatamente anterior",-0.5
"201403","Despesa de consumo das famílias","Taxa trimestre contra trimestre imediatamente anterior",0.1
"201404","Despesa de consumo das famílias","Taxa trimestre contra trimestre imediatamente anterior",1.5
"201501","Despesa de consumo das famílias","Taxa trimestre contra trimestre imediatamente anterior",-1.7
"201502","Despesa de consumo das famílias","Taxa trimestre contra trimestre imediatamente anterior",-1.9
"201503","Despesa de consumo das famílias","Taxa trimestre contra trimestre imediatamente anterior",-1.8
"201504","Despesa de consumo das famílias","Taxa trimestre contra trimestre imediatamente anterior",-0.7
"201601","Despesa de consumo das famílias","Taxa trimestre contra trimestre imediatamente anterior",-1.3
"201602","Despesa de consumo das famílias","Taxa trimestre contra trimestre imediatamente anterior",-0.6
"201603","Despesa de consumo das famílias","Taxa trimestre contra trimestre imediatamente anterior",-0.4
"201604","Despesa de consumo das famílias","Taxa trimestre contra trimestre imediatamente anterior",-0.2
"201701","Despesa de consumo das famílias","Taxa trimestre contra trimestre imediatamente anterior",0.6
"201702","Despesa de consumo das famílias","Taxa trimestre contra trimestre imediatamente anterior",1.6
"201703","Despesa de consumo das famílias","Taxa trimestre contra trimestre imediatamente anterior",1
"201704","Despesa de consumo das famílias","Taxa trimestre contra trimestre imediatamente anterior",0.3
"201801","Despesa de consumo das famílias","Taxa trimestre contra trimestre imediatamente anterior",0.8
"201802","Despesa de consumo das famílias","Taxa trimestre contra trimestre imediatamente anterior",0.2
"201803","Despesa de consumo das famílias","Taxa trimestre contra trimestre imediatamente anterior",0.6
"201804","Despesa de consumo das famílias","Taxa trimestre contra trimestre imediatamente anterior",0.1
"201901","Despesa de consumo das famílias","Taxa trimestre contra trimestre imediatamente anterior",1.4
"201902","Despesa de consumo das famílias","Taxa trimestre contra trimestre imediatamente anterior",0.4
"201903","Despesa de consumo das famílias","Taxa trimestre contra trimestre imediatamente anterior",0.6
"201904","Despesa de consumo das famílias","Taxa trimestre contra trimestre imediatamente anterior",0.6
"202001","Despesa de consumo das famílias","Taxa trimestre contra trimestre imediatamente anterior",-1
"202002","Despesa de consumo das famílias","Taxa trimestre contra trimestre imediatamente anterior",-11.3
"202003","Despesa de consumo das famílias","Taxa trimestre contra trimestre imediatamente anterior",7.3
"202004","Despesa de consumo das famílias","Taxa trimestre contra trimestre imediatamente anterior",3.6
"202101","Despesa de consumo das famílias","Taxa trimestre contra trimestre imediatamente anterior",0
"202102","Despesa de consumo das famílias","Taxa trimestre contra trimestre imediatamente anterior",-1.4
"202103","Despesa de consumo das famílias","Taxa trimestre contra trimestre imediatamente anterior",1.5
"202104","Despesa de consumo das famílias","Taxa trimestre contra trimestre imediatamente anterior",0.8
"202201","Despesa de consumo das famílias","Taxa trimestre contra trimestre imediatamente anterior",1
"202202","Despesa de consumo das famílias","Taxa trimestre contra trimestre imediatamente anterior",2
"202203","Despesa de consumo das famílias","Taxa trimestre contra trimestre imediatamente anterior",0.7
"202204","Despesa de consumo das famílias","Taxa trimestre contra trimestre imediatamente anterior",1
"202301","Despesa de consumo das famílias","Taxa trimestre contra trimestre imediatamente anterior",0.2
"202302","Despesa de consumo das famílias","Taxa trimestre contra trimestre imediatamente anterior",1
"202303","Despesa de consumo das famílias","Taxa trimestre contra trimestre imediatamente anterior",0.9
"202304","Despesa de consumo das famílias","Taxa trimestre contra trimestre imediatamente anterior",0.8
"202401","Despesa de consumo das famílias","Taxa trimestre contra trimestre imediatamente anterior",2.3
"202402","Despesa de consumo das famílias","Taxa trimestre contra trimestre imediatamente anterior",1.1
"202403","Despesa de consumo das famílias","Taxa trimestre contra trimestre imediatamente anterior",1.3
"202404","Despesa de consumo das famílias","Taxa trimestre contra trimestre imediatamente anterior",-0.6
"202501","Despesa de consumo das famílias","Taxa trimestre contra trimestre imediatamente anterior",0.2
"202502","Despesa de consumo das famílias","Taxa trimestre contra trimestre imediatamente anterior",0.8
"202503","Despesa de consumo das famílias","Taxa trimestre contra trimestre imediatamente anterior",-0.1
"202504","Despesa de consumo das famílias","Taxa trimestre contra trimestre imediatamente anterior",0.1
"202601","Despesa de consumo das famílias","Taxa trimestre contra trimestre imediatamente anterior",0.8
"202602","Despesa de consumo das famílias","Taxa trimestre contra trimestre imediatamente anterior",-0.4
"199602","Despesa de consumo da administração pública","Taxa trimestre contra trimestre imediatamente anterior",1.6
"199603","Despesa de consumo da administração pública","Taxa trimestre contra trimestre imediatamente anterior",3.5
"199604","Despesa de consumo da administração pública","Taxa trimestre contra trimestre imediatamente anterior",-15
"199701","Despesa de consumo da administração pública","Taxa trimestre contra trimestre imediatamente anterior",13.3
"199702","Despesa de consumo da administração pública","Taxa trimestre contra trimestre imediatamente anterior",-0.4
"199703","Despesa de consumo da administração pública","Taxa trimestre contra trimestre imediatamente anterior",-1.6
"199704","Despesa de consumo da administração pública","Taxa trimestre contra trimestre imediatamente anterior",0.7
"199801","Despesa de consumo da administração pública","Taxa trimestre contra trimestre imediatamente anterior",2.4
"199802","Despesa de consumo da administração pública","Taxa trimestre contra trimestre imediatamente anterior",0.7
"199803","Despesa de consumo da administração pública","Taxa trimestre contra trimestre imediatamente anterior",1.7
"199804","Despesa de consumo da administração pública","Taxa trimestre contra trimestre imediatamente anterior",-0.7
"199901","Despesa de consumo da administração pública","Taxa trimestre contra trimestre imediatamente anterior",-1.1
"199902","Despesa de consumo da administração pública","Taxa trimestre contra trimestre imediatamente anterior",1.1
"199903","Despesa de consumo da administração pública","Taxa trimestre contra trimestre imediatamente anterior",2.1
"199904","Despesa de consumo da administração pública","Taxa trimestre contra trimestre imediatamente anterior",1.9
"200001","Despesa de consumo da administração pública","Taxa trimestre contra trimestre imediatamente anterior",-1.7
"200002","Despesa de consumo da administração pública","Taxa trimestre contra trimestre imediatamente anterior",-0.9
"200003","Despesa de consumo da administração pública","Taxa trimestre contra trimestre imediatamente anterior",-1.4
"200004","Despesa de consumo da administração pública","Taxa trimestre contra trimestre imediatamente anterior",1.1
"200101","Despesa de consumo da administração pública","Taxa trimestre contra trimestre imediatamente anterior",2.1
"200102","Despesa de consumo da administração pública","Taxa trimestre contra trimestre imediatamente anterior",0.3
"200103","Despesa de consumo da administração pública","Taxa trimestre contra trimestre imediatamente anterior",0
"200104","Despesa de consumo da administração pública","Taxa trimestre contra trimestre imediatamente anterior",1.2
"200201","Despesa de consumo da administração pública","Taxa trimestre contra trimestre imediatamente anterior",2.6
"200202","Despesa de consumo da administração pública","Taxa trimestre contra trimestre imediatamente anterior",0.1
"200203","Despesa de consumo da administração pública","Taxa trimestre contra trimestre imediatamente anterior",0.2
"200204","Despesa de consumo da administração pública","Taxa trimestre contra trimestre imediatamente anterior",-0.1
"200301","Despesa de consumo da administração pública","Taxa trimestre contra trimestre imediatamente anterior",-0.9
"200302","Despesa de consumo da administração pública","Taxa trimestre contra trimestre imediatamente anterior",1.1
"200303","Despesa de consumo da administração pública","Taxa trimestre contra trimestre imediatamente anterior",2
"200304","Despesa de consumo da administração pública","Taxa trimestre contra trimestre imediatamente anterior",2.6
"200401","Despesa de consumo da administração pública","Taxa trimestre contra trimestre imediatamente anterior",-1.9
"200402","Despesa de consumo da administração pública","Taxa trimestre contra trimestre imediatamente anterior",3.7
"200403","Despesa de consumo da administração pública","Taxa trimestre contra trimestre imediatamente anterior",-0.1
"200404","Despesa de consumo da administração pública","Taxa trimestre contra trimestre imediatamente anterior",-0.4
"200501","Despesa de consumo da administração pública","Taxa trimestre contra trimestre imediatamente anterior",0.5
"200502","Despesa de consumo da administração pública","Taxa trimestre contra trimestre imediatamente anterior",0.6
"200503","Despesa de consumo da administração pública","Taxa trimestre contra trimestre imediatamente anterior",1
"200504","Despesa de consumo da administração pública","Taxa trimestre contra trimestre imediatamente anterior",0
"200601","Despesa de consumo da administração pública","Taxa trimestre contra trimestre imediatamente anterior",1.3
"200602","Despesa de consumo da administração pública","Taxa trimestre contra trimestre imediatamente anterior",0
"200603","Despesa de consumo da administração pública","Taxa trimestre contra trimestre imediatamente anterior",1.2
"200604","Despesa de consumo da administração pública","Taxa trimestre contra trimestre imediatamente anterior",3.7
"200701","Despesa de consumo da administração pública","Taxa trimestre contra trimestre imediatamente anterior",-0.7
"200702","Despesa de consumo da administração pública","Taxa trimestre contra trimestre imediatamente anterior",2.4
"200703","Despesa de consumo da administração pública","Taxa trimestre contra trimestre imediatamente anterior",-0.5
"200704","Despesa de consumo da administração pública","Taxa trimestre contra trimestre imediatamente anterior",-0.5
"200801","Despesa de consumo da administração pública","Taxa trimestre contra trimestre imediatamente anterior",1.6
"200802","Despesa de consumo da administração pública","Taxa trimestre contra trimestre imediatamente anterior",-0.1
"200803","Despesa de consumo da administração pública","Taxa trimestre contra trimestre imediatamente anterior",2.9
"200804","Despesa de consumo da administração pública","Taxa trimestre contra trimestre imediatamente anterior",-3.4
"200901","Despesa de consumo da administração pública","Taxa trimestre contra trimestre imediatamente anterior",3.9
"200902","Despesa de consumo da administração pública","Taxa trimestre contra trimestre imediatamente anterior",-1.2
"200903","Despesa de consumo da administração pública","Taxa trimestre contra trimestre imediatamente anterior",1.1
"200904","Despesa de consumo da administração pública","Taxa trimestre contra trimestre imediatamente anterior",2.4
"201001","Despesa de consumo da administração pública","Taxa trimestre contra trimestre imediatamente anterior",0.8
"201002","Despesa de consumo da administração pública","Taxa trimestre contra trimestre imediatamente anterior",0.6
"201003","Despesa de consumo da administração pública","Taxa trimestre contra trimestre imediatamente anterior",1
"201004","Despesa de consumo da administração pública","Taxa trimestre contra trimestre imediatamente anterior",0.4
"201101","Despesa de consumo da administração pública","Taxa trimestre contra trimestre imediatamente anterior",0.8
"201102","Despesa de consumo da administração pública","Taxa trimestre contra trimestre imediatamente anterior",1
"201103","Despesa de consumo da administração pública","Taxa trimestre contra trimestre imediatamente anterior",-0.4
"201104","Despesa de consumo da administração pública","Taxa trimestre contra trimestre imediatamente anterior",-0.2
"201201","Despesa de consumo da administração pública","Taxa trimestre contra trimestre imediatamente anterior",2
"201202","Despesa de consumo da administração pública","Taxa trimestre contra trimestre imediatamente anterior",0.6
"201203","Despesa de consumo da administração pública","Taxa trimestre contra trimestre imediatamente anterior",-0.5
"201204","Despesa de consumo da administração pública","Taxa trimestre contra trimestre imediatamente anterior",0.9
"201301","Despesa de consumo da administração pública","Taxa trimestre contra trimestre imediatamente anterior",-0.9
"201302","Despesa de consumo da administração pública","Taxa trimestre contra trimestre imediatamente anterior",1.6
"201303","Despesa de consumo da administração pública","Taxa trimestre contra trimestre imediatamente anterior",0.7
"201304","Despesa de consumo da administração pública","Taxa trimestre contra trimestre imediatamente anterior",1.1
"201401","Despesa de consumo da administração pública","Taxa trimestre contra trimestre imediatamente anterior",-1.2
"201402","Despesa de consumo da administração pública","Taxa trimestre contra trimestre imediatamente anterior",0.6
"201403","Despesa de consumo da administração pública","Taxa trimestre contra trimestre imediatamente anterior",0.4
"201404","Despesa de consumo da administração pública","Taxa trimestre contra trimestre imediatamente anterior",-0.8
"201501","Despesa de consumo da administração pública","Taxa trimestre contra trimestre imediatamente anterior",-0.5
"201502","Despesa de consumo da administração pública","Taxa trimestre contra trimestre imediatamente anterior",-0.8
"201503","Despesa de consumo da administração pública","Taxa trimestre contra trimestre imediatamente anterior",0.2
"201504","Despesa de consumo da administração pública","Taxa trimestre contra trimestre imediatamente anterior",-0.9
"201601","Despesa de consumo da administração pública","Taxa trimestre contra trimestre imediatamente anterior",1.5
"201602","Despesa de consumo da administração pública","Taxa trimestre contra trimestre imediatamente anterior",-0.3
"201603","Despesa de consumo da administração pública","Taxa trimestre contra trimestre imediatamente anterior",-0.4
"201604","Despesa de consumo da administração pública","Taxa trimestre contra trimestre imediatamente anterior",-0.2
"201701","Despesa de consumo da administração pública","Taxa trimestre contra trimestre imediatamente anterior",-0.6
"201702","Despesa de consumo da administração pública","Taxa trimestre contra trimestre imediatamente anterior",0.2
"201703","Despesa de consumo da administração pública","Taxa trimestre contra trimestre imediatamente anterior",-0.1
"201704","Despesa de consumo da administração pública","Taxa trimestre contra trimestre imediatamente anterior",1.1
"201801","Despesa de consumo da administração pública","Taxa trimestre contra trimestre imediatamente anterior",-0.1
"201802","Despesa de consumo da administração pública","Taxa trimestre contra trimestre imediatamente anterior",0.2
"201803","Despesa de consumo da administração pública","Taxa trimestre contra trimestre imediatamente anterior",0.4
"201804","Despesa de consumo da administração pública","Taxa trimestre contra trimestre imediatamente anterior",-1.3
"201901","Despesa de consumo da administração pública","Taxa trimestre contra trimestre imediatamente anterior",0.4
"201902","Despesa de consumo da administração pública","Taxa trimestre contra trimestre imediatamente anterior",0
"201903","Despesa de consumo da administração pública","Taxa trimestre contra trimestre imediatamente anterior",-0.3
"201904","Despesa de consumo da administração pública","Taxa trimestre contra trimestre imediatamente anterior",-0.1
"202001","Despesa de consumo da administração pública","Taxa trimestre contra trimestre imediatamente anterior",0.4
"202002","Despesa de consumo da administração pública","Taxa trimestre contra trimestre imediatamente anterior",-8.1
"202003","Despesa de consumo da administração pública","Taxa trimestre contra trimestre imediatamente anterior",3.5
"202004","Despesa de consumo da administração pública","Taxa trimestre contra trimestre imediatamente anterior",2.3
"202101","Despesa de consumo da administração pública","Taxa trimestre contra trimestre imediatamente anterior",0.9
"202102","Despesa de consumo da administração pública","Taxa trimestre contra trimestre imediatamente anterior",1.3
"202103","Despesa de consumo da administração pública","Taxa trimestre contra trimestre imediatamente anterior",1.3
"202104","Despesa de consumo da administração pública","Taxa trimestre contra trimestre imediatamente anterior",1.3
"202201","Despesa de consumo da administração pública","Taxa trimestre contra trimestre imediatamente anterior",0.1
"202202","Despesa de consumo da administração pública","Taxa trimestre contra trimestre imediatamente anterior",-0.9
"202203","Despesa de consumo da administração pública","Taxa trimestre contra trimestre imediatamente anterior",2
"202204","Despesa de consumo da administração pública","Taxa trimestre contra trimestre imediatamente anterior",-0.9
"202301","Despesa de consumo da administração pública","Taxa trimestre contra trimestre imediatamente anterior",1.4
"202302","Despesa de consumo da administração pública","Taxa trimestre contra trimestre imediatamente anterior",2.4
"202303","Despesa de consumo da administração pública","Taxa trimestre contra trimestre imediatamente anterior",0.4
"202304","Despesa de consumo da administração pública","Taxa trimestre contra trimestre imediatamente anterior",1.1
"202401","Despesa de consumo da administração pública","Taxa trimestre contra trimestre imediatamente anterior",-0.4
"202402","Despesa de consumo da administração pública","Taxa trimestre contra trimestre imediatamente anterior",1
"202403","Despesa de consumo da administração pública","Taxa trimestre contra trimestre imediatamente anterior",0.5
"202404","Despesa de consumo da administração pública","Taxa trimestre contra trimestre imediatamente anterior",-1
"202501","Despesa de consumo da administração pública","Taxa trimestre contra trimestre imediatamente anterior",1.5
"202502","Despesa de consumo da administração pública","Taxa trimestre contra trimestre imediatamente anterior",0
"202503","Despesa de consumo da administração pública","Taxa trimestre contra trimestre imediatamente anterior",1.3
"202504","Despesa de consumo da administração pública","Taxa trimestre contra trimestre imediatamente anterior",1
"202601","Despesa de consumo da administração pública","Taxa trimestre contra trimestre imediatamente anterior",0.4
"202602","Despesa de consumo da administração pública","Taxa trimestre contra trimestre imediatamente anterior",0.4
"199602","Formação bruta de capital fixo","Taxa trimestre contra trimestre imediatamente anterior",1.9
"199603","Formação bruta de capital fixo","Taxa trimestre contra trimestre imediatamente anterior",3.7
"199604","Formação bruta de capital fixo","Taxa trimestre contra trimestre imediatamente anterior",4.3
"199701","Formação bruta de capital fixo","Taxa trimestre contra trimestre imediatamente anterior",0.9
"199702","Formação bruta de capital fixo","Taxa trimestre contra trimestre imediatamente anterior",1.4
"199703","Formação bruta de capital fixo","Taxa trimestre contra trimestre imediatamente anterior",2
"199704","Formação bruta de capital fixo","Taxa trimestre contra trimestre imediatamente anterior",-0.7
"199801","Formação bruta de capital fixo","Taxa trimestre contra trimestre imediatamente anterior",0.5
"199802","Formação bruta de capital fixo","Taxa trimestre contra trimestre imediatamente anterior",0.4
"199803","Formação bruta de capital fixo","Taxa trimestre contra trimestre imediatamente anterior",-1.3
"199804","Formação bruta de capital fixo","Taxa trimestre contra trimestre imediatamente anterior",-4.5
"199901","Formação bruta de capital fixo","Taxa trimestre contra trimestre imediatamente anterior",-3.6
"199902","Formação bruta de capital fixo","Taxa trimestre contra trimestre imediatamente anterior",-1.2
"199903","Formação bruta de capital fixo","Taxa trimestre contra trimestre imediatamente anterior",-2.3
"199904","Formação bruta de capital fixo","Taxa trimestre contra trimestre imediatamente anterior",2
"200001","Formação bruta de capital fixo","Taxa trimestre contra trimestre imediatamente anterior",0.7
"200002","Formação bruta de capital fixo","Taxa trimestre contra trimestre imediatamente anterior",4.1
"200003","Formação bruta de capital fixo","Taxa trimestre contra trimestre imediatamente anterior",0
"200004","Formação bruta de capital fixo","Taxa trimestre contra trimestre imediatamente anterior",3.6
"200101","Formação bruta de capital fixo","Taxa trimestre contra trimestre imediatamente anterior",1.7
"200102","Formação bruta de capital fixo","Taxa trimestre contra trimestre imediatamente anterior",-2.6
"200103","Formação bruta de capital fixo","Taxa trimestre contra trimestre imediatamente anterior",-1.4
"200104","Formação bruta de capital fixo","Taxa trimestre contra trimestre imediatamente anterior",-5.6
"200201","Formação bruta de capital fixo","Taxa trimestre contra trimestre imediatamente anterior",1.2
"200202","Formação bruta de capital fixo","Taxa trimestre contra trimestre imediatamente anterior",2.3
"200203","Formação bruta de capital fixo","Taxa trimestre contra trimestre imediatamente anterior",1.6
"200204","Formação bruta de capital fixo","Taxa trimestre contra trimestre imediatamente anterior",2.1
"200301","Formação bruta de capital fixo","Taxa trimestre contra trimestre imediatamente anterior",-2.9
"200302","Formação bruta de capital fixo","Taxa trimestre contra trimestre imediatamente anterior",-7
"200303","Formação bruta de capital fixo","Taxa trimestre contra trimestre imediatamente anterior",0.7
"200304","Formação bruta de capital fixo","Taxa trimestre contra trimestre imediatamente anterior",4.5
"200401","Formação bruta de capital fixo","Taxa trimestre contra trimestre imediatamente anterior",3.3
"200402","Formação bruta de capital fixo","Taxa trimestre contra trimestre imediatamente anterior",3.3
"200403","Formação bruta de capital fixo","Taxa trimestre contra trimestre imediatamente anterior",2
"200404","Formação bruta de capital fixo","Taxa trimestre contra trimestre imediatamente anterior",-1.7
"200501","Formação bruta de capital fixo","Taxa trimestre contra trimestre imediatamente anterior",-1.8
"200502","Formação bruta de capital fixo","Taxa trimestre contra trimestre imediatamente anterior",4.7
"200503","Formação bruta de capital fixo","Taxa trimestre contra trimestre imediatamente anterior",-0.6
"200504","Formação bruta de capital fixo","Taxa trimestre contra trimestre imediatamente anterior",0.2
"200601","Formação bruta de capital fixo","Taxa trimestre contra trimestre imediatamente anterior",4.9
"200602","Formação bruta de capital fixo","Taxa trimestre contra trimestre imediatamente anterior",-0.6
"200603","Formação bruta de capital fixo","Taxa trimestre contra trimestre imediatamente anterior",0.9
"200604","Formação bruta de capital fixo","Taxa trimestre contra trimestre imediatamente anterior",3.2
"200701","Formação bruta de capital fixo","Taxa trimestre contra trimestre imediatamente anterior",4.1
"200702","Formação bruta de capital fixo","Taxa trimestre contra trimestre imediatamente anterior",4
"200703","Formação bruta de capital fixo","Taxa trimestre contra trimestre imediatamente anterior",1.8
"200704","Formação bruta de capital fixo","Taxa trimestre contra trimestre imediatamente anterior",2.7
"200801","Formação bruta de capital fixo","Taxa trimestre contra trimestre imediatamente anterior",3.4
"200802","Formação bruta de capital fixo","Taxa trimestre contra trimestre imediatamente anterior",5.5
"200803","Formação bruta de capital fixo","Taxa trimestre contra trimestre imediatamente anterior",5
"200804","Formação bruta de capital fixo","Taxa trimestre contra trimestre imediatamente anterior",-8.1
"200901","Formação bruta de capital fixo","Taxa trimestre contra trimestre imediatamente anterior",-10.8
"200902","Formação bruta de capital fixo","Taxa trimestre contra trimestre imediatamente anterior",6.9
"200903","Formação bruta de capital fixo","Taxa trimestre contra trimestre imediatamente anterior",9.7
"200904","Formação bruta de capital fixo","Taxa trimestre contra trimestre imediatamente anterior",7.8
"201001","Formação bruta de capital fixo","Taxa trimestre contra trimestre imediatamente anterior",2.2
"201002","Formação bruta de capital fixo","Taxa trimestre contra trimestre imediatamente anterior",1.8
"201003","Formação bruta de capital fixo","Taxa trimestre contra trimestre imediatamente anterior",3
"201004","Formação bruta de capital fixo","Taxa trimestre contra trimestre imediatamente anterior",0.7
"201101","Formação bruta de capital fixo","Taxa trimestre contra trimestre imediatamente anterior",2.3
"201102","Formação bruta de capital fixo","Taxa trimestre contra trimestre imediatamente anterior",1.8
"201103","Formação bruta de capital fixo","Taxa trimestre contra trimestre imediatamente anterior",1.2
"201104","Formação bruta de capital fixo","Taxa trimestre contra trimestre imediatamente anterior",0.1
"201201","Formação bruta de capital fixo","Taxa trimestre contra trimestre imediatamente anterior",-0.5
"201202","Formação bruta de capital fixo","Taxa trimestre contra trimestre imediatamente anterior",0.2
"201203","Formação bruta de capital fixo","Taxa trimestre contra trimestre imediatamente anterior",-0.9
"201204","Formação bruta de capital fixo","Taxa trimestre contra trimestre imediatamente anterior",2
"201301","Formação bruta de capital fixo","Taxa trimestre contra trimestre imediatamente anterior",1.2
"201302","Formação bruta de capital fixo","Taxa trimestre contra trimestre imediatamente anterior",5.9
"201303","Formação bruta de capital fixo","Taxa trimestre contra trimestre imediatamente anterior",-1.4
"201304","Formação bruta de capital fixo","Taxa trimestre contra trimestre imediatamente anterior",-1
"201401","Formação bruta de capital fixo","Taxa trimestre contra trimestre imediatamente anterior",0.3
"201402","Formação bruta de capital fixo","Taxa trimestre contra trimestre imediatamente anterior",-4.4
"201403","Formação bruta de capital fixo","Taxa trimestre contra trimestre imediatamente anterior",-2.3
"201404","Formação bruta de capital fixo","Taxa trimestre contra trimestre imediatamente anterior",-0.2
"201501","Formação bruta de capital fixo","Taxa trimestre contra trimestre imediatamente anterior",-3.1
"201502","Formação bruta de capital fixo","Taxa trimestre contra trimestre imediatamente anterior",-7
"201503","Formação bruta de capital fixo","Taxa trimestre contra trimestre imediatamente anterior",-5.6
"201504","Formação bruta de capital fixo","Taxa trimestre contra trimestre imediatamente anterior",-5.3
"201601","Formação bruta de capital fixo","Taxa trimestre contra trimestre imediatamente anterior",-2.3
"201602","Formação bruta de capital fixo","Taxa trimestre contra trimestre imediatamente anterior",2.5
"201603","Formação bruta de capital fixo","Taxa trimestre contra trimestre imediatamente anterior",-6.1
"201604","Formação bruta de capital fixo","Taxa trimestre contra trimestre imediatamente anterior",-1.8
"201701","Formação bruta de capital fixo","Taxa trimestre contra trimestre imediatamente anterior",0.4
"201702","Formação bruta de capital fixo","Taxa trimestre contra trimestre imediatamente anterior",-0.1
"201703","Formação bruta de capital fixo","Taxa trimestre contra trimestre imediatamente anterior",0.4
"201704","Formação bruta de capital fixo","Taxa trimestre contra trimestre imediatamente anterior",3.2
"201801","Formação bruta de capital fixo","Taxa trimestre contra trimestre imediatamente anterior",-0.1
"201802","Formação bruta de capital fixo","Taxa trimestre contra trimestre imediatamente anterior",0.6
"201803","Formação bruta de capital fixo","Taxa trimestre contra trimestre imediatamente anterior",5.3
"201804","Formação bruta de capital fixo","Taxa trimestre contra trimestre imediatamente anterior",-1.6
"201901","Formação bruta de capital fixo","Taxa trimestre contra trimestre imediatamente anterior",-1.2
"201902","Formação bruta de capital fixo","Taxa trimestre contra trimestre imediatamente anterior",5.1
"201903","Formação bruta de capital fixo","Taxa trimestre contra trimestre imediatamente anterior",2.8
"201904","Formação bruta de capital fixo","Taxa trimestre contra trimestre imediatamente anterior",-5.6
"202001","Formação bruta de capital fixo","Taxa trimestre contra trimestre imediatamente anterior",4.9
"202002","Formação bruta de capital fixo","Taxa trimestre contra trimestre imediatamente anterior",-16
"202003","Formação bruta de capital fixo","Taxa trimestre contra trimestre imediatamente anterior",9.8
"202004","Formação bruta de capital fixo","Taxa trimestre contra trimestre imediatamente anterior",14
"202101","Formação bruta de capital fixo","Taxa trimestre contra trimestre imediatamente anterior",6.2
"202102","Formação bruta de capital fixo","Taxa trimestre contra trimestre imediatamente anterior",-4.8
"202103","Formação bruta de capital fixo","Taxa trimestre contra trimestre imediatamente anterior",-0.1
"202104","Formação bruta de capital fixo","Taxa trimestre contra trimestre imediatamente anterior",0.7
"202201","Formação bruta de capital fixo","Taxa trimestre contra trimestre imediatamente anterior",-1.9
"202202","Formação bruta de capital fixo","Taxa trimestre contra trimestre imediatamente anterior",3.3
"202203","Formação bruta de capital fixo","Taxa trimestre contra trimestre imediatamente anterior",3.2
"202204","Formação bruta de capital fixo","Taxa trimestre contra trimestre imediatamente anterior",-1.1
"202301","Formação bruta de capital fixo","Taxa trimestre contra trimestre imediatamente anterior",-3.8
"202302","Formação bruta de capital fixo","Taxa trimestre contra trimestre imediatamente anterior",0.2
"202303","Formação bruta de capital fixo","Taxa trimestre contra trimestre imediatamente anterior",-2.3
"202304","Formação bruta de capital fixo","Taxa trimestre contra trimestre imediatamente anterior",1.7
"202401","Formação bruta de capital fixo","Taxa trimestre contra trimestre imediatamente anterior",2.9
"202402","Formação bruta de capital fixo","Taxa trimestre contra trimestre imediatamente anterior",2.8
"202403","Formação bruta de capital fixo","Taxa trimestre contra trimestre imediatamente anterior",2.3
"202404","Formação bruta de capital fixo","Taxa trimestre contra trimestre imediatamente anterior",1.3
"202501","Formação bruta de capital fixo","Taxa trimestre contra trimestre imediatamente anterior",2.2
"202502","Formação bruta de capital fixo","Taxa trimestre contra trimestre imediatamente anterior",-1.9
"202503","Formação bruta de capital fixo","Taxa trimestre contra trimestre imediatamente anterior",0.7
"202504","Formação bruta de capital fixo","Taxa trimestre contra trimestre imediatamente anterior",-3.8
"202601","Formação bruta de capital fixo","Taxa trimestre contra trimestre imediatamente anterior",3.4
"202602","Formação bruta de capital fixo","Taxa trimestre contra trimestre imediatamente anterior",1.2
"199602","Exportação de bens e serviços","Taxa trimestre contra trimestre imediatamente anterior",-2.9
"199603","Exportação de bens e serviços","Taxa trimestre contra trimestre imediatamente anterior",-0.5
"199604","Exportação de bens e serviços","Taxa trimestre contra trimestre imediatamente anterior",3.1
"199701","Exportação de bens e serviços","Taxa trimestre contra trimestre imediatamente anterior",6.4
"199702","Exportação de bens e serviços","Taxa trimestre contra trimestre imediatamente anterior",6.4
"199703","Exportação de bens e serviços","Taxa trimestre contra trimestre imediatamente anterior",2
"199704","Exportação de bens e serviços","Taxa trimestre contra trimestre imediatamente anterior",-4.6
"199801","Exportação de bens e serviços","Taxa trimestre contra trimestre imediatamente anterior",6
"199802","Exportação de bens e serviços","Taxa trimestre contra trimestre imediatamente anterior",2.7
"199803","Exportação de bens e serviços","Taxa trimestre contra trimestre imediatamente anterior",-4.3
"199804","Exportação de bens e serviços","Taxa trimestre contra trimestre imediatamente anterior",0.4
"199901","Exportação de bens e serviços","Taxa trimestre contra trimestre imediatamente anterior",1.9
"199902","Exportação de bens e serviços","Taxa trimestre contra trimestre imediatamente anterior",2.3
"199903","Exportação de bens e serviços","Taxa trimestre contra trimestre imediatamente anterior",-1.4
"199904","Exportação de bens e serviços","Taxa trimestre contra trimestre imediatamente anterior",15.8
"200001","Exportação de bens e serviços","Taxa trimestre contra trimestre imediatamente anterior",-2.1
"200002","Exportação de bens e serviços","Taxa trimestre contra trimestre imediatamente anterior",0.9
"200003","Exportação de bens e serviços","Taxa trimestre contra trimestre imediatamente anterior",8.7
"200004","Exportação de bens e serviços","Taxa trimestre contra trimestre imediatamente anterior",-2.8
"200101","Exportação de bens e serviços","Taxa trimestre contra trimestre imediatamente anterior",5.7
"200102","Exportação de bens e serviços","Taxa trimestre contra trimestre imediatamente anterior",3.1
"200103","Exportação de bens e serviços","Taxa trimestre contra trimestre imediatamente anterior",-3
"200104","Exportação de bens e serviços","Taxa trimestre contra trimestre imediatamente anterior",-1.3
"200201","Exportação de bens e serviços","Taxa trimestre contra trimestre imediatamente anterior",1.5
"200202","Exportação de bens e serviços","Taxa trimestre contra trimestre imediatamente anterior",-8
"200203","Exportação de bens e serviços","Taxa trimestre contra trimestre imediatamente anterior",27.7
"200204","Exportação de bens e serviços","Taxa trimestre contra trimestre imediatamente anterior",0.5
"200301","Exportação de bens e serviços","Taxa trimestre contra trimestre imediatamente anterior",-3.5
"200302","Exportação de bens e serviços","Taxa trimestre contra trimestre imediatamente anterior",3.5
"200303","Exportação de bens e serviços","Taxa trimestre contra trimestre imediatamente anterior",0.9
"200304","Exportação de bens e serviços","Taxa trimestre contra trimestre imediatamente anterior",4.1
"200401","Exportação de bens e serviços","Taxa trimestre contra trimestre imediatamente anterior",4.5
"200402","Exportação de bens e serviços","Taxa trimestre contra trimestre imediatamente anterior",3.2
"200403","Exportação de bens e serviços","Taxa trimestre contra trimestre imediatamente anterior",1.8
"200404","Exportação de bens e serviços","Taxa trimestre contra trimestre imediatamente anterior",3.3
"200501","Exportação de bens e serviços","Taxa trimestre contra trimestre imediatamente anterior",4.5
"200502","Exportação de bens e serviços","Taxa trimestre contra trimestre imediatamente anterior",1.1
"200503","Exportação de bens e serviços","Taxa trimestre contra trimestre imediatamente anterior",1.7
"200504","Exportação de bens e serviços","Taxa trimestre contra trimestre imediatamente anterior",1.6
"200601","Exportação de bens e serviços","Taxa trimestre contra trimestre imediatamente anterior",2
"200602","Exportação de bens e serviços","Taxa trimestre contra trimestre imediatamente anterior",-7.2
"200603","Exportação de bens e serviços","Taxa trimestre contra trimestre imediatamente anterior",14
"200604","Exportação de bens e serviços","Taxa trimestre contra trimestre imediatamente anterior",-2.5
"200701","Exportação de bens e serviços","Taxa trimestre contra trimestre imediatamente anterior",2.7
"200702","Exportação de bens e serviços","Taxa trimestre contra trimestre imediatamente anterior",-1.6
"200703","Exportação de bens e serviços","Taxa trimestre contra trimestre imediatamente anterior",2.1
"200704","Exportação de bens e serviços","Taxa trimestre contra trimestre imediatamente anterior",1
"200801","Exportação de bens e serviços","Taxa trimestre contra trimestre imediatamente anterior",-2.8
"200802","Exportação de bens e serviços","Taxa trimestre contra trimestre imediatamente anterior",5.3
"200803","Exportação de bens e serviços","Taxa trimestre contra trimestre imediatamente anterior",-2.1
"200804","Exportação de bens e serviços","Taxa trimestre contra trimestre imediatamente anterior",-6.3
"200901","Exportação de bens e serviços","Taxa trimestre contra trimestre imediatamente anterior",-6.7
"200902","Exportação de bens e serviços","Taxa trimestre contra trimestre imediatamente anterior",4.8
"200903","Exportação de bens e serviços","Taxa trimestre contra trimestre imediatamente anterior",-2
"200904","Exportação de bens e serviços","Taxa trimestre contra trimestre imediatamente anterior",0.1
"201001","Exportação de bens e serviços","Taxa trimestre contra trimestre imediatamente anterior",11
"201002","Exportação de bens e serviços","Taxa trimestre contra trimestre imediatamente anterior",-1.9
"201003","Exportação de bens e serviços","Taxa trimestre contra trimestre imediatamente anterior",3.6
"201004","Exportação de bens e serviços","Taxa trimestre contra trimestre imediatamente anterior",0.5
"201101","Exportação de bens e serviços","Taxa trimestre contra trimestre imediatamente anterior",1.8
"201102","Exportação de bens e serviços","Taxa trimestre contra trimestre imediatamente anterior",0.4
"201103","Exportação de bens e serviços","Taxa trimestre contra trimestre imediatamente anterior",2.2
"201104","Exportação de bens e serviços","Taxa trimestre contra trimestre imediatamente anterior",1.4
"201201","Exportação de bens e serviços","Taxa trimestre contra trimestre imediatamente anterior",-1.4
"201202","Exportação de bens e serviços","Taxa trimestre contra trimestre imediatamente anterior",-3.9
"201203","Exportação de bens e serviços","Taxa trimestre contra trimestre imediatamente anterior",2.3
"201204","Exportação de bens e serviços","Taxa trimestre contra trimestre imediatamente anterior",4.6
"201301","Exportação de bens e serviços","Taxa trimestre contra trimestre imediatamente anterior",-4.9
"201302","Exportação de bens e serviços","Taxa trimestre contra trimestre imediatamente anterior",3.2
"201303","Exportação de bens e serviços","Taxa trimestre contra trimestre imediatamente anterior",-1.8
"201304","Exportação de bens e serviços","Taxa trimestre contra trimestre imediatamente anterior",8
"201401","Exportação de bens e serviços","Taxa trimestre contra trimestre imediatamente anterior",-6.9
"201402","Exportação de bens e serviços","Taxa trimestre contra trimestre imediatamente anterior",-0.7
"201403","Exportação de bens e serviços","Taxa trimestre contra trimestre imediatamente anterior",4.9
"201404","Exportação de bens e serviços","Taxa trimestre contra trimestre imediatamente anterior",-6.9
"201501","Exportação de bens e serviços","Taxa trimestre contra trimestre imediatamente anterior",6.2
"201502","Exportação de bens e serviços","Taxa trimestre contra trimestre imediatamente anterior",4.9
"201503","Exportação de bens e serviços","Taxa trimestre contra trimestre imediatamente anterior",-1.5
"201504","Exportação de bens e serviços","Taxa trimestre contra trimestre imediatamente anterior",3.5
"201601","Exportação de bens e serviços","Taxa trimestre contra trimestre imediatamente anterior",0.5
"201602","Exportação de bens e serviços","Taxa trimestre contra trimestre imediatamente anterior",0.2
"201603","Exportação de bens e serviços","Taxa trimestre contra trimestre imediatamente anterior",-5
"201604","Exportação de bens e serviços","Taxa trimestre contra trimestre imediatamente anterior",-2.2
"201701","Exportação de bens e serviços","Taxa trimestre contra trimestre imediatamente anterior",8.8
"201702","Exportação de bens e serviços","Taxa trimestre contra trimestre imediatamente anterior",1.4
"201703","Exportação de bens e serviços","Taxa trimestre contra trimestre imediatamente anterior",1.6
"201704","Exportação de bens e serviços","Taxa trimestre contra trimestre imediatamente anterior",-3.2
"201801","Exportação de bens e serviços","Taxa trimestre contra trimestre imediatamente anterior",4.8
"201802","Exportação de bens e serviços","Taxa trimestre contra trimestre imediatamente anterior",-5.3
"201803","Exportação de bens e serviços","Taxa trimestre contra trimestre imediatamente anterior",6.9
"201804","Exportação de bens e serviços","Taxa trimestre contra trimestre imediatamente anterior",3.3
"201901","Exportação de bens e serviços","Taxa trimestre contra trimestre imediatamente anterior",-4.6
"201902","Exportação de bens e serviços","Taxa trimestre contra trimestre imediatamente anterior",-4.5
"201903","Exportação de bens e serviços","Taxa trimestre contra trimestre imediatamente anterior",0.7
"201904","Exportação de bens e serviços","Taxa trimestre contra trimestre imediatamente anterior",3.3
"202001","Exportação de bens e serviços","Taxa trimestre contra trimestre imediatamente anterior",-3.6
"202002","Exportação de bens e serviços","Taxa trimestre contra trimestre imediatamente anterior",-0.3
"202003","Exportação de bens e serviços","Taxa trimestre contra trimestre imediatamente anterior",-0.9
"202004","Exportação de bens e serviços","Taxa trimestre contra trimestre imediatamente anterior",-0.6
"202101","Exportação de bens e serviços","Taxa trimestre contra trimestre imediatamente anterior",4.1
"202102","Exportação de bens e serviços","Taxa trimestre contra trimestre imediatamente anterior",9.5
"202103","Exportação de bens e serviços","Taxa trimestre contra trimestre imediatamente anterior",-9.5
"202104","Exportação de bens e serviços","Taxa trimestre contra trimestre imediatamente anterior",-0.5
"202201","Exportação de bens e serviços","Taxa trimestre contra trimestre imediatamente anterior",9.7
"202202","Exportação de bens e serviços","Taxa trimestre contra trimestre imediatamente anterior",-3.5
"202203","Exportação de bens e serviços","Taxa trimestre contra trimestre imediatamente anterior",2.8
"202204","Exportação de bens e serviços","Taxa trimestre contra trimestre imediatamente anterior",4.5
"202301","Exportação de bens e serviços","Taxa trimestre contra trimestre imediatamente anterior",1.3
"202302","Exportação de bens e serviços","Taxa trimestre contra trimestre imediatamente anterior",2.8
"202303","Exportação de bens e serviços","Taxa trimestre contra trimestre imediatamente anterior",2.3
"202304","Exportação de bens e serviços","Taxa trimestre contra trimestre imediatamente anterior",0.6
"202401","Exportação de bens e serviços","Taxa trimestre contra trimestre imediatamente anterior",-0.7
"202402","Exportação de bens e serviços","Taxa trimestre contra trimestre imediatamente anterior",2.3
"202403","Exportação de bens e serviços","Taxa trimestre contra trimestre imediatamente anterior",-1.6
"202404","Exportação de bens e serviços","Taxa trimestre contra trimestre imediatamente anterior",-2.2
"202501","Exportação de bens e serviços","Taxa trimestre contra trimestre imediatamente anterior",4.5
"202502","Exportação de bens e serviços","Taxa trimestre contra trimestre imediatamente anterior",1.8
"202503","Exportação de bens e serviços","Taxa trimestre contra trimestre imediatamente anterior",3.3
"202504","Exportação de bens e serviços","Taxa trimestre contra trimestre imediatamente anterior",3.8
"202601","Exportação de bens e serviços","Taxa trimestre contra trimestre imediatamente anterior",-2.1
"202602","Exportação de bens e serviços","Taxa trimestre contra trimestre imediatamente anterior",-0.8
"199602","Importação de bens e serviços (-)","Taxa trimestre contra trimestre imediatamente anterior",9.1
"199603","Importação de bens e serviços (-)","Taxa trimestre contra trimestre imediatamente anterior",7.4
"199604","Importação de bens e serviços (-)","Taxa trimestre contra trimestre imediatamente anterior",10.9
"199701","Importação de bens e serviços (-)","Taxa trimestre contra trimestre imediatamente anterior",-0.3
"199702","Importação de bens e serviços (-)","Taxa trimestre contra trimestre imediatamente anterior",4.2
"199703","Importação de bens e serviços (-)","Taxa trimestre contra trimestre imediatamente anterior",0.6
"199704","Importação de bens e serviços (-)","Taxa trimestre contra trimestre imediatamente anterior",-6
"199801","Importação de bens e serviços (-)","Taxa trimestre contra trimestre imediatamente anterior",9
"199802","Importação de bens e serviços (-)","Taxa trimestre contra trimestre imediatamente anterior",-5.4
"199803","Importação de bens e serviços (-)","Taxa trimestre contra trimestre imediatamente anterior",1
"199804","Importação de bens e serviços (-)","Taxa trimestre contra trimestre imediatamente anterior",-5.7
"199901","Importação de bens e serviços (-)","Taxa trimestre contra trimestre imediatamente anterior",-9.8
"199902","Importação de bens e serviços (-)","Taxa trimestre contra trimestre imediatamente anterior",-1.2
"199903","Importação de bens e serviços (-)","Taxa trimestre contra trimestre imediatamente anterior",-3.4
"199904","Importação de bens e serviços (-)","Taxa trimestre contra trimestre imediatamente anterior",7
"200001","Importação de bens e serviços (-)","Taxa trimestre contra trimestre imediatamente anterior",-0.9
"200002","Importação de bens e serviços (-)","Taxa trimestre contra trimestre imediatamente anterior",4.5
"200003","Importação de bens e serviços (-)","Taxa trimestre contra trimestre imediatamente anterior",8.6
"200004","Importação de bens e serviços (-)","Taxa trimestre contra trimestre imediatamente anterior",3.4
"200101","Importação de bens e serviços (-)","Taxa trimestre contra trimestre imediatamente anterior",4.3
"200102","Importação de bens e serviços (-)","Taxa trimestre contra trimestre imediatamente anterior",-3.8
"200103","Importação de bens e serviços (-)","Taxa trimestre contra trimestre imediatamente anterior",-8.3
"200104","Importação de bens e serviços (-)","Taxa trimestre contra trimestre imediatamente anterior",-5.9
"200201","Importação de bens e serviços (-)","Taxa trimestre contra trimestre imediatamente anterior",-1.2
"200202","Importação de bens e serviços (-)","Taxa trimestre contra trimestre imediatamente anterior",-2.4
"200203","Importação de bens e serviços (-)","Taxa trimestre contra trimestre imediatamente anterior",-0.8
"200204","Importação de bens e serviços (-)","Taxa trimestre contra trimestre imediatamente anterior",-4.2
"200301","Importação de bens e serviços (-)","Taxa trimestre contra trimestre imediatamente anterior",1.7
"200302","Importação de bens e serviços (-)","Taxa trimestre contra trimestre imediatamente anterior",-0.7
"200303","Importação de bens e serviços (-)","Taxa trimestre contra trimestre imediatamente anterior",-0.4
"200304","Importação de bens e serviços (-)","Taxa trimestre contra trimestre imediatamente anterior",10.5
"200401","Importação de bens e serviços (-)","Taxa trimestre contra trimestre imediatamente anterior",-1.5
"200402","Importação de bens e serviços (-)","Taxa trimestre contra trimestre imediatamente anterior",3.8
"200403","Importação de bens e serviços (-)","Taxa trimestre contra trimestre imediatamente anterior",0
"200404","Importação de bens e serviços (-)","Taxa trimestre contra trimestre imediatamente anterior",3.9
"200501","Importação de bens e serviços (-)","Taxa trimestre contra trimestre imediatamente anterior",2.5
"200502","Importação de bens e serviços (-)","Taxa trimestre contra trimestre imediatamente anterior",2.2
"200503","Importação de bens e serviços (-)","Taxa trimestre contra trimestre imediatamente anterior",-1.4
"200504","Importação de bens e serviços (-)","Taxa trimestre contra trimestre imediatamente anterior",3.6
"200601","Importação de bens e serviços (-)","Taxa trimestre contra trimestre imediatamente anterior",8.1
"200602","Importação de bens e serviços (-)","Taxa trimestre contra trimestre imediatamente anterior",2.8
"200603","Importação de bens e serviços (-)","Taxa trimestre contra trimestre imediatamente anterior",6.1
"200604","Importação de bens e serviços (-)","Taxa trimestre contra trimestre imediatamente anterior",3.5
"200701","Importação de bens e serviços (-)","Taxa trimestre contra trimestre imediatamente anterior",6.2
"200702","Importação de bens e serviços (-)","Taxa trimestre contra trimestre imediatamente anterior",1.3
"200703","Importação de bens e serviços (-)","Taxa trimestre contra trimestre imediatamente anterior",6.8
"200704","Importação de bens e serviços (-)","Taxa trimestre contra trimestre imediatamente anterior",3.6
"200801","Importação de bens e serviços (-)","Taxa trimestre contra trimestre imediatamente anterior",3.7
"200802","Importação de bens e serviços (-)","Taxa trimestre contra trimestre imediatamente anterior",7.8
"200803","Importação de bens e serviços (-)","Taxa trimestre contra trimestre imediatamente anterior",2.9
"200804","Importação de bens e serviços (-)","Taxa trimestre contra trimestre imediatamente anterior",-6.1
"200901","Importação de bens e serviços (-)","Taxa trimestre contra trimestre imediatamente anterior",-14.6
"200902","Importação de bens e serviços (-)","Taxa trimestre contra trimestre imediatamente anterior",5.5
"200903","Importação de bens e serviços (-)","Taxa trimestre contra trimestre imediatamente anterior",5
"200904","Importação de bens e serviços (-)","Taxa trimestre contra trimestre imediatamente anterior",11.9
"201001","Importação de bens e serviços (-)","Taxa trimestre contra trimestre imediatamente anterior",12.4
"201002","Importação de bens e serviços (-)","Taxa trimestre contra trimestre imediatamente anterior",2.4
"201003","Importação de bens e serviços (-)","Taxa trimestre contra trimestre imediatamente anterior",7.6
"201004","Importação de bens e serviços (-)","Taxa trimestre contra trimestre imediatamente anterior",0.4
"201101","Importação de bens e serviços (-)","Taxa trimestre contra trimestre imediatamente anterior",0.8
"201102","Importação de bens e serviços (-)","Taxa trimestre contra trimestre imediatamente anterior",4.3
"201103","Importação de bens e serviços (-)","Taxa trimestre contra trimestre imediatamente anterior",1.1
"201104","Importação de bens e serviços (-)","Taxa trimestre contra trimestre imediatamente anterior",2.7
"201201","Importação de bens e serviços (-)","Taxa trimestre contra trimestre imediatamente anterior",-3.9
"201202","Importação de bens e serviços (-)","Taxa trimestre contra trimestre imediatamente anterior",2.4
"201203","Importação de bens e serviços (-)","Taxa trimestre contra trimestre imediatamente anterior",-4.1
"201204","Importação de bens e serviços (-)","Taxa trimestre contra trimestre imediatamente anterior",6.1
"201301","Importação de bens e serviços (-)","Taxa trimestre contra trimestre imediatamente anterior",3.5
"201302","Importação de bens e serviços (-)","Taxa trimestre contra trimestre imediatamente anterior",1.3
"201303","Importação de bens e serviços (-)","Taxa trimestre contra trimestre imediatamente anterior",-1.8
"201304","Importação de bens e serviços (-)","Taxa trimestre contra trimestre imediatamente anterior",-0.3
"201401","Importação de bens e serviços (-)","Taxa trimestre contra trimestre imediatamente anterior",-0.1
"201402","Importação de bens e serviços (-)","Taxa trimestre contra trimestre imediatamente anterior",-1.7
"201403","Importação de bens e serviços (-)","Taxa trimestre contra trimestre imediatamente anterior",2.7
"201404","Importação de bens e serviços (-)","Taxa trimestre contra trimestre imediatamente anterior",-6
"201501","Importação de bens e serviços (-)","Taxa trimestre contra trimestre imediatamente anterior",-1
"201502","Importação de bens e serviços (-)","Taxa trimestre contra trimestre imediatamente anterior",-6.1
"201503","Importação de bens e serviços (-)","Taxa trimestre contra trimestre imediatamente anterior",-8.8
"201504","Importação de bens e serviços (-)","Taxa trimestre contra trimestre imediatamente anterior",-5.3
"201601","Importação de bens e serviços (-)","Taxa trimestre contra trimestre imediatamente anterior",-5.6
"201602","Importação de bens e serviços (-)","Taxa trimestre contra trimestre imediatamente anterior",10.7
"201603","Importação de bens e serviços (-)","Taxa trimestre contra trimestre imediatamente anterior",-6.5
"201604","Importação de bens e serviços (-)","Taxa trimestre contra trimestre imediatamente anterior",3.7
"201701","Importação de bens e serviços (-)","Taxa trimestre contra trimestre imediatamente anterior",3
"201702","Importação de bens e serviços (-)","Taxa trimestre contra trimestre imediatamente anterior",-0.1
"201703","Importação de bens e serviços (-)","Taxa trimestre contra trimestre imediatamente anterior",2.4
"201704","Importação de bens e serviços (-)","Taxa trimestre contra trimestre imediatamente anterior",4
"201801","Importação de bens e serviços (-)","Taxa trimestre contra trimestre imediatamente anterior",0.2
"201802","Importação de bens e serviços (-)","Taxa trimestre contra trimestre imediatamente anterior",-0.4
"201803","Importação de bens e serviços (-)","Taxa trimestre contra trimestre imediatamente anterior",9.2
"201804","Importação de bens e serviços (-)","Taxa trimestre contra trimestre imediatamente anterior",-6
"201901","Importação de bens e serviços (-)","Taxa trimestre contra trimestre imediatamente anterior",-3.5
"201902","Importação de bens e serviços (-)","Taxa trimestre contra trimestre imediatamente anterior",6.5
"201903","Importação de bens e serviços (-)","Taxa trimestre contra trimestre imediatamente anterior",4.3
"201904","Importação de bens e serviços (-)","Taxa trimestre contra trimestre imediatamente anterior",-6
"202001","Importação de bens e serviços (-)","Taxa trimestre contra trimestre imediatamente anterior",-0.5
"202002","Importação de bens e serviços (-)","Taxa trimestre contra trimestre imediatamente anterior",-12.3
"202003","Importação de bens e serviços (-)","Taxa trimestre contra trimestre imediatamente anterior",-7.8
"202004","Importação de bens e serviços (-)","Taxa trimestre contra trimestre imediatamente anterior",21.2
"202101","Importação de bens e serviços (-)","Taxa trimestre contra trimestre imediatamente anterior",12.9
"202102","Importação de bens e serviços (-)","Taxa trimestre contra trimestre imediatamente anterior",-3.8
"202103","Importação de bens e serviços (-)","Taxa trimestre contra trimestre imediatamente anterior",-6.3
"202104","Importação de bens e serviços (-)","Taxa trimestre contra trimestre imediatamente anterior",2.5
"202201","Importação de bens e serviços (-)","Taxa trimestre contra trimestre imediatamente anterior",-2.4
"202202","Importação de bens e serviços (-)","Taxa trimestre contra trimestre imediatamente anterior",5.6
"202203","Importação de bens e serviços (-)","Taxa trimestre contra trimestre imediatamente anterior",5.1
"202204","Importação de bens e serviços (-)","Taxa trimestre contra trimestre imediatamente anterior",-2.1
"202301","Importação de bens e serviços (-)","Taxa trimestre contra trimestre imediatamente anterior",-7.7
"202302","Importação de bens e serviços (-)","Taxa trimestre contra trimestre imediatamente anterior",5.6
"202303","Importação de bens e serviços (-)","Taxa trimestre contra trimestre imediatamente anterior",0.3
"202304","Importação de bens e serviços (-)","Taxa trimestre contra trimestre imediatamente anterior",2
"202401","Importação de bens e serviços (-)","Taxa trimestre contra trimestre imediatamente anterior",3.3
"202402","Importação de bens e serviços (-)","Taxa trimestre contra trimestre imediatamente anterior",8.6
"202403","Importação de bens e serviços (-)","Taxa trimestre contra trimestre imediatamente anterior",1.8
"202404","Importação de bens e serviços (-)","Taxa trimestre contra trimestre imediatamente anterior",0.8
"202501","Importação de bens e serviços (-)","Taxa trimestre contra trimestre imediatamente anterior",3.4
"202502","Importação de bens e serviços (-)","Taxa trimestre contra trimestre imediatamente anterior",-2.5
"202503","Importação de bens e serviços (-)","Taxa trimestre contra trimestre imediatamente anterior",0.5
"202504","Importação de bens e serviços (-)","Taxa trimestre contra trimestre imediatamente anterior",-1.1
"202601","Importação de bens e serviços (-)","Taxa trimestre contra trimestre imediatamente anterior",4.2
"202602","Importação de bens e serviços (-)","Taxa trimestre contra trimestre imediatamente anterior",1.8
